disease	source_disease	study_code	arm_id	comparison	metadata_path	profile_path	metadata_status_counts	metadata_rows_all	labeled_samples	profile_samples	profile_species	matched_samples	case_samples	control_samples	filtered_species	included_main	exclusion_reason	cv_auc_mean	cv_auc_sd
CRA	CRC	Feng_2015_CRC_Austria	CRA__CRC__Feng_2015_CRC_Austria	CRA arm extracted from CRC study: adenoma status vs CTR/control patient	CRC/Feng_2015_CRC_Austria/metadata_all_wide.tsv	CRC/Feng_2015_CRC_Austria/metaphlan4_species_Feng_2015_CRC_Austria_latest.tsv.gz	CTR:63; advanced colorectal adenoma:47; colorectal cancer:46	156	110	156	2016	110	47	63	837	True		0.6163247863247863	0.08081240649470572
CRA	CRC	Gao_2021_CRC	CRA__CRC__Gao_2021_CRC	CRA arm extracted from CRC study: adenoma status vs CTR/control patient	CRC/Gao_2021_CRC/metadata_all_wide.tsv	CRC/Gao_2021_CRC/metaphlan4_species_Gao_2021_CRC_latest.tsv.gz	CTR:47; colon adenoma:40; colorectal cancer:39	126	87	126	1348	87	40	47	487	True		0.9156944444444445	0.14041659797778297
CRA	CRA	Lee_2023_CRC	CRA__CRA__Lee_2023_CRC	CRA: adenoma/adenomatous status vs CTR/control patient	CRA/Lee_2023_CRC/metadata_all_wide.tsv	CRA/Lee_2023_CRC/metaphlan4_species_Lee_2023_CRC_latest.tsv.gz	CTR:552; sessile serrated adenoma:98; tubular adenoma of the colon:321	971	971	971	2434	971	419	552	1279	True		0.5302968478570889	0.03518562674121689
CRA	CRC	Liu_2022_CRC_China	CRA__CRC__Liu_2022_CRC_China	CRA arm extracted from CRC study: adenoma status vs CTR/control patient	CRC/Liu_2022_CRC_China/metadata_all_wide.tsv	CRC/Liu_2022_CRC_China/metaphlan4_species_Liu_2022_CRC_China_latest.tsv.gz	CTR:86; colorectal cancer:79	165	86	163	1732	85	0	85	0	False	insufficient_case_or_control_samples(case=0,control=85)		
CRA	CRC	Thomas_2019_CRC_Italy	CRA__CRC__Thomas_2019_CRC_Italy	CRA arm extracted from CRC study: adenoma status vs CTR/control patient	CRC/Thomas_2019_CRC_Italy/metadata_all_wide.tsv	CRC/Thomas_2019_CRC_Italy/metaphlan4_species_Thomas_2019_CRC_Italy_latest.tsv.gz	CTR:52; adenoma:27; colorectal cancer:61	140	79	140	1894	79	27	52	742	True		0.7213333333333333	0.265853322305207
CRA	CRC	Vogtmann_2016_CRC_USA	CRA__CRC__Vogtmann_2016_CRC_USA	CRA arm extracted from CRC study: adenoma status vs CTR/control patient	CRC/Vogtmann_2016_CRC_USA/metadata_all_wide.tsv	CRC/Vogtmann_2016_CRC_USA/metaphlan4_species_Vogtmann_2016_CRC_USA_latest.tsv.gz	CTR:52; colorectal cancer:52	104	52	104	1954	52	0	52	0	False	insufficient_case_or_control_samples(case=0,control=52)		
CRA	CRC	Wirbel_2019_CRC_Germany	CRA__CRC__Wirbel_2019_CRC_Germany	CRA arm extracted from CRC study: adenoma status vs CTR/control patient	CRC/Wirbel_2019_CRC_Germany/metadata_all_wide.tsv	CRC/Wirbel_2019_CRC_Germany/metaphlan4_species_Wirbel_2019_CRC_Germany_latest.tsv.gz	CTR:60; colorectal cancer:60	120	60	120	1989	60	0	60	0	False	insufficient_case_or_control_samples(case=0,control=60)		
CRA	CRC	Yachida_2019_CRC	CRA__CRC__Yachida_2019_CRC	CRA arm extracted from CRC study: adenoma status vs CTR/control patient	CRC/Yachida_2019_CRC/metadata_all_wide.tsv	CRC/Yachida_2019_CRC/metaphlan4_species_Yachida_2019_CRC_latest.tsv.gz	CTR:251; colorectal cancer:285; control patient:40; nonadvanced colorectal adenoma:67	643	358	641	2309	356	67	289	842	True		0.6088397386038039	0.060429378904059486
CRA	CRC	Yu_2017_CRC_China	CRA__CRC__Yu_2017_CRC_China	CRA arm extracted from CRC study: adenoma status vs CTR/control patient	CRC/Yu_2017_CRC_China/metadata_all_wide.tsv	CRC/Yu_2017_CRC_China/metaphlan4_species_Yu_2017_CRC_China_latest.tsv.gz	CTR:54; colorectal cancer:74	128	54	128	1667	54	0	54	0	False	insufficient_case_or_control_samples(case=0,control=54)		
CRA	CRC	Zeller_2014_CRC_France	CRA__CRC__Zeller_2014_CRC_France	CRA arm extracted from CRC study: adenoma status vs CTR/control patient	CRC/Zeller_2014_CRC_France/metadata_all_wide.tsv	CRC/Zeller_2014_CRC_France/metaphlan4_species_Zeller_2014_CRC_France_latest.tsv.gz	CTR:105; advanced colorectal adenoma:15; colorectal cancer:78	198	120	179	2529	114	15	99	1083	True		0.6884210526315789	0.05667796992258997
CRC	CRC	Feng_2015_CRC_Austria	CRC__CRC__Feng_2015_CRC_Austria	CRC: colorectal cancer vs CTR/control patient; adenoma samples excluded	CRC/Feng_2015_CRC_Austria/metadata_all_wide.tsv	CRC/Feng_2015_CRC_Austria/metaphlan4_species_Feng_2015_CRC_Austria_latest.tsv.gz	CTR:63; advanced colorectal adenoma:47; colorectal cancer:46	156	109	156	2016	109	46	63	898	True		0.8519159544159545	0.0662698115478066
CRC	CRC	Gao_2021_CRC	CRC__CRC__Gao_2021_CRC	CRC: colorectal cancer vs CTR/control patient; adenoma samples excluded	CRC/Gao_2021_CRC/metadata_all_wide.tsv	CRC/Gao_2021_CRC/metaphlan4_species_Gao_2021_CRC_latest.tsv.gz	CTR:47; colon adenoma:40; colorectal cancer:39	126	86	126	1348	86	39	47	508	True		0.9746825396825397	0.021192854036969612
CRC	CRC	Liu_2022_CRC_China	CRC__CRC__Liu_2022_CRC_China	CRC: colorectal cancer vs CTR/control patient; adenoma samples excluded	CRC/Liu_2022_CRC_China/metadata_all_wide.tsv	CRC/Liu_2022_CRC_China/metaphlan4_species_Liu_2022_CRC_China_latest.tsv.gz	CTR:86; colorectal cancer:79	165	165	163	1732	163	78	85	688	True		0.4989460784313726	0.037792476471830934
CRC	CRC	Thomas_2019_CRC_Italy	CRC__CRC__Thomas_2019_CRC_Italy	CRC: colorectal cancer vs CTR/control patient; adenoma samples excluded	CRC/Thomas_2019_CRC_Italy/metadata_all_wide.tsv	CRC/Thomas_2019_CRC_Italy/metaphlan4_species_Thomas_2019_CRC_Italy_latest.tsv.gz	CTR:52; adenoma:27; colorectal cancer:61	140	113	140	1894	113	61	52	811	True		0.7022960372960374	0.12509870838454493
CRC	CRC	Vogtmann_2016_CRC_USA	CRC__CRC__Vogtmann_2016_CRC_USA	CRC: colorectal cancer vs CTR/control patient; adenoma samples excluded	CRC/Vogtmann_2016_CRC_USA/metadata_all_wide.tsv	CRC/Vogtmann_2016_CRC_USA/metaphlan4_species_Vogtmann_2016_CRC_USA_latest.tsv.gz	CTR:52; colorectal cancer:52	104	104	104	1954	104	52	52	919	True		0.6883636363636364	0.09632374817670833
CRC	CRC	Wirbel_2019_CRC_Germany	CRC__CRC__Wirbel_2019_CRC_Germany	CRC: colorectal cancer vs CTR/control patient; adenoma samples excluded	CRC/Wirbel_2019_CRC_Germany/metadata_all_wide.tsv	CRC/Wirbel_2019_CRC_Germany/metaphlan4_species_Wirbel_2019_CRC_Germany_latest.tsv.gz	CTR:60; colorectal cancer:60	120	120	120	1989	120	60	60	978	True		0.8458333333333332	0.05082982304212583
CRC	CRC	Yachida_2019_CRC	CRC__CRC__Yachida_2019_CRC	CRC: colorectal cancer vs CTR/control patient; adenoma samples excluded	CRC/Yachida_2019_CRC/metadata_all_wide.tsv	CRC/Yachida_2019_CRC/metaphlan4_species_Yachida_2019_CRC_latest.tsv.gz	CTR:251; colorectal cancer:285; control patient:40; nonadvanced colorectal adenoma:67	643	576	641	2309	574	285	289	1005	True		0.6899677354305302	0.08959883708445604
CRC	CRC	Yu_2017_CRC_China	CRC__CRC__Yu_2017_CRC_China	CRC: colorectal cancer vs CTR/control patient; adenoma samples excluded	CRC/Yu_2017_CRC_China/metadata_all_wide.tsv	CRC/Yu_2017_CRC_China/metaphlan4_species_Yu_2017_CRC_China_latest.tsv.gz	CTR:54; colorectal cancer:74	128	128	128	1667	128	74	54	769	True		0.8292380952380952	0.0891111719118442
CRC	CRC	Zeller_2014_CRC_France	CRC__CRC__Zeller_2014_CRC_France	CRC: colorectal cancer vs CTR/control patient; adenoma samples excluded	CRC/Zeller_2014_CRC_France/metadata_all_wide.tsv	CRC/Zeller_2014_CRC_France/metaphlan4_species_Zeller_2014_CRC_France_latest.tsv.gz	CTR:105; advanced colorectal adenoma:15; colorectal cancer:78	198	183	179	2529	164	65	99	1093	True		0.7517813765182186	0.034853588273171296
IBD	IBD	Braun_2024_Crohn	IBD__IBD__Braun_2024_Crohn	IBD: Crohn/UC/IBD/indeterminate colitis vs CTR/control patient	IBD/Braun_2024_Crohn/metadata_all_wide.tsv	IBD/Braun_2024_Crohn/metaphlan4_species_Braun_2024_Crohn_latest.tsv.gz	CTR:21; Crohn's disease:17	38	38	38	800	38	17	21	471	True		0.5741666666666667	0.2539343200295873
IBD	IBD	Bushman_2020_pediatric_Cdiff_IBD	IBD__IBD__Bushman_2020_pediatric_Cdiff_IBD	IBD: Crohn/UC/IBD/indeterminate colitis vs CTR/control patient	IBD/Bushman_2020_pediatric_Cdiff_IBD/metadata_all_wide.tsv	IBD/Bushman_2020_pediatric_Cdiff_IBD/metaphlan4_species_Bushman_2020_pediatric_Cdiff_IBD_latest.tsv.gz	CTR:48; inflammatory bowel disease:79	127	127	127	1013	127	79	48	374	True		0.9945833333333333	0.009033118078616183
IBD	IBD	Damman_2015_FMT_UC	IBD__IBD__Damman_2015_FMT_UC	IBD: Crohn/UC/IBD/indeterminate colitis vs CTR/control patient	IBD/Damman_2015_FMT_UC/metadata_all_wide.tsv	IBD/Damman_2015_FMT_UC/metaphlan4_species_Damman_2015_FMT_UC_latest.tsv.gz	CTR:11; ulcerative colitis:30	41	41	41	951	41	30	11	615	True		0.925	0.1263812574008592
IBD	IBD	Douglas_2018_child_Crohn	IBD__IBD__Douglas_2018_child_Crohn	IBD: Crohn/UC/IBD/indeterminate colitis vs CTR/control patient	IBD/Douglas_2018_child_Crohn/metadata_all_wide.tsv	IBD/Douglas_2018_child_Crohn/metaphlan4_species_Douglas_2018_child_Crohn_latest.tsv.gz	CTR:20; Crohn's disease:20	40	40	38	156	38	18	20	71	True		0.6708333333333333	0.05187458165828639
IBD	IBD	Franzosa_2018_IBD	IBD__IBD__Franzosa_2018_IBD	IBD: Crohn/UC/IBD/indeterminate colitis vs CTR/control patient	IBD/Franzosa_2018_IBD/metadata_all_wide.tsv	IBD/Franzosa_2018_IBD/metaphlan4_species_Franzosa_2018_IBD_latest.tsv.gz	CTR:56; Crohn's disease:88; ulcerative colitis:76	220	220	220	1947	220	164	56	717	True		0.926769111570248	0.014806439901844232
IBD	IBD	Hall_2017_IBD	IBD__IBD__Hall_2017_IBD	IBD: Crohn/UC/IBD/indeterminate colitis vs CTR/control patient	IBD/Hall_2017_IBD/metadata_all_wide.tsv	IBD/Hall_2017_IBD/metaphlan4_species_Hall_2017_IBD_latest.tsv.gz	CTR:74; Crohn's disease:89; indeterminate colitis:12; ulcerative colitis:87	262	262	257	1315	257	184	73	635	True		0.9942084942084943	0.007959663369918248
IBD	IBD	He_2017_Crohn	IBD__IBD__He_2017_Crohn	IBD: Crohn/UC/IBD/indeterminate colitis vs CTR/control patient	IBD/He_2017_Crohn/metadata_all_wide.tsv	IBD/He_2017_Crohn/metaphlan4_species_He_2017_Crohn_latest.tsv.gz	CTR:54; Crohn's disease:63	117	117	117	1447	117	63	54	568	True		0.9892307692307692	0.024080732065382315
IBD	IBD	Kumbhari_2024_IBD	IBD__IBD__Kumbhari_2024_IBD	IBD: Crohn/UC/IBD/indeterminate colitis vs CTR/control patient	IBD/Kumbhari_2024_IBD/metadata_all_wide.tsv	IBD/Kumbhari_2024_IBD/metaphlan4_species_Kumbhari_2024_IBD_latest.tsv.gz	CTR:160; Crohn's disease:471; indeterminate colitis:15; ulcerative colitis:314	960	960	939	2341	939	783	156	1062	True		0.8359559227371148	0.05455903646395156
IBD	IBD	Lloyd-Price_2019_HMP2IBD	IBD__IBD__Lloyd-Price_2019_HMP2IBD	IBD: Crohn/UC/IBD/indeterminate colitis vs CTR/control patient	IBD/Lloyd-Price_2019_HMP2IBD/metadata_all_wide.tsv	IBD/Lloyd-Price_2019_HMP2IBD/metaphlan4_species_Lloyd-Price_2019_HMP2IBD_latest.tsv.gz	Crohn's disease:591; control patient:358; ulcerative colitis:367	1316	1316	1285	1573	1285	933	352	935	True		0.9925661947072001	0.005996387297965181
IBS	IBS	Mars_2020_IBS	IBS__IBS__Mars_2020_IBS	IBS: irritable bowel syndrome vs CTR/control patient	IBS/Mars_2020_IBS/metadata_all_wide.tsv	IBS/Mars_2020_IBS/metaphlan4_species_Mars_2020_IBS_latest.tsv.gz	CTR:152; irritable bowel syndrome:324	476	476	474	1098	474	323	151	465	True		0.946029544044665	0.03666664929807109
