disease	species	n_arms_tested	n_arms_total	n_diff_support	n_ml_support	required_support	direction	direction_consistency	meta_log2fc	meta_z	meta_p	median_rf_rank	mean_rf_importance	ml_stability	meta_q	rank_score	eligible_for_top_key	ml_stability_rank	strict_ml_supported	is_strict_key_species	is_top50_key_species
CRC	s__Fusobacterium_nucleatum	9	9	6	8	2	up	1.0	6.507226424272722	12.426884760213985	1.8677197946307305e-35	10.0	0.006943340980309535	0.711111111111111	1.5408688305703526e-32	354.21610471502106	True	5.0	True	True	True
CRC	s__Parvimonas_micra	9	9	7	7	2	up	1.0	5.834252260370377	12.594149484413222	2.2739780476664257e-36	9.0	0.008957465422144088	0.6444444444444444	3.752063778649603e-33	311.0958146869245	True	7.0	True	True	True
CRC	s__Gemella_morbillorum	9	9	6	8	2	up	0.8888888888888888	6.684227895373945	11.224773993758372	3.081733592082546e-29	16.0	0.00922020646157736	0.6444444444444444	1.6949534756454001e-26	251.79467655684263	True	7.0	True	True	True
CRC	s__Dialister_pneumosintes	9	9	6	6	2	up	0.8888888888888888	6.846960101353336	10.589050629666666	3.349718024779405e-26	33.0	0.005500811340471465	0.48888888888888893	1.1054069481772039e-23	208.02370116262514	True	16.0	True	True	True
CRC	s__Peptostreptococcus_stomatis	9	9	7	8	2	up	0.8888888888888888	6.2147401592578335	10.792939139435767	3.717080910211167e-27	15.0	0.00645146827736491	0.5777777777777778	1.5332958754621064e-24	207.56563779580813	True	13.0	True	True	True
CRC	s__Solobacterium_moorei	9	9	5	5	2	up	1.0	6.159218613103843	9.022666431336352	1.835658348803989e-19	113.0	0.0024513514992126786	0.2	5.04806045921097e-17	120.451222345556	True	85.0	True	True	True
CRC	s__Prevotella_intermedia	5	9	3	1	2	up	1.0	9.078647233343668	7.058710923960116	1.680542621906623e-12	319.0	0.00238201885841532	0.12000000000000002	3.9612790373513257e-10	95.60200754604095	True	156.0	True	True	True
CRC	s__Porphyromonas_asaccharolytica	3	9	2	1	2	up	1.0	9.144906163544121	4.355445703361658	1.3279643227949405e-05	623.0	0.0020939223055182433	0.20000000000000004	0.0005217002696694409	36.022651643577674	True	83.0	True	True	True
CRC	s__Ruminococcus_torques	9	9	3	8	2	up	1.0	1.0677052340896582	5.850659791822185	4.896268116212018e-09	29.0	0.006159077013065306	0.6000000000000001	6.732368659791524e-07	10.54351591708648	True	10.0	True	True	True
CRC	s__Solobacterium_SGB6829	8	9	2	4	2	up	1.0	1.5484406149486374	5.586648554209778	2.314935323091445e-08	152.0	0.002444958525362771	0.2	2.728316630786346e-06	10.338823828184088	True	85.0	True	True	True
CRC	s__Bacteroides_fragilis	9	9	2	7	2	up	1.0	1.3596229334908525	5.501448864763217	3.7668286666121866e-08	35.0	0.0046802888125537425	0.4	3.741516660236851e-06	10.330052360071765	True	27.0	True	True	True
CRC	s__Clostridium_symbiosum	9	9	3	7	2	up	0.8888888888888888	1.5194350582157636	5.497373528480652	3.854895952971301e-08	59.0	0.0040606030442797685	0.3777777777777778	3.741516660236851e-06	10.09868443981205	True	34.0	True	True	True
CRC	s__Faecalibacterium_prausnitzii	9	9	3	7	2	down	1.0	-0.6026959078821625	-6.727792462473472	1.7225636852529187e-11	25.0	0.005698595530639361	0.5333333333333333	3.552787600834145e-09	7.808403921763656	True	15.0	True	True	True
CRC	s__Bacteroides_nordii	9	9	2	3	2	up	0.8888888888888888	2.0763979699637867	4.344383122247623	1.3966757925770046e-05	194.0	0.0019150428929786299	0.1111111111111111	0.0005359337343609436	6.707819341423538	True	159.0	True	True	True
CRC	s__Eisenbergiella_tayi	9	9	2	4	2	up	0.7777777777777778	1.9064141952533595	4.32335673990442	1.536729408281738e-05	123.0	0.0030443895786089	0.2222222222222222	0.0005762735281056517	5.870616401162672	True	72.0	True	True	True
CRC	s__Faecalibacterium_SGB15346	9	9	2	6	2	down	1.0	-0.7853024914531155	-5.483715791776125	4.164836882501169e-08	73.0	0.003911821497672167	0.3111111111111111	3.817767142292738e-06	5.578670986701668	True	44.0	True	True	False
CRC	s__Clostridiales_bacterium_KLE1615	9	9	2	6	2	down	1.0	-0.8010644590827585	-5.379528843634907	7.468102938680377e-08	61.0	0.0033177783117794134	0.3111111111111111	6.082887268983663e-06	5.478168732299238	True	44.0	True	True	False
CRC	s__Enterocloster_bolteae	9	9	2	6	2	up	0.8888888888888888	1.2239256516531503	4.620314157862935	3.831594195880435e-06	55.0	0.004133175824434998	0.3333333333333333	0.00019756657572508491	5.373358580083981	True	40.0	True	True	False
CRC	s__Roseburia_intestinalis	9	9	3	7	2	down	0.7777777777777778	-0.6179801408988609	-6.058706616829783	1.372204072074771e-09	35.0	0.00562209067590584	0.5777777777777778	2.0583061081121566e-07	5.070772033276514	True	13.0	True	True	False
CRC	s__Clostridiaceae_bacterium	9	9	2	8	2	down	0.8888888888888888	-0.7249243681339491	-5.37304367985521	7.741856524161026e-08	48.0	0.005626301830309221	0.4666666666666667	6.082887268983663e-06	4.929467880026296	True	18.0	True	True	False
CRC	s__Ruthenibacterium_lactatiformans	9	9	3	8	2	up	0.7777777777777778	0.8236948782371311	5.03618160434453	4.749100184709469e-07	15.0	0.008473005843849853	0.6444444444444445	3.13440612190825e-05	4.744872120057894	True	6.0	True	True	False
CRC	s__GGB51441_SGB71759	9	9	2	4	2	down	1.0	-1.2613458914339941	-3.9252765990131326	8.663013643478123e-05	236.0	0.0020827042602761694	0.17777777777777778	0.002382328751956484	3.896687363446608	True	104.0	True	True	False
CRC	s__Enterocloster_clostridioformis	9	9	2	5	2	up	0.7777777777777778	2.3291310172489537	3.2135859635551483	0.0013108855109595868	188.0	0.002874920317524911	0.2222222222222222	0.01931215261681534	3.79536319628297	True	72.0	True	True	False
CRC	s__Mogibacterium_diversum	8	9	2	3	2	up	0.75	0.8005693807118762	4.436164295221059	9.157596593119623e-06	141.5	0.002323357573099905	0.2	0.00037775085946618447	2.4661660538602104	True	85.0	True	True	False
CRC	s__Enterocloster_aldenensis	9	9	2	6	2	up	0.7777777777777778	0.9154613630689578	3.6303888005894107	0.0002829946077667402	106.0	0.002711680335978193	0.17777777777777776	0.00576470497302619	1.8778298388158665	True	115.0	True	True	False
CRC	s__GGB58233_SGB79883	9	9	2	2	2	up	0.7777777777777778	1.5093886758532757	2.9126300915983063	0.0035839887919374793	223.0	0.0020156709526740002	0.13333333333333336	0.038905141491426584	1.875993101929918	True	138.0	True	True	False
CRC	s__Eubacterium_ventriosum	9	9	3	4	2	down	0.7777777777777778	-0.5772667580949326	-3.8771317976316007	0.0001056951091411257	162.0	0.002738748958318698	0.24444444444444446	0.002812853711013829	1.425256401096907	True	65.0	True	True	False
IBD	s__GGB3653_SGB4964	8	9	5	5	2	down	1.0	-2.762519757916595	-15.818402470086845	2.3231272643290116e-56	53.0	0.006434910245024632	0.425	3.940604622118086e-54	210.23140817303394	True	33.0	True	True	True
IBD	s__Clostridium_sp_AM49_4BH	8	9	7	6	2	down	0.875	-2.1344915061312633	-18.300533651541187	8.194232243568806e-75	78.0	0.005058461264819834	0.375	1.111957315452287e-71	182.21390957289265	True	48.0	True	True	True
IBD	s__GGB9365_SGB14341	8	9	6	3	2	down	0.875	-4.210163498115721	-13.300531312609216	2.2982931737042505e-40	291.0	0.002329796643281162	0.225	1.0754427023160923e-38	171.34267589865868	True	102.0	True	True	True
IBD	s__Alistipes_shahii	9	9	5	7	2	down	0.8888888888888888	-1.9708708636181398	-16.937609340043345	2.375854321016084e-64	41.0	0.005569688882150889	0.48888888888888893	6.448068627237652e-62	159.6071845795172	True	23.0	True	True	True
IBD	s__Oscillibacter_sp_MSJ_31	9	9	6	6	2	down	0.8888888888888888	-1.9964853899761714	-17.251245204103125	1.0951348742244813e-66	70.0	0.004116320415984569	0.4	4.953660081075404e-64	157.2824150475015	True	40.0	True	True	True
IBD	s__Oscillospiraceae_bacterium	8	9	5	3	2	down	0.875	-2.7120894551731047	-15.13315879537805	9.78820152614713e-52	233.5	0.003510938925400276	0.25	1.0217376516139734e-49	145.32334033604934	True	92.0	True	True	True
IBD	s__GGB9760_SGB15373	8	9	6	5	2	down	1.0	-2.009781191854364	-15.62935999794052	4.5939395780122064e-55	76.5	0.004345999165420173	0.30000000000000004	6.233976007362565e-53	136.39742891468347	True	73.0	True	True	True
IBD	s__Oscillospiraceae_bacterium_Marseille_Q3528	8	9	7	3	2	down	0.875	-2.672456049271709	-14.531783510625752	7.621004832725049e-48	167.0	0.003434272439762896	0.2	6.463564723754932e-46	126.80537855439373	True	112.0	True	True	True
IBD	s__Clostridiaceae_bacterium_Marseille_Q4145	7	9	4	3	2	down	0.8571428571428571	-2.3420353481235634	-14.296959652566281	2.2857964385042898e-46	198.0	0.0027126920933447335	0.2571428571428572	1.6325398773949057e-44	110.50395708238894	True	89.0	True	True	True
IBD	s__Gemmiger_formicilis	9	9	5	7	2	down	0.8888888888888888	-0.966820124709764	-17.740854435928785	2.0282727365336548e-70	35.0	0.011825969012531072	0.6666666666666666	1.3761830517380848e-67	95.76721986624457	True	7.0	True	True	True
IBD	s__GGB9699_SGB15216	8	9	5	3	2	down	0.875	-1.3079458677414968	-16.64323634017599	3.3880158030185774e-62	104.5	0.004124350492085446	0.375	6.567910635280299e-60	93.13102054296591	True	48.0	True	True	True
IBD	s__Clostridium_symbiosum	8	9	4	7	2	up	1.0	2.813648251364552	10.26610757243575	1.001648843453859e-24	70.5	0.008173214204781436	0.4	1.812316640755849e-23	89.58226188643954	True	40.0	True	True	True
IBD	s__Enterocloster_aldenensis	7	9	6	4	2	up	1.0	2.9443289431002357	10.175746278654708	2.5444203129933343e-24	108.0	0.0026953672629365343	0.2	4.426638929143531e-23	78.98077322663757	True	112.0	True	True	True
IBD	s__Eubacterium_siraeum	8	9	5	3	2	down	1.0	-1.5401190635851474	-13.378538597633524	8.071885092635537e-41	167.5	0.007297503872049262	0.325	3.9119814538237226e-39	78.37677351043051	True	67.0	True	True	True
IBD	s__Erysipelatoclostridium_ramosum	8	9	6	4	2	up	0.875	2.5472618479183926	10.756914878239492	5.498006255422829e-27	107.0	0.00305397655419972	0.30000000000000004	1.2434657481014632e-25	72.16355630706447	True	73.0	True	True	True
IBD	s__Enterocloster_bolteae	8	9	5	5	2	up	0.875	2.591568742465137	10.296682416413981	7.293331959114051e-25	57.0	0.003868831684706615	0.35	1.337439387637536e-23	70.02312153172132	True	58.0	True	True	False
IBD	s__Ruminococcus_bromii	8	9	6	5	2	down	1.0	-1.3675792675137857	-12.416583021368087	2.1244282323216902e-35	54.5	0.005094599433404283	0.425	7.586445029632983e-34	64.54419644064757	True	33.0	True	True	False
IBD	s__Faecalicatena_fissicatena	8	9	5	4	2	down	1.0	-1.1775771426259007	-13.999844638553347	1.5621184798009166e-44	129.0	0.0033495413193647006	0.25	1.059897388544922e-42	61.7856123635471	True	92.0	True	True	False
IBD	s__Lachnospira_sp_NSJ_43	8	9	5	3	2	down	0.875	-1.366516775878343	-13.842569863417884	1.4107147131747652e-43	168.5	0.002964942417226231	0.225	8.323216807731114e-42	60.17089420656125	True	102.0	True	True	False
IBD	s__Clostridiaceae_bacterium_AF18_31LB	8	9	5	6	2	down	0.875	-1.0317680798436846	-14.837968845729284	8.323831118507316e-50	47.5	0.004905330496191539	0.4	8.06817059129602e-48	59.52187566525903	True	40.0	True	True	False
IBD	s__Blautia_producta	8	9	5	3	2	up	0.875	2.879822635674666	9.087201180898338	1.0162123743409468e-19	187.0	0.00342919726779358	0.3	1.3929294868491565e-18	58.4928856668558	True	77.0	True	True	False
IBD	s__Bacteroidales_bacterium	5	9	3	1	2	down	0.8	-4.937913026151359	-7.549403667880573	4.372556677896771e-14	352.0	0.0016972884626989613	0.16	4.092109939245461e-13	56.76680569866231	True	135.0	True	True	False
IBD	s__Clostridiaceae_bacterium_Marseille_Q4143	8	9	5	3	2	down	0.875	-1.1803605977402056	-14.594798320206316	3.031077387299122e-48	130.0	0.004045439725866963	0.17500000000000002	2.742114676376606e-46	55.292036613836785	True	129.0	True	True	False
IBD	s__Clostridiales_bacterium_KLE1615	8	9	5	4	2	down	1.0	-1.1259813490533486	-12.38869605997677	3.0089608088679487e-35	97.0	0.010734329139616368	0.425	1.0469640558035402e-33	52.91729194451687	True	33.0	True	True	False
IBD	s__GGB2998_SGB3988	8	9	5	3	2	down	0.625	-1.3298359037559704	-15.648048583368967	3.4256363418564254e-55	151.5	0.002636495708282171	0.2	5.165098350999077e-53	52.14976903539392	True	112.0	True	True	False
IBD	s__Escherichia_coli	9	9	6	5	2	up	0.8888888888888888	2.690195093509181	8.100129125738095	5.49008842575634e-16	33.0	0.008254167019529765	0.4444444444444444	5.960039995001084e-15	49.13339391774317	True	29.0	True	True	False
IBD	s__Eubacterium_ventriosum	8	9	5	6	2	down	0.875	-0.9543107351189761	-13.985449209199524	1.912653596468921e-44	63.0	0.004611843436090361	0.4	1.235938538289679e-42	48.99174015599599	True	40.0	True	True	False
IBD	s__Lachnospiraceae_bacterium_CLA_AA_H244	9	9	5	7	2	down	0.7777777777777778	-0.8455940855321366	-14.445200984349825	2.687721312097464e-47	20.0	0.01082195582184961	0.6666666666666666	2.1454340120683875e-45	48.9629344675793	True	7.0	True	True	False
IBD	s__Oscillibacter_sp_ER4	9	9	5	6	2	down	0.8888888888888888	-1.1431587140194386	-13.120557511313136	2.5108100015983786e-39	96.0	0.002567069444100808	0.24444444444444446	1.0990868297319353e-37	46.735765219917276	True	97.0	True	True	False
IBD	s__Candidatus_Cibionibacter_quicibialis	9	9	5	8	2	down	1.0	-0.9100505114682843	-12.522680703832233	5.6107606326988684e-36	53.0	0.010657816055364781	0.5111111111111111	2.0577843725871255e-34	46.325389387222174	True	18.0	True	True	False
IBD	s__Flavonifractor_plautii	9	9	3	6	2	up	1.0	1.6041208963134659	9.212302455993711	3.19203192818547e-20	29.0	0.0069296769670193015	0.5555555555555556	4.465553944894518e-19	45.78905087071503	True	13.0	True	True	False
IBD	s__GGB9667_SGB15164	6	9	5	3	2	down	1.0	-1.259759254896996	-11.505620139425645	1.2359772803274161e-30	149.5	0.003446681200562308	0.2333333333333333	3.568555679583625e-29	44.1989800858071	True	99.0	True	True	False
IBD	s__Streptococcus_parasanguinis	8	9	4	3	2	up	1.0	3.4856871591751912	6.5812437222295	4.665291026082551e-11	111.5	0.006910386758037089	0.325	3.45945350950493e-10	43.695929599463064	True	67.0	True	True	False
IBD	s__Fusicatenibacter_sp_CLA_AA_H277	8	9	5	4	2	down	0.75	-1.5032633437728824	-10.8862529942065	1.3404242506290956e-27	71.0	0.007168934765696467	0.45	3.0829757764469194e-26	41.705403249963716	True	27.0	True	True	False
IBD	s__Lachnospiraceae_bacterium_AM48_27BH	9	9	5	3	2	down	0.7777777777777778	-1.0073855159665448	-14.374020843218009	7.532787664390368e-47	112.0	0.00307714663347893	0.20000000000000004	5.678884922543183e-45	41.60101355981474	True	108.0	True	True	False
IBD	s__Alistipes_finegoldii	9	9	5	8	2	down	0.7777777777777778	-0.8550023662705925	-13.396235372839577	6.360874871977766e-41	42.0	0.00744436159149056	0.6222222222222222	3.1969285930643806e-39	41.52795358945191	True	9.0	True	True	False
IBD	s__Alistipes_putredinis	9	9	5	8	2	down	0.7777777777777778	-0.8750688978036437	-13.5847429182091	4.932608465086833e-42	51.0	0.013523372725854419	0.5333333333333333	2.5744421873549354e-40	41.31543821096385	True	17.0	True	True	False
IBD	s__Vescimonas_coprocola	8	9	4	4	2	down	0.875	-0.7666168037451219	-13.636411901550817	2.4323720432124707e-42	71.5	0.004096818006322302	0.325	1.3753036927663845e-40	35.428846094122804	True	67.0	True	True	False
IBD	s__Barnesiella_intestinihominis	9	9	6	6	2	down	0.8888888888888888	-0.83073718616128	-12.93056449232441	3.0258901213722064e-38	93.0	0.005580493153258037	0.3333333333333333	1.2831665295944013e-36	35.33817359181343	True	62.0	True	True	False
IBD	s__Lawsonibacter_asaccharolyticus	8	9	3	6	2	down	1.0	-0.8401944484158961	-11.31678690566719	1.0837148623921208e-29	57.0	0.004477679277307562	0.42500000000000004	2.9412021365322157e-28	32.96280439599435	True	30.0	True	True	False
IBD	s__Ruminococcus_bicirculans	8	9	5	8	2	down	0.75	-1.354530112434801	-10.341365238081087	4.579661138844058e-25	54.5	0.005312178621924135	0.4	8.752957979452656e-24	32.794172871892556	True	40.0	True	True	False
IBD	s__Veillonella_parvula	7	9	4	3	2	up	1.0	3.181921720582754	5.99124275338719	2.082435233788463e-09	99.0	0.0034241994417340813	0.2571428571428572	1.261546701897743e-08	31.597414840105323	True	89.0	True	True	False
IBD	s__Ruminococcus_lactaris	8	9	5	4	2	down	1.0	-0.8760124092721797	-11.462922542696814	2.0256210256518578e-30	105.0	0.00500566398818757	0.225	5.609730064917491e-29	30.31663983299198	True	102.0	True	True	False
IBD	s__Ruminococcus_gnavus	9	9	6	5	2	up	0.8888888888888888	1.6294291738221438	7.335924666919621	2.2019585832617928e-13	31.0	0.007885179943986827	0.4000000000000001	1.9211073632048703e-12	23.757841677994197	True	38.0	True	True	False
IBD	s__Oscillospiraceae_bacterium_CLA_AA_H250	8	9	5	4	2	down	0.875	-0.887405310845048	-10.618461310138699	2.445589394785025e-26	122.5	0.00534408216531117	0.22499999999999998	4.953231057795939e-25	23.118719803896365	True	105.0	True	True	False
IBD	s__Clostridium_sp_AF36_4	9	9	4	4	2	down	0.7777777777777778	-0.8782292786071791	-10.65660225569865	1.6242332610372922e-26	95.0	0.008625126394123786	0.2888888888888889	3.3908992849655472e-25	21.543055614585402	True	80.0	True	True	False
IBD	s__Streptococcus_salivarius	8	9	4	3	2	up	1.0	2.265547925610906	5.7141648443895035	1.1024409338088818e-08	101.5	0.004619635119059454	0.275	6.05673015052086e-08	20.849036152458375	True	81.0	True	True	False
IBD	s__Simiaoa_sunii	8	9	4	3	2	down	0.625	-1.5004602629342019	-8.989636714654342	2.4804896446871125e-19	119.0	0.0038486882945286014	0.25	3.3326974731093188e-18	20.487383024173273	True	92.0	True	True	False
IBD	s__Brotolimicola_acetigignens	8	9	4	7	2	down	0.625	-0.5424602745533685	-12.34119127764777	5.434578362656436e-35	35.5	0.010255489020887808	0.575	1.770242038989832e-33	17.489037432089322	True	12.0	True	True	False
IBD	s__Mediterraneibacter_butyricigenes	7	9	4	3	2	down	0.7142857142857143	-1.143240169536445	-8.568655114996991	1.0470059065324565e-17	152.0	0.0028631615323285457	0.19999999999999998	1.2916245592404942e-16	15.56981763151193	True	123.0	True	True	False
IBD	s__Oscillibacter_valericigenes	8	9	3	5	2	down	0.875	-0.5747440576719306	-10.260703581652992	1.0593206555132368e-24	90.0	0.005391427913885233	0.30000000000000004	1.89144490727824e-23	14.855781616232058	True	73.0	True	True	False
IBD	s__Clostridium_fessum	8	9	5	6	2	down	0.75	-0.5103301592051989	-10.694450764524174	1.080579423879231e-26	57.0	0.004730630822199381	0.35	2.327533774927169e-25	12.728153588870294	True	58.0	True	True	False
IBD	s__Intestinibacter_bartlettii	8	9	4	3	2	up	0.875	1.4980169792477458	5.845842287636586	5.040113999169251e-09	160.0	0.0027358594391652118	0.22500000000000003	2.935379698228615e-08	12.094573155850757	True	100.0	True	True	False
IBD	s__Phocaeicola_coprocola	6	9	4	2	2	down	0.6666666666666666	-4.029019878064384	-3.70324509763561	0.00021285904970308895	287.5	0.0017512810486373517	0.26666666666666666	0.0006348345724111906	10.878255035201393	True	85.0	True	True	False
IBD	s__Clostridium_sp_AF20_17LB	8	9	2	4	2	up	0.875	1.7424684175103198	4.721227881897359	2.344251100680637e-06	81.0	0.004256758833785589	0.30000000000000004	9.324136673767365e-06	9.970526575702253	True	73.0	True	True	False
IBD	s__Mediterraneibacter_glycyrrhizinilyticus	8	9	4	4	2	up	0.875	1.1366641879445198	6.158760702087236	7.3316412531633e-10	113.5	0.0028220617028326994	0.17500000000000002	4.737636752639332e-09	9.728212137827702	True	129.0	True	True	False
IBD	s__Clostridium_innocuum	8	9	5	4	2	up	0.75	1.091444320867279	5.3141157810321555	1.0717646089749412e-07	130.5	0.003292388302432344	0.325	5.175745816295357e-07	6.817968232384933	True	67.0	True	True	False
IBD	s__Agathobaculum_butyriciproducens	8	9	4	5	2	down	0.625	-0.5544475009383772	-8.073801999646912	6.814234459597895e-16	63.0	0.006973470844649768	0.35000000000000003	7.281036347775074e-15	6.613879204270419	True	56.0	True	True	False
IBD	s__Eubacterium_rectale	9	9	4	9	2	down	0.7777777777777778	-0.8129093499707871	-5.16393386790558	2.418131593209945e-07	26.0	0.010065726977572236	0.7333333333333333	1.1048500242376753e-06	6.528076326964808	True	5.0	True	True	False
IBD	s__Clostridium_SGB4750	9	9	2	4	2	up	0.8888888888888888	0.5902334992148804	6.9240590930368775	4.3888269308263874e-12	134.0	0.0028082335654634485	0.17777777777777778	3.56685347114618e-11	6.455888096995009	True	125.0	True	True	False
IBD	s__Bacteroides_thetaiotaomicron	9	9	3	8	2	up	0.8888888888888888	1.0954147849207885	4.218768978439829	2.4563980447209062e-05	48.0	0.00948367718635987	0.6222222222222222	8.591062233727498e-05	6.4224212948428905	True	9.0	True	True	False
IBD	s__Streptococcus_thermophilus	8	9	4	3	2	up	0.75	2.085491966757632	3.878665829052559	0.0001050309178717505	133.5	0.002660703376088866	0.175	0.00032840312339162543	6.402285334728388	True	132.0	True	True	False
IBD	s__Anaerobutyricum_hallii	8	9	5	6	2	down	0.75	-0.6823102494996279	-6.007138530723547	1.8882617213368972e-09	67.0	0.006778447350380811	0.42500000000000004	1.1647141617518953e-08	5.7854642153538824	True	30.0	True	True	False
IBD	s__Blautia_stercoris	7	9	5	2	2	down	0.7142857142857143	-0.7270766329196917	-6.359664343600783	2.0219509572938489e-10	395.0	0.0023292937957476406	0.17142857142857146	1.3857512368928044e-09	5.389135089596078	True	134.0	True	True	False
IBD	s__Romboutsia_timonensis	8	9	4	4	2	up	0.75	1.340760920540236	3.9184612367271843	8.91160570958514e-05	78.0	0.003618742319509565	0.2	0.00028188925286496585	4.28363639398924	True	112.0	True	True	False
IBD	s__Veillonella_dispar	9	9	2	2	2	up	0.7777777777777778	2.030900429056253	2.9486634005781	0.0031915137306381407	213.0	0.0019969225356023194	0.2	0.007531972404306012	4.02433452504484	True	112.0	True	True	False
IBD	s__Roseburia_faecis	8	9	2	5	2	down	0.75	-0.5577700898527188	-5.524185163895567	3.310182259177327e-08	94.5	0.004955714735838022	0.275	1.7161766432263442e-07	3.6084657635220303	True	81.0	True	True	False
IBD	s__Blautia_massiliensis	8	9	4	5	2	down	0.625	-0.5504328156789663	-5.188722842587972	2.117412678263143e-07	68.0	0.00651798892678461	0.42500000000000004	9.873982833000291e-07	2.944075361049842	True	30.0	True	True	False
IBD	s__Lacrimispora_amygdalina	9	9	3	4	2	up	0.8888888888888888	1.0926983550411793	2.3949007167790897	0.016624866237388503	93.0	0.007813096761701017	0.3333333333333333	0.03337269746173994	1.9122819378618445	True	62.0	True	True	False
IBD	s__Ruminococcus_torques	9	9	2	6	2	up	0.8888888888888888	0.7034020731079823	2.7382054133178024	0.006177547737440185	75.0	0.0052532094720567695	0.3333333333333333	0.013608656298224563	1.5557667852214885	True	62.0	True	True	False
IBS	s__GGB3433_SGB4573	1	1	1	1	1	up	1.0	7.598479740927933	6.322356953940293	2.576034575269002e-10	4.0	0.014466818628600445	1.0	5.98928038750043e-08	109.76194487243254	True	1.0	True	True	True
IBS	s__GGB3345_SGB4425	1	1	1	1	1	down	1.0	-4.61861943128656	-7.569185139114732	3.7557257849756153e-14	3.0	0.015153973053054909	1.0	1.746412490013661e-11	99.37285939174498	True	1.0	True	True	True
IBS	s__Streptococcus_parasanguinis	1	1	1	1	1	up	1.0	5.663057825621514	5.533181377940246	3.144739782172141e-08	5.0	0.013210367163733342	1.0	2.0890057124429218e-06	64.33302068416205	True	1.0	True	True	True
IBS	s__Oscillibacter_sp_ER4	1	1	1	1	1	down	1.0	-1.6521164923508274	-6.211445090529639	5.249953648622206e-10	7.0	0.012641805817030224	1.0	8.13742815536442e-08	23.42540214745311	True	1.0	True	True	True
IBS	s__Streptococcus_salivarius	1	1	1	1	1	up	1.0	1.8402974982020062	5.503626061824442	3.720582702198927e-08	2.0	0.015155545930532956	1.0	2.1625886956531264e-06	20.85066661324845	True	1.0	True	True	True
IBS	s__Parasutterella_excrementihominis	1	1	1	1	1	up	1.0	3.01204138971787	4.380933978734597	1.1817167637835971e-05	26.0	0.007802504887287178	0.8	0.00018948217074461125	20.18181275250999	True	27.0	True	True	True
IBS	s__Wujia_chipingensis	1	1	1	1	1	down	1.0	-2.0046167875655185	-5.650526294045801	1.599573357183987e-08	45.0	0.006423164238903807	0.6000000000000001	1.487603222181108e-06	18.69108826926097	True	38.0	True	True	True
IBS	s__Blautia_hydrogenotrophica	1	1	1	1	1	up	1.0	2.6520743585183495	4.172637433190594	3.0109386951953433e-05	23.0	0.008204605793281963	1.0	0.00041179014507818665	17.95626222232681	True	1.0	True	True	True
IBS	s__Faecalicatena_fissicatena	1	1	1	1	1	down	1.0	-1.0250136804367367	-5.982926888208135	2.191631592408559e-09	12.0	0.010907949442572704	1.0	2.54777172617495e-07	13.517551360056261	True	1.0	True	True	True
IBS	s__Sutterella_wadsworthensis	1	1	1	1	1	down	1.0	-1.4200534597561227	-5.1264136917157845	2.9531333908040154e-07	22.0	0.008491705347487596	0.8	1.0563130974798978e-05	12.719664797207141	True	27.0	True	True	True
IBS	s__Monoglobus_pectinilyticus	1	1	1	1	1	up	1.0	2.48243431771955	3.5399415219108636	0.0004002157018337339	8.0	0.012018985472695719	1.0	0.0030508246123391192	12.489537938150036	True	1.0	True	True	True
IBS	s__Blautia_caecimuris	1	1	1	1	1	up	1.0	1.1596774852419145	5.294480656609681	1.1935512156709778e-07	6.0	0.012894191420899993	1.0	5.5500131528700465e-06	12.189847805857452	True	1.0	True	True	True
IBS	s__Coprococcus_eutactus	1	1	1	1	1	down	1.0	-1.4515978704066863	-4.548229168299816	5.409920665701444e-06	30.0	0.007693268888126107	0.8	0.00010062452438204685	10.444439866218065	True	27.0	True	True	True
IBS	s__Faecalibacterium_SGB15346	1	1	1	1	1	down	1.0	-1.1339947084255988	-5.276077743289277	1.319781161251229e-07	27.0	0.007764810044077846	0.6000000000000001	5.57907490892565e-06	9.531793079380304	True	38.0	True	True	True
IBS	s__Faecalibacterium_sp_CLA_AA_H233	1	1	1	1	1	down	1.0	-1.0167562955361384	-5.560295762929827	2.693178527093328e-08	10.0	0.01099995769806497	0.6000000000000001	2.087213358497329e-06	9.240985873684316	True	38.0	True	True	True
IBS	s__Ruminococcus_torques	1	1	1	1	1	up	1.0	0.8596028627171458	4.572325787862083	4.8234021071898035e-06	14.0	0.010339555900213317	1.0	9.345341582680244e-05	6.927375836716142	True	1.0	True	True	True
IBS	s__Phocaeicola_massiliensis	1	1	1	1	1	down	1.0	-1.253853570195818	-3.765949205061823	0.00016591752422301007	35.0	0.006992832436317613	0.8	0.0014287342363648089	6.421093703322722	True	27.0	True	True	True
IBS	s__Bifidobacterium_adolescentis	1	1	1	1	1	down	1.0	-0.5650220872622487	-5.297909813436754	1.1713579260063736e-07	1.0	0.015205579846934145	1.0	5.5500131528700465e-06	5.939179934357306	True	1.0	True	True	True
IBS	s__Lachnospira_pectinoschiza	1	1	1	1	1	down	1.0	-0.8021748346659082	-4.292888012885939	1.7636397187441037e-05	32.0	0.007151992232544938	1.0	0.0002645459578116156	5.739559129086835	True	1.0	True	True	True
IBS	s__Dorea_sp_AF36_15AT	1	1	1	1	1	up	1.0	1.642045859714202	3.027548530957995	0.0024654612201429546	38.0	0.006890573776225661	0.8	0.01288134232996038	5.586354925657817	True	27.0	True	True	True
IBS	s__Segatella_copri	1	1	1	1	1	down	1.0	-1.295644851760466	-3.8679866671838457	0.00010973766343128798	40.0	0.006823923630171702	0.4	0.0010630836144906023	5.393517652197407	True	49.0	True	True	True
IBS	s__Evtepia_gabavorous	1	1	1	1	1	up	1.0	1.0549144789716767	3.3313530880262165	0.0008642490477970232	28.0	0.007746683234515367	0.8	0.005741082960365939	4.255325755211176	True	27.0	True	True	True
IBS	s__Brotolimicola_acetigignens	1	1	1	1	1	down	1.0	-0.8512019779657578	-3.6480933038415966	0.00026419370024251	36.0	0.006953524133547695	0.6000000000000001	0.0021403764980843496	3.635667271011562	True	38.0	True	True	True
IBS	s__Ruthenibacterium_lactatiformans	1	1	1	1	1	up	1.0	0.8778250025334571	3.3214219207685036	0.0008956003684532696	34.0	0.007088934110538955	0.8	0.00586555170888409	3.5262616928810187	True	27.0	True	True	True
IBS	s__GGB9760_SGB15373	1	1	1	1	1	down	1.0	-0.6736039607917443	-3.797167449151266	0.0001463589277525241	49.0	0.005788902492522495	0.4	0.0013447088965971314	2.707834310613896	True	49.0	True	True	True
IBS	s__Alistipes_putredinis	1	1	1	1	1	down	1.0	-0.5297047852651545	-3.6905974070990744	0.00022372799440141257	24.0	0.00788880194661688	0.8	0.0018577413820831579	2.6039368419921276	True	27.0	True	True	True
IBS	s__Phocaeicola_dorei	1	1	1	1	1	up	1.0	0.6582948897046101	2.911089852737486	0.00360170425585267	18.0	0.009780556244722117	1.0	0.017089719173178485	2.3267631336258634	True	1.0	True	True	True
IBS	s__Bacteroides_thetaiotaomicron	1	1	1	1	1	up	1.0	0.9198332646062082	2.502318993061232	0.012338269911033163	63.0	0.0048988396707248	0.4	0.043137560215266324	1.757987349807367	True	49.0	True	True	True
IBS	s__Blautia_faecis	1	1	1	1	1	up	1.0	0.5526548271617271	2.4669143210675926	0.013628296245867946	11.0	0.010909197593087179	1.0	0.04625662594400434	1.4753961185444868	True	1.0	True	True	True
IBS	s__Agathobaculum_butyriciproducens	1	1	1	1	1	down	1.0	-0.6231850114573938	-2.329082782635526	0.01985468061240749	65.0	0.004857899234251221	0.4	0.06170492539027841	1.05539636950835	True	49.0	True	True	True
