diseases	n_diseases	set_sizes	background_size	shared_count	jaccard	overlap_coefficient	expected_hypergeom	expected_permutation	observed_expected_ratio	hypergeom_p	permutation_p	shared_species	hypergeom_q	permutation_q	passes_large_overlap_rule
CRA|CRC	2	50|50	1817	2	0.02040816326530612	0.04	1.3758943313153549	1.3632	1.4671361502347418	0.40334460998936705	0.4016598340165983	s__Fusobacterium_nucleatum;s__Mogibacterium_timidum	0.6660657999219535	1.0	False
CRA|IBD	2	50|50	1801	2	0.02040816326530612	0.04	1.38811771238201	1.3993	1.4292860716072322	0.4077256391699294	0.4072592740725927	s__Alistipes_shahii;s__GGB9758_SGB15368	0.6660657999219535	1.0	False
CRA|IBS	2	50|50	1629	1	0.010101010101010102	0.02	1.5346838551258442	1.5188	0.6584145377929945	0.7946508869714318	0.7922207779222078	s__Phocaeicola_massiliensis	0.7946508869714318	1.0	False
CRC|IBD	2	50|50	1843	2	0.02040816326530612	0.04	1.3564839934888768	1.3504	1.481042654028436	0.39636054249617125	0.395960403959604	s__Clostridium_symbiosum;s__Dialister_pneumosintes	0.6660657999219535	1.0	False
CRC|IBS	2	50|50	1662	2	0.02040816326530612	0.04	1.5042117930204573	1.4985	1.3346680013346681	0.44861474502356735	0.44655534446555345	s__Bacteroides_fragilis;s__Ruminococcus_torques	0.6660657999219535	1.0	False
IBD|IBS	2	50|50	1366	2	0.02040816326530612	0.04	1.8301610541727673	1.8142	1.1024142872891634	0.5550548332682945	0.5545445455454454	s__GGB9760_SGB15373;s__Wujia_chipingensis	0.6660657999219535	1.0	False
CRA|CRC|IBD	3	50|50|50	1935	0	0.0	0.0		0.034	0.0		1.0			1.0	False
CRA|CRC|IBS	3	50|50|50	1819	0	0.0	0.0		0.0381	0.0		1.0			1.0	False
CRA|IBD|IBS	3	50|50|50	1804	0	0.0	0.0		0.0399	0.0		1.0			1.0	False
CRC|IBD|IBS	3	50|50|50	1847	0	0.0	0.0		0.037	0.0		1.0			1.0	False
CRA|CRC|IBD|IBS	4	50|50|50|50	1937	0	0.0	0.0		0.0007	0.0		1.0			1.0	False
