sensitivity	diseases	n_diseases	set_sizes	background_size	shared_count	jaccard	overlap_coefficient	expected_hypergeom	expected_permutation	observed_expected_ratio	hypergeom_p	permutation_p	shared_species	hypergeom_q	permutation_q	passes_large_overlap_rule
top_25	CRA|CRC	2	25|25	1817	0	0.0	0.0	0.3439735828288387	0.325	0.0	1.0	1.0		1.0	1.0	False
top_25	CRA|IBD	2	25|25	1801	1	0.02040816326530612	0.04	0.3470294280955025	0.353	2.8328611898017	0.2965981797004786	0.3023488255872064	s__Alistipes_shahii	0.4469335268112934	0.8179910044977511	False
top_25	CRA|IBS	2	25|25	1629	1	0.02040816326530612	0.04	0.38367096378146104	0.3705	2.699055330634278	0.32263512902525804	0.3073463268365817	s__Phocaeicola_massiliensis	0.4469335268112934	0.8179910044977511	False
top_25	CRC|IBD	2	25|25	1843	1	0.02040816326530612	0.04	0.3391209983722192	0.326	3.067484662576687	0.29085883823108627	0.2843578210894553	s__Dialister_pneumosintes	0.4469335268112934	0.8179910044977511	False
top_25	CRC|IBS	2	25|25	1662	1	0.02040816326530612	0.04	0.3760529482551143	0.392	2.5510204081632653	0.31729621214325576	0.33233383308345826	s__Ruminococcus_torques	0.4469335268112934	0.8179910044977511	False
top_25	IBD|IBS	2	25|25	1366	1	0.02040816326530612	0.04	0.4575402635431918	0.449	2.2271714922048997	0.3724446056760778	0.37181409295352325	s__Wujia_chipingensis	0.4469335268112934	0.8179910044977511	False
top_25	CRA|CRC|IBD	3	25|25|25	1935	0	0.0	0.0		0.0045	0.0		1.0			1.0	False
top_25	CRA|CRC|IBS	3	25|25|25	1819	0	0.0	0.0		0.0035	0.0		1.0			1.0	False
top_25	CRA|IBD|IBS	3	25|25|25	1804	0	0.0	0.0		0.004	0.0		1.0			1.0	False
top_25	CRC|IBD|IBS	3	25|25|25	1847	0	0.0	0.0		0.0035	0.0		1.0			1.0	False
top_25	CRA|CRC|IBD|IBS	4	25|25|25|25	1937	0	0.0	0.0		0.0			1.0			1.0	False
top_50	CRA|CRC	2	50|50	1817	2	0.02040816326530612	0.04	1.3758943313153549	1.374	1.455604075691412	0.40334460998936705	0.4057971014492754	s__Fusobacterium_nucleatum;s__Mogibacterium_timidum	0.6660657999219535	1.0	False
top_50	CRA|IBD	2	50|50	1801	2	0.02040816326530612	0.04	1.38811771238201	1.3845	1.4445648248465148	0.4077256391699294	0.41629185407296354	s__Alistipes_shahii;s__GGB9758_SGB15368	0.6660657999219535	1.0	False
top_50	CRA|IBS	2	50|50	1629	1	0.010101010101010102	0.02	1.5346838551258442	1.5295	0.6538084341288002	0.7946508869714318	0.791104447776112	s__Phocaeicola_massiliensis	0.7946508869714318	1.0	False
top_50	CRC|IBD	2	50|50	1843	2	0.02040816326530612	0.04	1.3564839934888768	1.3245	1.5100037750094375	0.39636054249617125	0.3793103448275862	s__Clostridium_symbiosum;s__Dialister_pneumosintes	0.6660657999219535	1.0	False
top_50	CRC|IBS	2	50|50	1662	2	0.02040816326530612	0.04	1.5042117930204573	1.5115	1.3231888852133642	0.44861474502356735	0.4447776111944028	s__Bacteroides_fragilis;s__Ruminococcus_torques	0.6660657999219535	1.0	False
top_50	IBD|IBS	2	50|50	1366	2	0.02040816326530612	0.04	1.8301610541727673	1.776	1.1261261261261262	0.5550548332682945	0.5347326336831584	s__GGB9760_SGB15373;s__Wujia_chipingensis	0.6660657999219535	1.0	False
top_50	CRA|CRC|IBD	3	50|50|50	1935	0	0.0	0.0		0.032	0.0		1.0			1.0	False
top_50	CRA|CRC|IBS	3	50|50|50	1819	0	0.0	0.0		0.0325	0.0		1.0			1.0	False
top_50	CRA|IBD|IBS	3	50|50|50	1804	0	0.0	0.0		0.04	0.0		1.0			1.0	False
top_50	CRC|IBD|IBS	3	50|50|50	1847	0	0.0	0.0		0.0355	0.0		1.0			1.0	False
top_50	CRA|CRC|IBD|IBS	4	50|50|50|50	1937	0	0.0	0.0		0.0005	0.0		1.0			1.0	False
top_100	CRA|CRC	2	100|100	1817	10	0.05263157894736842	0.1	5.5035773252614195	5.513	1.813894431344096	0.044004295436529436	0.049475262368815595	s__Clostridiales_bacterium_KLE1615;s__Fusobacterium_nucleatum;s__GGB1568_SGB2155;s__GGB51269_SGB5061;s__GGB9603_SGB15035;s__GGB9758_SGB15368;s__Granulicatella_adiacens;s__Haemophilus_haemolyticus;s__Lachnospira_SGB5083;s__Mogibacterium_timidum	0.08800859087305886	0.09070464767616193	False
top_100	CRA|IBD	2	100|100	1801	6	0.030927835051546393	0.06	5.55247084952804	5.537	1.083619288423334	0.48522624720909724	0.4912543728135932	s__Alistipes_shahii;s__Bifidobacterium_breve;s__Clostridiales_bacterium_KLE1615;s__Fusobacterium_nucleatum;s__GGB9667_SGB15164;s__GGB9758_SGB15368	0.5822714966509167	0.5403798100949525	False
top_100	CRA|IBS	2	100|81	1629	3	0.016853932584269662	0.037037037037037035	4.972375690607735	4.9845	0.6018657839301836	0.8871527909437782	0.8860569715142429	s__Alistipes_shahii;s__Clostridiales_bacterium_KLE1615;s__Phocaeicola_massiliensis	0.8871527909437781	0.8860569715142429	False
top_100	CRC|IBD	2	100|100	1843	10	0.05263157894736842	0.1	5.425935973955507	5.349	1.8695083193120208	0.04052116911481808	0.04097951024487756	s__Anaerococcus_obesiensis;s__Clostridiales_bacterium_KLE1615;s__Clostridium_symbiosum;s__Dialister_pneumosintes;s__Enterocloster_bolteae;s__Enterocloster_clostridioformis;s__Fusobacterium_nucleatum;s__GGB9758_SGB15368;s__Gemella_morbillorum;s__Peptostreptococcus_stomatis	0.08800859087305886	0.09015492253873063	False
top_100	CRC|IBS	2	100|81	1662	8	0.046242774566473986	0.09876543209876543	4.873646209386282	4.8975	1.6334864726901481	0.10854068304902838	0.11294352823588207	s__Bacteroides_caccae;s__Bacteroides_fragilis;s__Clostridiales_bacterium_KLE1615;s__Faecalibacterium_SGB15346;s__Faecalibacterium_prausnitzii;s__Fusicatenibacter_saccharivorans;s__Ruminococcus_torques;s__Ruthenibacterium_lactatiformans	0.16281102457354257	0.17748268722781466	False
top_100	IBD|IBS	2	100|81	1366	12	0.07100591715976332	0.14814814814814814	5.929721815519766	5.98	2.0066889632107023	0.01202148911287551	0.01249375312343828	s__Alistipes_shahii;s__Candidatus_Cibionibacter_quicibialis;s__Clostridiales_bacterium_KLE1615;s__Coprococcus_eutactus;s__Eubacterium_ventriosum;s__Faecalicatena_fissicatena;s__GGB9760_SGB15373;s__Gemmiger_formicilis;s__Lachnospiraceae_bacterium_CLA_AA_H244;s__Oscillibacter_sp_ER4;s__Ruminococcus_bromii;s__Wujia_chipingensis	0.07212893467725306	0.053140096618357495	False
top_100	CRA|CRC|IBD	3	100|100|100	1935	3	0.010830324909747292	0.03		0.25	12.0		0.001999000499750125	s__Clostridiales_bacterium_KLE1615;s__Fusobacterium_nucleatum;s__GGB9758_SGB15368		0.021989005497251374	False
top_100	CRA|CRC|IBS	3	100|100|81	1819	1	0.0038314176245210726	0.012345679012345678		0.2585	3.8684719535783363		0.22638680659670166	s__Clostridiales_bacterium_KLE1615		0.27669498584041313	False
top_100	CRA|IBD|IBS	3	100|100|81	1804	2	0.007633587786259542	0.024691358024691357		0.2705	7.393715341959334		0.028985507246376812	s__Alistipes_shahii;s__Clostridiales_bacterium_KLE1615		0.07971014492753624	False
top_100	CRC|IBD|IBS	3	100|100|81	1847	1	0.003968253968253968	0.012345679012345678		0.251	3.9840637450199203		0.223888055972014	s__Clostridiales_bacterium_KLE1615		0.27669498584041313	False
top_100	CRA|CRC|IBD|IBS	4	100|100|100|81	1937	1	0.0029585798816568047	0.012345679012345678		0.014	71.42857142857143		0.014492753623188406	s__Clostridiales_bacterium_KLE1615		0.053140096618357495	False
top50_named_species_only	CRA|CRC	2	50|50	1817	5	0.05263157894736842	0.1	1.3758943313153549	1.374	3.6390101892285296	0.01071442920286331	0.010494752623688156	s__Clostridiales_bacterium_KLE1615;s__Fusobacterium_nucleatum;s__Granulicatella_adiacens;s__Haemophilus_haemolyticus;s__Mogibacterium_timidum	0.021428858405726624	0.023088455772113943	False
top50_named_species_only	CRA|IBD	2	50|50	1801	4	0.041666666666666664	0.08	1.38811771238201	1.3845	2.8891296496930297	0.04736837114653807	0.04897551224387806	s__Alistipes_shahii;s__Bifidobacterium_breve;s__Clostridiales_bacterium_KLE1615;s__Fusobacterium_nucleatum	0.05684204537584568	0.05387306346826587	False
top50_named_species_only	CRA|IBS	2	50|50	1629	2	0.02040816326530612	0.04	1.5346838551258442	1.5295	1.3076168682576004	0.4591131205848827	0.44427786106946526	s__Clostridiales_bacterium_KLE1615;s__Phocaeicola_massiliensis	0.4591131205848827	0.44427786106946526	False
top50_named_species_only	CRC|IBD	2	50|50	1843	9	0.0989010989010989	0.18	1.3564839934888768	1.3245	6.795016987542469	4.095982281403721e-06	0.0004997501249375312	s__Anaerococcus_obesiensis;s__Clostridiales_bacterium_KLE1615;s__Clostridium_symbiosum;s__Dialister_pneumosintes;s__Enterocloster_bolteae;s__Enterocloster_clostridioformis;s__Fusobacterium_nucleatum;s__Gemella_morbillorum;s__Peptostreptococcus_stomatis	2.4575893688422325e-05	0.002748625687156422	False
top50_named_species_only	CRC|IBS	2	50|50	1662	5	0.05263157894736842	0.1	1.5042117930204573	1.5115	3.3079722130334104	0.015330487488083785	0.018490754622688656	s__Bacteroides_fragilis;s__Clostridiales_bacterium_KLE1615;s__Faecalibacterium_prausnitzii;s__Ruminococcus_torques;s__Ruthenibacterium_lactatiformans	0.022995731232125678	0.03389971680826254	False
top50_named_species_only	IBD|IBS	2	50|50	1366	7	0.07526881720430108	0.14	1.8301610541727673	1.776	3.9414414414414414	0.0017136040799259644	0.0014992503748125937	s__Clostridiales_bacterium_KLE1615;s__Coprococcus_eutactus;s__Faecalicatena_fissicatena;s__Gemmiger_formicilis;s__Oscillibacter_sp_ER4;s__Ruminococcus_bromii;s__Wujia_chipingensis	0.0051408122397778935	0.004122938530734633	False
top50_named_species_only	CRA|CRC|IBD	3	50|50|50	1935	2	0.014925373134328358	0.04		0.032	62.5		0.0004997501249375312	s__Clostridiales_bacterium_KLE1615;s__Fusobacterium_nucleatum		0.002748625687156422	False
top50_named_species_only	CRA|CRC|IBS	3	50|50|50	1819	1	0.007194244604316547	0.02		0.0325	30.769230769230766		0.031984007996002	s__Clostridiales_bacterium_KLE1615		0.048864456660558615	False
top50_named_species_only	CRA|IBD|IBS	3	50|50|50	1804	1	0.007246376811594203	0.02		0.04	25.0		0.0399800099950025	s__Clostridiales_bacterium_KLE1615		0.048864456660558615	False
top50_named_species_only	CRC|IBD|IBS	3	50|50|50	1847	1	0.007692307692307693	0.02		0.0355	28.169014084507044		0.035982008995502246	s__Clostridiales_bacterium_KLE1615		0.048864456660558615	False
top50_named_species_only	CRA|CRC|IBD|IBS	4	50|50|50|50	1937	1	0.005813953488372093	0.02		0.0005	2000.0		0.0009995002498750624	s__Clostridiales_bacterium_KLE1615		0.003664834249541896	False
strict_only	CRA|CRC	2	0|27	1817	0	0.0		0.0	0.0		1.0	1.0		1.0	1.0	False
strict_only	CRA|IBD	2	0|70	1801	0	0.0		0.0	0.0		1.0	1.0		1.0	1.0	False
strict_only	CRA|IBS	2	0|30	1629	0	0.0		0.0	0.0		1.0	1.0		1.0	1.0	False
strict_only	CRC|IBD	2	27|70	1843	6	0.06593406593406594	0.2222222222222222	1.0255018990775908	1.06	5.660377358490566	0.0003808374671135925	0.0009995002498750624	s__Clostridiales_bacterium_KLE1615;s__Clostridium_symbiosum;s__Enterocloster_aldenensis;s__Enterocloster_bolteae;s__Eubacterium_ventriosum;s__Ruminococcus_torques	0.0011425124013407775	0.005497251374312844	False
strict_only	CRC|IBS	2	27|30	1662	3	0.05555555555555555	0.1111111111111111	0.48736462093862815	0.4855	6.179196704428424	0.011594075867392993	0.009995002498750625	s__Faecalibacterium_SGB15346;s__Ruminococcus_torques;s__Ruthenibacterium_lactatiformans	0.023188151734785986	0.03664834249541896	False
strict_only	IBD|IBS	2	70|30	1366	10	0.1111111111111111	0.3333333333333333	1.5373352855051245	1.515	6.6006600660066015	8.672689485221197e-07	0.0004997501249375312	s__Agathobaculum_butyriciproducens;s__Alistipes_putredinis;s__Bacteroides_thetaiotaomicron;s__Brotolimicola_acetigignens;s__Faecalicatena_fissicatena;s__GGB9760_SGB15373;s__Oscillibacter_sp_ER4;s__Ruminococcus_torques;s__Streptococcus_parasanguinis;s__Streptococcus_salivarius	5.2036136911327185e-06	0.005497251374312844	True
strict_only	CRA|CRC|IBD	3	0|27|70	1935	0	0.0			0.0			1.0			1.0	False
strict_only	CRA|CRC|IBS	3	0|27|30	1819	0	0.0			0.0			1.0			1.0	False
strict_only	CRA|IBD|IBS	3	0|70|30	1804	0	0.0			0.0			1.0			1.0	False
strict_only	CRC|IBD|IBS	3	27|70|30	1847	1	0.009174311926605505	0.037037037037037035		0.015	66.66666666666667		0.015492253873063468	s__Ruminococcus_torques		0.04260369815092454	False
strict_only	CRA|CRC|IBD|IBS	4	0|27|70|30	1937	0	0.0			0.0			1.0			1.0	False
crc_keys_crc_only_studies	CRA|CRC	2	50|50	1736	1	0.010101010101010102	0.02	1.4400921658986174	1.425	0.7017543859649122	0.772948202531761	0.7716141929035483	s__Fusobacterium_nucleatum	0.7946508869714318	1.0	False
crc_keys_crc_only_studies	CRA|IBD	2	50|50	1801	2	0.02040816326530612	0.04	1.38811771238201	1.3845	1.4445648248465148	0.4077256391699294	0.41629185407296354	s__Alistipes_shahii;s__GGB9758_SGB15368	0.7946508869714318	1.0	False
crc_keys_crc_only_studies	CRA|IBS	2	50|50	1629	1	0.010101010101010102	0.02	1.5346838551258442	1.5295	0.6538084341288002	0.7946508869714318	0.791104447776112	s__Phocaeicola_massiliensis	0.7946508869714318	1.0	False
crc_keys_crc_only_studies	CRC|IBD	2	50|50	1574	5	0.05263157894736842	0.1	1.5883100381194408	1.559	3.207184092366902	0.018999475246318197	0.01699150424787606	s__Clostridium_symbiosum;s__Dialister_pneumosintes;s__Enterocloster_aldenensis;s__Enterocloster_clostridioformis;s__GGB9253_SGB14198	0.11399685147790918	0.18690654672663667	False
crc_keys_crc_only_studies	CRC|IBS	2	50|50	1302	3	0.030927835051546393	0.06	1.9201228878648233	1.951	1.5376729882111737	0.30057453214533086	0.31434282858570717	s__Bacteroides_fragilis;s__Faecalibacterium_SGB15346;s__Ruminococcus_torques	0.7946508869714318	1.0	False
crc_keys_crc_only_studies	IBD|IBS	2	50|50	1366	2	0.02040816326530612	0.04	1.8301610541727673	1.776	1.1261261261261262	0.5550548332682945	0.5347326336831584	s__GGB9760_SGB15373;s__Wujia_chipingensis	0.7946508869714318	1.0	False
crc_keys_crc_only_studies	CRA|CRC|IBD	3	50|50|50	1869	0	0.0	0.0		0.036	0.0		1.0			1.0	False
crc_keys_crc_only_studies	CRA|CRC|IBS	3	50|50|50	1738	0	0.0	0.0		0.0395	0.0		1.0			1.0	False
crc_keys_crc_only_studies	CRA|IBD|IBS	3	50|50|50	1804	0	0.0	0.0		0.04	0.0		1.0			1.0	False
crc_keys_crc_only_studies	CRC|IBD|IBS	3	50|50|50	1580	0	0.0	0.0		0.048	0.0		1.0			1.0	False
crc_keys_crc_only_studies	CRA|CRC|IBD|IBS	4	50|50|50|50	1871	0	0.0	0.0		0.0015	0.0		1.0			1.0	False
exclude_feng_2015_crc_austria	CRA|CRC	2	50|50	1797	5	0.05263157894736842	0.1	1.391207568169171	1.3975	3.5778175313059033	0.011206410589512595	0.0074962518740629685	s__Fusobacterium_nucleatum;s__Gemella_morbillorum;s__Haemophilus_haemolyticus;s__Mogibacterium_timidum;s__Peptostreptococcus_stomatis	0.06723846353707558	0.08245877061469266	False
exclude_feng_2015_crc_austria	CRA|IBD	2	50|50	1784	1	0.010101010101010102	0.02	1.4013452914798206	1.3995	0.7145409074669525	0.7634361688969117	0.7681159420289855	s__Alistipes_shahii	0.7998146361637387	1.0	False
exclude_feng_2015_crc_austria	CRA|IBS	2	50|50	1604	1	0.010101010101010102	0.02	1.5586034912718205	1.519	0.6583278472679395	0.7998146361637388	0.7891054472763618	s__Phocaeicola_massiliensis	0.7998146361637387	1.0	False
exclude_feng_2015_crc_austria	CRC|IBD	2	50|50	1827	2	0.02040816326530612	0.04	1.3683634373289546	1.3155	1.5203344735841886	0.40063880509702454	0.3818090954522739	s__Clostridium_symbiosum;s__Dialister_pneumosintes	0.7998146361637387	1.0	False
exclude_feng_2015_crc_austria	CRC|IBS	2	50|50	1636	4	0.041666666666666664	0.08	1.528117359413203	1.5425	2.593192868719611	0.06330201050001152	0.06996501749125437	s__Bacteroides_fragilis;s__Clostridiales_bacterium_KLE1615;s__Faecalibacterium_SGB15346;s__Ruminococcus_torques	0.18990603150003457	0.3848075962018991	False
exclude_feng_2015_crc_austria	IBD|IBS	2	50|50	1366	2	0.02040816326530612	0.04	1.8301610541727673	1.776	1.1261261261261262	0.5550548332682945	0.5347326336831584	s__GGB9760_SGB15373;s__Wujia_chipingensis	0.7998146361637387	1.0	False
exclude_feng_2015_crc_austria	CRA|CRC|IBD	3	50|50|50	1921	0	0.0	0.0		0.029	0.0		1.0			1.0	False
exclude_feng_2015_crc_austria	CRA|CRC|IBS	3	50|50|50	1799	0	0.0	0.0		0.035	0.0		1.0			1.0	False
exclude_feng_2015_crc_austria	CRA|IBD|IBS	3	50|50|50	1787	0	0.0	0.0		0.036	0.0		1.0			1.0	False
exclude_feng_2015_crc_austria	CRC|IBD|IBS	3	50|50|50	1831	0	0.0	0.0		0.0355	0.0		1.0			1.0	False
exclude_feng_2015_crc_austria	CRA|CRC|IBD|IBS	4	50|50|50|50	1923	0	0.0	0.0		0.0			1.0			1.0	False
leave_one_shared_study_out:Feng_2015_CRC_Austria	CRA|CRC	2	50|50	1797	5	0.05263157894736842	0.1	1.391207568169171	1.3975	3.5778175313059033	0.011206410589512595	0.0074962518740629685	s__Fusobacterium_nucleatum;s__Gemella_morbillorum;s__Haemophilus_haemolyticus;s__Mogibacterium_timidum;s__Peptostreptococcus_stomatis	0.06723846353707558	0.08245877061469266	False
leave_one_shared_study_out:Feng_2015_CRC_Austria	CRA|IBD	2	50|50	1784	1	0.010101010101010102	0.02	1.4013452914798206	1.3995	0.7145409074669525	0.7634361688969117	0.7681159420289855	s__Alistipes_shahii	0.7998146361637387	1.0	False
leave_one_shared_study_out:Feng_2015_CRC_Austria	CRA|IBS	2	50|50	1604	1	0.010101010101010102	0.02	1.5586034912718205	1.519	0.6583278472679395	0.7998146361637388	0.7891054472763618	s__Phocaeicola_massiliensis	0.7998146361637387	1.0	False
leave_one_shared_study_out:Feng_2015_CRC_Austria	CRC|IBD	2	50|50	1827	2	0.02040816326530612	0.04	1.3683634373289546	1.3155	1.5203344735841886	0.40063880509702454	0.3818090954522739	s__Clostridium_symbiosum;s__Dialister_pneumosintes	0.7998146361637387	1.0	False
leave_one_shared_study_out:Feng_2015_CRC_Austria	CRC|IBS	2	50|50	1636	4	0.041666666666666664	0.08	1.528117359413203	1.5425	2.593192868719611	0.06330201050001152	0.06996501749125437	s__Bacteroides_fragilis;s__Clostridiales_bacterium_KLE1615;s__Faecalibacterium_SGB15346;s__Ruminococcus_torques	0.18990603150003457	0.3848075962018991	False
leave_one_shared_study_out:Feng_2015_CRC_Austria	IBD|IBS	2	50|50	1366	2	0.02040816326530612	0.04	1.8301610541727673	1.776	1.1261261261261262	0.5550548332682945	0.5347326336831584	s__GGB9760_SGB15373;s__Wujia_chipingensis	0.7998146361637387	1.0	False
leave_one_shared_study_out:Feng_2015_CRC_Austria	CRA|CRC|IBD	3	50|50|50	1921	0	0.0	0.0		0.029	0.0		1.0			1.0	False
leave_one_shared_study_out:Feng_2015_CRC_Austria	CRA|CRC|IBS	3	50|50|50	1799	0	0.0	0.0		0.035	0.0		1.0			1.0	False
leave_one_shared_study_out:Feng_2015_CRC_Austria	CRA|IBD|IBS	3	50|50|50	1787	0	0.0	0.0		0.036	0.0		1.0			1.0	False
leave_one_shared_study_out:Feng_2015_CRC_Austria	CRC|IBD|IBS	3	50|50|50	1831	0	0.0	0.0		0.0355	0.0		1.0			1.0	False
leave_one_shared_study_out:Feng_2015_CRC_Austria	CRA|CRC|IBD|IBS	4	50|50|50|50	1923	0	0.0	0.0		0.0			1.0			1.0	False
leave_one_shared_study_out:Gao_2021_CRC	CRA|CRC	2	50|50	1800	5	0.05263157894736842	0.1	1.3888888888888888	1.3815	3.6192544335866814	0.011130927845634728	0.009495252373813094	s__Dialister_pneumosintes;s__Fusobacterium_nucleatum;s__Haemophilus_haemolyticus;s__Lachnospira_SGB5083;s__Mogibacterium_timidum	0.06678556707380837	0.10444777611194403	False
leave_one_shared_study_out:Gao_2021_CRC	CRA|IBD	2	50|50	1794	2	0.02040816326530612	0.04	1.3935340022296545	1.368	1.461988304093567	0.40966258369876013	0.4127936031984008	s__Alistipes_shahii;s__Dialister_pneumosintes	0.6660657999219535	0.9803431617524571	False
leave_one_shared_study_out:Gao_2021_CRC	CRA|IBS	2	50|50	1614	0	0.0	0.0	1.5489467162329615	1.5445	0.0	1.0	1.0		1.0	1.0	False
leave_one_shared_study_out:Gao_2021_CRC	CRC|IBD	2	50|50	1830	3	0.030927835051546393	0.06	1.366120218579235	1.321	2.2710068130204393	0.1540305588916043	0.1424287856071964	s__Clostridium_symbiosum;s__Dialister_pneumosintes;s__GGB9758_SGB15368	0.4620916766748129	0.5222388805597201	False
leave_one_shared_study_out:Gao_2021_CRC	CRC|IBS	2	50|50	1647	2	0.02040816326530612	0.04	1.5179113539769278	1.5345	1.3033561420658195	0.45334731758090746	0.44877561219390305	s__Bacteroides_fragilis;s__Ruminococcus_torques	0.6660657999219535	0.9803431617524571	False
leave_one_shared_study_out:Gao_2021_CRC	IBD|IBS	2	50|50	1366	2	0.02040816326530612	0.04	1.8301610541727673	1.776	1.1261261261261262	0.5550548332682945	0.5347326336831584	s__GGB9760_SGB15373;s__Wujia_chipingensis	0.6660657999219535	0.9803431617524571	False
leave_one_shared_study_out:Gao_2021_CRC	CRA|CRC|IBD	3	50|50|50	1921	1	0.0070921985815602835	0.02		0.029	34.48275862068965		0.02798600699650175	s__Dialister_pneumosintes		0.1539230384807596	False
leave_one_shared_study_out:Gao_2021_CRC	CRA|CRC|IBS	3	50|50|50	1802	0	0.0	0.0		0.036	0.0		1.0			1.0	False
leave_one_shared_study_out:Gao_2021_CRC	CRA|IBD|IBS	3	50|50|50	1797	0	0.0	0.0		0.0365	0.0		1.0			1.0	False
leave_one_shared_study_out:Gao_2021_CRC	CRC|IBD|IBS	3	50|50|50	1834	0	0.0	0.0		0.033	0.0		1.0			1.0	False
leave_one_shared_study_out:Gao_2021_CRC	CRA|CRC|IBD|IBS	4	50|50|50|50	1923	0	0.0	0.0		0.0			1.0			1.0	False
leave_one_shared_study_out:Thomas_2019_CRC_Italy	CRA|CRC	2	50|50	1814	2	0.02040816326530612	0.04	1.3781697905181918	1.3995	1.429081814933905	0.40416118133676876	0.4062968515742129	s__Fusobacterium_nucleatum;s__Haemophilus_haemolyticus	0.6120023802883159	1.0	False
leave_one_shared_study_out:Thomas_2019_CRC_Italy	CRA|IBD	2	50|50	1800	2	0.02040816326530612	0.04	1.3888888888888888	1.371	1.4587892049598834	0.4080015868588773	0.4047976011994003	s__Alistipes_shahii;s__GGB9758_SGB15368	0.6120023802883159	1.0	False
leave_one_shared_study_out:Thomas_2019_CRC_Italy	CRA|IBS	2	50|50	1625	1	0.010101010101010102	0.02	1.5384615384615385	1.5315	0.652954619653934	0.7954748358066004	0.7871064467766117	s__Phocaeicola_massiliensis	0.7954748358066004	1.0	False
leave_one_shared_study_out:Thomas_2019_CRC_Italy	CRC|IBD	2	50|50	1839	2	0.02040816326530612	0.04	1.3594344752582925	1.3385	1.4942099364960777	0.39742426364794387	0.3933033483258371	s__Clostridium_symbiosum;s__Dialister_pneumosintes	0.6120023802883159	1.0	False
leave_one_shared_study_out:Thomas_2019_CRC_Italy	CRC|IBS	2	50|50	1656	4	0.041666666666666664	0.08	1.5096618357487923	1.5375	2.6016260162601625	0.061053536216479194	0.06346826586706647	s__Bacteroides_fragilis;s__Clostridiales_bacterium_KLE1615;s__Ruminococcus_torques;s__Ruthenibacterium_lactatiformans	0.3663212172988752	0.6981509245377312	False
leave_one_shared_study_out:Thomas_2019_CRC_Italy	IBD|IBS	2	50|50	1366	2	0.02040816326530612	0.04	1.8301610541727673	1.776	1.1261261261261262	0.5550548332682945	0.5347326336831584	s__GGB9760_SGB15373;s__Wujia_chipingensis	0.6660657999219535	1.0	False
leave_one_shared_study_out:Thomas_2019_CRC_Italy	CRA|CRC|IBD	3	50|50|50	1933	0	0.0	0.0		0.0325	0.0		1.0			1.0	False
leave_one_shared_study_out:Thomas_2019_CRC_Italy	CRA|CRC|IBS	3	50|50|50	1816	0	0.0	0.0		0.039	0.0		1.0			1.0	False
leave_one_shared_study_out:Thomas_2019_CRC_Italy	CRA|IBD|IBS	3	50|50|50	1803	0	0.0	0.0		0.037	0.0		1.0			1.0	False
leave_one_shared_study_out:Thomas_2019_CRC_Italy	CRC|IBD|IBS	3	50|50|50	1843	0	0.0	0.0		0.033	0.0		1.0			1.0	False
leave_one_shared_study_out:Thomas_2019_CRC_Italy	CRA|CRC|IBD|IBS	4	50|50|50|50	1935	0	0.0	0.0		0.0005	0.0		1.0			1.0	False
leave_one_shared_study_out:Yachida_2019_CRC	CRA|CRC	2	50|50	1779	1	0.010101010101010102	0.02	1.405283867341203	1.391	0.7189072609633357	0.7644202696942626	0.769615192403798	s__Granulicatella_adiacens	0.7996074499787106	1.0	False
leave_one_shared_study_out:Yachida_2019_CRC	CRA|IBD	2	50|50	1790	2	0.02040816326530612	0.04	1.3966480446927374	1.398	1.430615164520744	0.4107749910465496	0.4127936031984008	s__Alistipes_shahii;s__GGB9758_SGB15368	0.7996074499787106	1.0	False
leave_one_shared_study_out:Yachida_2019_CRC	CRA|IBS	2	50|50	1605	1	0.010101010101010102	0.02	1.557632398753894	1.546	0.6468305304010349	0.7996074499787105	0.7976011994002998	s__Phocaeicola_massiliensis	0.7996074499787106	1.0	False
leave_one_shared_study_out:Yachida_2019_CRC	CRC|IBD	2	50|50	1816	4	0.041666666666666664	0.08	1.3766519823788546	1.344	2.976190476190476	0.04617840254670287	0.04597701149425287	s__Butyricicoccus_SGB14985;s__Clostridium_symbiosum;s__Dialister_pneumosintes;s__Enterocloster_clostridioformis	0.27707041528021725	0.5057471264367817	False
leave_one_shared_study_out:Yachida_2019_CRC	CRC|IBS	2	50|50	1603	2	0.02040816326530612	0.04	1.5595757953836555	1.594	1.2547051442910915	0.46761142678758705	0.4707646176911544	s__Bacteroides_fragilis;s__Ruminococcus_torques	0.7996074499787106	1.0	False
leave_one_shared_study_out:Yachida_2019_CRC	IBD|IBS	2	50|50	1366	2	0.02040816326530612	0.04	1.8301610541727673	1.776	1.1261261261261262	0.5550548332682945	0.5347326336831584	s__GGB9760_SGB15373;s__Wujia_chipingensis	0.7996074499787106	1.0	False
leave_one_shared_study_out:Yachida_2019_CRC	CRA|CRC|IBD	3	50|50|50	1917	0	0.0	0.0		0.03	0.0		1.0			1.0	False
leave_one_shared_study_out:Yachida_2019_CRC	CRA|CRC|IBS	3	50|50|50	1784	0	0.0	0.0		0.0355	0.0		1.0			1.0	False
leave_one_shared_study_out:Yachida_2019_CRC	CRA|IBD|IBS	3	50|50|50	1794	0	0.0	0.0		0.041	0.0		1.0			1.0	False
leave_one_shared_study_out:Yachida_2019_CRC	CRC|IBD|IBS	3	50|50|50	1822	0	0.0	0.0		0.0405	0.0		1.0			1.0	False
leave_one_shared_study_out:Yachida_2019_CRC	CRA|CRC|IBD|IBS	4	50|50|50|50	1920	0	0.0	0.0		0.0			1.0			1.0	False
leave_one_shared_study_out:Zeller_2014_CRC_France	CRA|CRC	2	50|50	1638	4	0.041666666666666664	0.08	1.5262515262515262	1.547	2.585649644473174	0.06307266137699076	0.06846576711644178	s__GGB1568_SGB2155;s__GGB9813_SGB15447;s__Lancefieldella_parvula;s__Solobacterium_SGB6828	0.3784359682619446	0.7531234382808596	False
leave_one_shared_study_out:Zeller_2014_CRC_France	CRA|IBD	2	50|50	1631	2	0.02040816326530612	0.04	1.5328019619865114	1.5565	1.2849341471249598	0.4584677613347542	0.463768115942029	s__Alistipes_shahii;s__GGB9758_SGB15368	0.5550548332682945	0.9803431617524571	False
leave_one_shared_study_out:Zeller_2014_CRC_France	CRA|IBS	2	50|50	1448	2	0.02040816326530612	0.04	1.7265193370165746	1.729	1.156737998843262	0.5226764726526066	0.527736131934033	s__Clostridiales_bacterium_KLE1615;s__Phocaeicola_massiliensis	0.5550548332682945	0.9803431617524571	False
leave_one_shared_study_out:Zeller_2014_CRC_France	CRC|IBD	2	50|50	1675	2	0.02040816326530612	0.04	1.492537313432836	1.4715	1.3591573224600748	0.4445655962738374	0.4362818590704648	s__Clostridium_symbiosum;s__Dialister_pneumosintes	0.5550548332682945	0.9803431617524571	False
leave_one_shared_study_out:Zeller_2014_CRC_France	CRC|IBS	2	50|50	1488	2	0.02040816326530612	0.04	1.6801075268817205	1.671	1.196888090963495	0.5077179715649552	0.5067466266866567	s__Bacteroides_fragilis;s__Ruminococcus_torques	0.5550548332682945	0.9803431617524571	False
leave_one_shared_study_out:Zeller_2014_CRC_France	IBD|IBS	2	50|50	1366	2	0.02040816326530612	0.04	1.8301610541727673	1.776	1.1261261261261262	0.5550548332682945	0.5347326336831584	s__GGB9760_SGB15373;s__Wujia_chipingensis	0.5550548332682945	0.9803431617524571	False
leave_one_shared_study_out:Zeller_2014_CRC_France	CRA|CRC|IBD	3	50|50|50	1760	0	0.0	0.0		0.0455	0.0		1.0			1.0	False
leave_one_shared_study_out:Zeller_2014_CRC_France	CRA|CRC|IBS	3	50|50|50	1640	0	0.0	0.0		0.0425	0.0		1.0			1.0	False
leave_one_shared_study_out:Zeller_2014_CRC_France	CRA|IBD|IBS	3	50|50|50	1634	0	0.0	0.0		0.0475	0.0		1.0			1.0	False
leave_one_shared_study_out:Zeller_2014_CRC_France	CRC|IBD|IBS	3	50|50|50	1679	0	0.0	0.0		0.04	0.0		1.0			1.0	False
leave_one_shared_study_out:Zeller_2014_CRC_France	CRA|CRC|IBD|IBS	4	50|50|50|50	1762	0	0.0	0.0		0.0015	0.0		1.0			1.0	False
