species	n_diseases	diseases	CRA_direction	CRA_meta_log2fc	CRA_meta_q	CRA_rank_score	CRC_direction	CRC_meta_log2fc	CRC_meta_q	CRC_rank_score	IBD_direction	IBD_meta_log2fc	IBD_meta_q	IBD_rank_score	IBS_direction	IBS_meta_log2fc	IBS_meta_q	IBS_rank_score	direction_pattern	same_direction
s__Bacteroides_fragilis	2	CRC|IBS					up	1.3596229334908525	3.741516660236851e-06	10.330052360071765					up	2.2071122449964946	0.02045029809879832	4.474170604121006	up|up	True
s__Clostridium_symbiosum	2	CRC|IBD					up	1.5194350582157636	3.741516660236851e-06	10.09868443981205	up	2.813648251364552	1.812316640755849e-23	89.58226188643954					up|up	True
s__Dialister_pneumosintes	2	CRC|IBD					up	6.846960101353336	1.1054069481772039e-23	208.02370116262514	up	10.938577200627153	1.2381931971516546e-10	114.56341585403923					up|up	True
s__GGB9758_SGB15368	2	CRA|IBD	down	-0.6304186189032136	0.04820608211814859	0.876319183945994					down	-4.092505423732895	1.2509460803229955e-42	162.59534538633366					down|down	True
s__GGB9760_SGB15373	2	IBD|IBS									down	-2.009781191854364	6.233976007362565e-53	136.39742891468347	down	-0.6736039607917443	0.0013447088965971314	2.707834310613896	down|down	True
s__Ruminococcus_torques	2	CRC|IBS					up	1.0677052340896582	6.732368659791524e-07	10.54351591708648					up	0.8596028627171458	9.345341582680244e-05	6.927375836716142	up|up	True
s__Wujia_chipingensis	2	IBD|IBS									down	-2.8923412684975482	1.0443889733577256e-50	165.21429403438506	down	-2.0046167875655185	1.487603222181108e-06	18.69108826926097	down|down	True
s__Alistipes_shahii	2	CRA|IBD	up	0.5196246549945929	0.021705689162028842	1.3541598952205445					down	-1.9708708636181398	6.448068627237652e-62	159.6071845795172					up|down	False
s__Fusobacterium_nucleatum	2	CRA|CRC	down	-5.344249509962163	0.6792351611307831	0.897726180778823	up	6.507226424272722	1.5408688305703526e-32	354.21610471502106									down|up	False
s__Mogibacterium_timidum	2	CRA|CRC	down	-5.592886364400442	0.6172643708857154	1.1718707137679618	up	4.239927530195706	0.02617941765521572	6.707735027406982									down|up	False
s__Phocaeicola_massiliensis	2	CRA|IBS	up	0.6193317019684672	0.02760560918642637	1.1908323875125102									down	-1.253853570195818	0.0014287342363648089	6.421093703322722	up|down	False
