disease	project_accession	effect_scale	transformed_auc	approximate_se
CRA	PRJNA447983	logit_auc	0.26942430387821625	0.30607463293143583
CRA	PRJDB4176	logit_auc	0.1544144403342483	0.16640741644327495
CRA	PRJNA706060	logit_auc	0.14493402472233474	0.26828610635870076
CRA	PRJEB6070	logit_auc	0.13082600726084917	0.34271494684326714
CRA	PRJNA784939	logit_auc	-0.04591619723489498	0.06002265181937444
CRA	PRJEB7774	logit_auc	-0.37585929798726114	0.22614480456035718
CRA	PRJNA447983	raw_auc	0.566951566951567	0.07286622206667001
CRA	PRJDB4176	raw_auc	0.5385270877446676	0.04098960264028197
CRA	PRJNA706060	raw_auc	0.5361702127659576	0.06520317652141164
CRA	PRJEB6070	raw_auc	0.5326599326599326	0.08228695147033979
CRA	PRJNA784939	raw_auc	0.488522967036768	0.01497992901677259
CRA	PRJEB7774	raw_auc	0.4071259709557582	0.05367493813982767
CRC	PRJNA706060	logit_auc	1.747279854219434	0.33349650511496615
CRC	PRJEB7774	logit_auc	1.5653671333495196	0.29345517461676046
CRC	PRJEB10878	logit_auc	1.5185191902555508	0.24320773326035042
CRC	PRJEB27928	logit_auc	1.2689068168667241	0.25073893866139085
CRC	PRJNA447983	logit_auc	1.0860414128808669	0.20486419292094202
CRC	PRJEB6070	logit_auc	0.9396874479548781	0.2036385402495048
CRC	PRJEB12449	logit_auc	0.880451047385032	0.20259793666363501
CRC	PRJDB4176	logit_auc	0.6145726772427601	0.08598166360272325
CRC	PRJNA731589	logit_auc	0.38695942051465576	0.184232918763857
CRC	PRJNA706060	raw_auc	0.8516093835242771	0.03980388671043397
CRC	PRJEB7774	raw_auc	0.8271221532091098	0.03987913238842161
CRC	PRJEB10878	raw_auc	0.8203203203203203	0.03495268614442542
CRC	PRJEB27928	raw_auc	0.7805555555555556	0.04188179283040182
CRC	PRJNA447983	raw_auc	0.7476355611601513	0.03783975906101035
CRC	PRJEB6070	raw_auc	0.7190365190365191	0.04027841879593316
CRC	PRJEB12449	raw_auc	0.7069156804733728	0.04132512009419779
CRC	PRJDB4176	raw_auc	0.6489831846051114	0.019531971859345847
CRC	PRJNA731589	raw_auc	0.5955505279034691	0.0438664292282769
IBD	PRJNA400072	logit_auc	2.297207129628728	0.3194627609504825
IBD	PRJNA562600	logit_auc	1.7825597723296316	0.29198823163996357
IBD	PRJEB15371	logit_auc	1.3238980659214834	0.24920557507288021
IBD	PRJNA285502	logit_auc	0.9808292530117263	0.4813693400651177
IBD	PRJNA398089	logit_auc	0.9562729909602429	0.08813055859671179
IBD	PRJNA385949	logit_auc	0.8742455987969713	0.1844968788403074
IBD	PRJNA993675	logit_auc	0.7270127199964869	0.10571551514547745
IBD	PRJNA1056458	logit_auc	0.32208349916911355	0.41248460176482327
IBD	PRJEB21933	logit_auc	-0.5765699812971106	0.4143699054083683
IBD	PRJNA400072	raw_auc	0.9086454703832751	0.025111374150495986
IBD	PRJNA562600	raw_auc	0.8560126582278481	0.03437751535977032
IBD	PRJEB15371	raw_auc	0.7898295120517342	0.04042001890341144
IBD	PRJNA285502	raw_auc	0.7272727272727273	0.08735472823103926
IBD	PRJNA398089	raw_auc	0.7223749756406509	0.017647443481497146
IBD	PRJNA385949	raw_auc	0.7056283502084574	0.03776864421190358
IBD	PRJNA993675	raw_auc	0.6741493925401972	0.02310531534546174
IBD	PRJNA1056458	raw_auc	0.5798319327731093	0.09503976158400414
IBD	PRJEB21933	raw_auc	0.3597222222222223	0.08999598476309871
