cohort_id	study_code	project_accession	disease	case_samples	control_samples	profile_file	sample_groups_file
PRJNA784939	Lee_2023_CRC	PRJNA784939	CRA	419	552	profiles/PRJNA784939.species.tsv.gz	sample_groups/PRJNA784939.groups.tsv
PRJNA784939	Lee_2023_CRC	PRJNA784939	CRC_CRA	419	552	profiles/PRJNA784939.species.tsv.gz	sample_groups/PRJNA784939.groups.tsv
PRJEB7774	Feng_2015_CRC_Austria	PRJEB7774	CRA	47	63	profiles/PRJEB7774.species.tsv.gz	sample_groups/PRJEB7774.groups.tsv
PRJEB7774	Feng_2015_CRC_Austria	PRJEB7774	CRC	46	63	profiles/PRJEB7774.species.tsv.gz	sample_groups/PRJEB7774.groups.tsv
PRJEB7774	Feng_2015_CRC_Austria	PRJEB7774	CRC_CRA	93	63	profiles/PRJEB7774.species.tsv.gz	sample_groups/PRJEB7774.groups.tsv
PRJNA706060	Gao_2021_CRC	PRJNA706060	CRA	40	47	profiles/PRJNA706060.species.tsv.gz	sample_groups/PRJNA706060.groups.tsv
PRJNA706060	Gao_2021_CRC	PRJNA706060	CRC	39	47	profiles/PRJNA706060.species.tsv.gz	sample_groups/PRJNA706060.groups.tsv
PRJNA706060	Gao_2021_CRC	PRJNA706060	CRC_CRA	79	47	profiles/PRJNA706060.species.tsv.gz	sample_groups/PRJNA706060.groups.tsv
PRJNA731589	Liu_2022_CRC_China	PRJNA731589	CRC	78	85	profiles/PRJNA731589.species.tsv.gz	sample_groups/PRJNA731589.groups.tsv
PRJNA731589	Liu_2022_CRC_China	PRJNA731589	CRC_CRA	78	85	profiles/PRJNA731589.species.tsv.gz	sample_groups/PRJNA731589.groups.tsv
PRJNA447983	Thomas_2019_CRC_Italy	PRJNA447983	CRA	27	52	profiles/PRJNA447983.species.tsv.gz	sample_groups/PRJNA447983.groups.tsv
PRJNA447983	Thomas_2019_CRC_Italy	PRJNA447983	CRC	61	52	profiles/PRJNA447983.species.tsv.gz	sample_groups/PRJNA447983.groups.tsv
PRJNA447983	Thomas_2019_CRC_Italy	PRJNA447983	CRC_CRA	88	52	profiles/PRJNA447983.species.tsv.gz	sample_groups/PRJNA447983.groups.tsv
PRJEB12449	Vogtmann_2016_CRC_USA	PRJEB12449	CRC	52	52	profiles/PRJEB12449.species.tsv.gz	sample_groups/PRJEB12449.groups.tsv
PRJEB12449	Vogtmann_2016_CRC_USA	PRJEB12449	CRC_CRA	52	52	profiles/PRJEB12449.species.tsv.gz	sample_groups/PRJEB12449.groups.tsv
PRJEB27928	Wirbel_2019_CRC_Germany	PRJEB27928	CRC	60	60	profiles/PRJEB27928.species.tsv.gz	sample_groups/PRJEB27928.groups.tsv
PRJEB27928	Wirbel_2019_CRC_Germany	PRJEB27928	CRC_CRA	60	60	profiles/PRJEB27928.species.tsv.gz	sample_groups/PRJEB27928.groups.tsv
PRJDB4176	Yachida_2019_CRC	PRJDB4176	CRA	67	289	profiles/PRJDB4176.species.tsv.gz	sample_groups/PRJDB4176.groups.tsv
PRJDB4176	Yachida_2019_CRC	PRJDB4176	CRC	285	289	profiles/PRJDB4176.species.tsv.gz	sample_groups/PRJDB4176.groups.tsv
PRJDB4176	Yachida_2019_CRC	PRJDB4176	CRC_CRA	352	289	profiles/PRJDB4176.species.tsv.gz	sample_groups/PRJDB4176.groups.tsv
PRJEB10878	Yu_2017_CRC_China	PRJEB10878	CRC	74	54	profiles/PRJEB10878.species.tsv.gz	sample_groups/PRJEB10878.groups.tsv
PRJEB10878	Yu_2017_CRC_China	PRJEB10878	CRC_CRA	74	54	profiles/PRJEB10878.species.tsv.gz	sample_groups/PRJEB10878.groups.tsv
PRJEB6070	Zeller_2014_CRC_France	PRJEB6070	CRA	15	99	profiles/PRJEB6070.species.tsv.gz	sample_groups/PRJEB6070.groups.tsv
PRJEB6070	Zeller_2014_CRC_France	PRJEB6070	CRC	65	99	profiles/PRJEB6070.species.tsv.gz	sample_groups/PRJEB6070.groups.tsv
PRJEB6070	Zeller_2014_CRC_France	PRJEB6070	CRC_CRA	80	99	profiles/PRJEB6070.species.tsv.gz	sample_groups/PRJEB6070.groups.tsv
PRJNA1056458	Braun_2024_Crohn	PRJNA1056458	IBD	17	21	profiles/PRJNA1056458.species.tsv.gz	sample_groups/PRJNA1056458.groups.tsv
PRJNA562600	Bushman_2020_pediatric_Cdiff_IBD	PRJNA562600	IBD	79	48	profiles/PRJNA562600.species.tsv.gz	sample_groups/PRJNA562600.groups.tsv
PRJNA285502	Damman_2015_FMT_UC	PRJNA285502	IBD	30	11	profiles/PRJNA285502.species.tsv.gz	sample_groups/PRJNA285502.groups.tsv
PRJEB21933	Douglas_2018_child_Crohn	PRJEB21933	IBD	18	20	profiles/PRJEB21933.species.tsv.gz	sample_groups/PRJEB21933.groups.tsv
PRJNA400072	Franzosa_2018_IBD	PRJNA400072	IBD	164	56	profiles/PRJNA400072.species.tsv.gz	sample_groups/PRJNA400072.groups.tsv
PRJNA385949	Hall_2017_IBD	PRJNA385949	IBD	184	73	profiles/PRJNA385949.species.tsv.gz	sample_groups/PRJNA385949.groups.tsv
PRJEB15371	He_2017_Crohn	PRJEB15371	IBD	63	54	profiles/PRJEB15371.species.tsv.gz	sample_groups/PRJEB15371.groups.tsv
PRJNA993675	Kumbhari_2024_IBD	PRJNA993675	IBD	783	156	profiles/PRJNA993675.species.tsv.gz	sample_groups/PRJNA993675.groups.tsv
PRJNA398089	Lloyd-Price_2019_HMP2IBD	PRJNA398089	IBD	933	352	profiles/PRJNA398089.species.tsv.gz	sample_groups/PRJNA398089.groups.tsv
Mars_2020_IBS	Mars_2020_IBS		IBS	323	151	profiles/Mars_2020_IBS.species.tsv.gz	sample_groups/Mars_2020_IBS.groups.tsv
