cohort_id	study_code	project_accession	analyses	figure_roles	raw_profile_samples	raw_profile_rows	raw_profile_species	released_profile_samples	released_profile_rows	released_profile_species	profile_file	sample_groups_file	source_url	recorded_acquisition_or_validation_time	raw_export_sha256	released_profile_sha256	sample_groups_sha256	original_values_verified	study_accession_status
PRJNA784939	Lee_2023_CRC	PRJNA784939	CRA|CRC_CRA	Figure1A_B|Figure1C_D	971	192608	2434	971	192608	2434	profiles/PRJNA784939.species.tsv.gz	sample_groups/PRJNA784939.groups.tsv	https://metalog.embl.de/static/download/profiles/by_study/metaphlan4_species_Lee_2023_CRC_latest.tsv.gz		da7e95fe0f4b8c5303950dc71a7ae64bbf41778c6f8bda80515cd39a50d7ac80	5982b9d330e7f9a3d04aae9382e8d43b4a88f4375145b4aefc394e308cedff3b	42de11804b1380f40d578c53aef34bab40fad4f9c9b52835c5dd7d90775a5d1f	True	mapped_in_upstream_figure_code
PRJEB7774	Feng_2015_CRC_Austria	PRJEB7774	CRA|CRC|CRC_CRA	Figure1A_B|Figure1C_D	156	39161	2016	156	39161	2016	profiles/PRJEB7774.species.tsv.gz	sample_groups/PRJEB7774.groups.tsv	https://metalog.embl.de/static/download/profiles/by_study/metaphlan4_species_Feng_2015_CRC_Austria_latest.tsv.gz	2026-05-24T14:41:57	7211f0bef1ffd13a5d4d5c1c92bb58cc201064baa37bbb60291209a48700d11c	0ae822b624bdc792c2386e271e053dc52f8fe675ed1d0d8dbd46f9bf9163169c	55af7a9272aef3d88b658194388810435865c290a172dbabb15a54a79345439b	True	mapped_in_upstream_figure_code
PRJNA706060	Gao_2021_CRC	PRJNA706060	CRA|CRC|CRC_CRA	Figure1A_B|Figure1C_D	126	19622	1348	126	19622	1348	profiles/PRJNA706060.species.tsv.gz	sample_groups/PRJNA706060.groups.tsv	https://metalog.embl.de/static/download/profiles/by_study/metaphlan4_species_Gao_2021_CRC_latest.tsv.gz	2026-05-24T14:42:04	b43a2e98ff65c972cc9d0b5a2f44f2065e0071ded610028a0ad58be2a2e638e4	23cdf384ea5ae276c679078ebd17f997f64bba28f3a05f94811d9bbbfa966643	3363f65cd3a0b170b4879b2fcc2979934f1ca4b5f6a895ee1952b6e5c983a9d4	True	mapped_in_upstream_figure_code
PRJNA731589	Liu_2022_CRC_China	PRJNA731589	CRC|CRC_CRA	Figure1A_B|Figure1C_D	163	32157	1732	163	32157	1732	profiles/PRJNA731589.species.tsv.gz	sample_groups/PRJNA731589.groups.tsv	https://metalog.embl.de/static/download/profiles/by_study/metaphlan4_species_Liu_2022_CRC_China_latest.tsv.gz	2026-05-24T14:42:14	a164bc47c15d5a3b15c885cd476ed88599719b087fda975c3b42e1e9010279c0	a251b5b805c814ba7d7c0b5001e16e83bd0af9cc68423b99149349751c62bd79	d7b9ae8d8a37a118474048edf7a9c16d135ada362ec63a9f8c6d3f3d0391536a	True	mapped_in_upstream_figure_code
PRJNA447983	Thomas_2019_CRC_Italy	PRJNA447983	CRA|CRC|CRC_CRA	Figure1A_B|Figure1C_D	140	29146	1894	140	29146	1894	profiles/PRJNA447983.species.tsv.gz	sample_groups/PRJNA447983.groups.tsv	https://metalog.embl.de/static/download/profiles/by_study/metaphlan4_species_Thomas_2019_CRC_Italy_latest.tsv.gz	2026-05-24T14:42:20	076ccce2d59fdae69c0898ec4722197b7249875bca54ba1244f097ee6e65801e	563310a8734878c1f402db32dc2150a51bf93972a55288a2c176338ede394e4a	91207feed9f7c41f4b49eac384749d9dad00d4b7e6ead2a4ecac9aa55e3a3096	True	mapped_in_upstream_figure_code
PRJEB12449	Vogtmann_2016_CRC_USA	PRJEB12449	CRC|CRC_CRA	Figure1A_B|Figure1C_D	110	31020	1963	104	29345	1954	profiles/PRJEB12449.species.tsv.gz	sample_groups/PRJEB12449.groups.tsv	https://metalog.embl.de/static/download/profiles/by_study/metaphlan4_species_Vogtmann_2016_CRC_USA_latest.tsv.gz	2026-05-24T14:42:26	7092232b3611c0fe5a7c274b4743d1fe6da75611126d2bb2b13d793d0c56f016	b745c51a287036f8f8d3508b7a31119d0997d29caf50a256849db256be3dcf2f	a0cda64ac4a4a5fb6c69d40784412e7ba36d7056caae19e6bdb0b7128bb3f714	True	mapped_in_upstream_figure_code
PRJEB27928	Wirbel_2019_CRC_Germany	PRJEB27928	CRC|CRC_CRA	Figure1A_B|Figure1C_D	120	33913	1989	120	33913	1989	profiles/PRJEB27928.species.tsv.gz	sample_groups/PRJEB27928.groups.tsv	https://metalog.embl.de/static/download/profiles/by_study/metaphlan4_species_Wirbel_2019_CRC_Germany_latest.tsv.gz	2026-05-24T14:42:32	e1c765facbe4dd96bf8b8d80f646376cfec83b0de243304024ed856ff76c5b24	682736bac26c306168089e400b9aa8f3c65917bbd9a860fb83cdd4a5c6957d01	d4f0c1a5c1632d1095d8d1fa01c0dcd30d654ec71d20f2bd911c3716dcb4c1e7	True	mapped_in_upstream_figure_code
PRJDB4176	Yachida_2019_CRC	PRJDB4176	CRA|CRC|CRC_CRA	Figure1A_B|Figure1C_D	643	106213	2309	641	105955	2309	profiles/PRJDB4176.species.tsv.gz	sample_groups/PRJDB4176.groups.tsv	https://metalog.embl.de/static/download/profiles/by_study/metaphlan4_species_Yachida_2019_CRC_latest.tsv.gz	2026-05-24T14:42:41	81e37e41d69babbfa0b75d9723d3a1713241baeddf08d872467f1b9c72f5a71b	d3f070d012fed194a556ad1f73d0a6b732e18508a2e571fce545694fd3001476	090c961477c88c06d50398bcbdb73994b94f0eba28ea9bd9767a0fa342f9b350	True	mapped_in_upstream_figure_code
PRJEB10878	Yu_2017_CRC_China	PRJEB10878	CRC|CRC_CRA	Figure1A_B|Figure1C_D	128	27423	1667	128	27423	1667	profiles/PRJEB10878.species.tsv.gz	sample_groups/PRJEB10878.groups.tsv	https://metalog.embl.de/static/download/profiles/by_study/metaphlan4_species_Yu_2017_CRC_China_latest.tsv.gz	2026-05-24T14:42:52	ac03e1c4e70a0d87778effc2bf597f27d112497df4fee525d70b391ba44edaeb	aacf4f0cdda4144fd8f93538bb5ba5ddaae7528c04bd2364c289fb34679ec0a6	0737e9c071487da7b9414cfb61ff025344058db7e5ec1fae98135fac353aad47	True	mapped_in_upstream_figure_code
PRJEB6070	Zeller_2014_CRC_France	PRJEB6070	CRA|CRC|CRC_CRA	Figure1A_B|Figure1C_D	179	46406	2529	179	46406	2529	profiles/PRJEB6070.species.tsv.gz	sample_groups/PRJEB6070.groups.tsv	https://metalog.embl.de/static/download/profiles/by_study/metaphlan4_species_Zeller_2014_CRC_France_latest.tsv.gz	2026-05-24T14:43:05	5068daf6b0fe8bbb0d3109b955f119ecb21ad45678044c1834ee4ed4f82e0184	d62821914705dd576fa0736dc33fab5fb3d58fba3566255b222c7e51a09db18e	57903c255660fd96c4b33e1c92f8d9f5e351f4be44ad0307249891d1a15d1287	True	mapped_in_upstream_figure_code
PRJNA1056458	Braun_2024_Crohn	PRJNA1056458	IBD	Figure1A_B|Figure1C_D	38	4056	800	38	4056	800	profiles/PRJNA1056458.species.tsv.gz	sample_groups/PRJNA1056458.groups.tsv	https://metalog.embl.de/static/download/profiles/by_study/metaphlan4_species_Braun_2024_Crohn_latest.tsv.gz	2026-05-24T13:03:06	83104183e9daa2e9682fa5b772891edc068dfa0253ce625841c08ddac5c8a438	b5f9d000c612b57cb909aa69612e64061145f85f91d3d223a55675b032628fc6	05d6b94576f2526724842a4a20303a8666238c0b3f095fcabe8b6b0fcd757c2d	True	mapped_in_upstream_figure_code
PRJNA562600	Bushman_2020_pediatric_Cdiff_IBD	PRJNA562600	IBD	Figure1A_B|Figure1C_D	148	13092	1073	127	11656	1013	profiles/PRJNA562600.species.tsv.gz	sample_groups/PRJNA562600.groups.tsv	https://metalog.embl.de/static/download/profiles/by_study/metaphlan4_species_Bushman_2020_pediatric_Cdiff_IBD_latest.tsv.gz	2026-05-24T13:03:18	797ce0ca099a577661855fe387f38a0ed89142b0b4a1cab0c7e841d21c842557	d56542f651f720c9da262e13c305ed1faa00124c9b3bedea4e134a122d13dc54	4c08a423b8bb714ea4976a39c2c49e9937b9a40db98517cfc5d78f62981b54fa	True	mapped_in_upstream_figure_code
PRJNA285502	Damman_2015_FMT_UC	PRJNA285502	IBD	Figure1A_B|Figure1C_D	41	7757	951	41	7757	951	profiles/PRJNA285502.species.tsv.gz	sample_groups/PRJNA285502.groups.tsv	https://metalog.embl.de/static/download/profiles/by_study/metaphlan4_species_Damman_2015_FMT_UC_latest.tsv.gz	2026-05-24T13:03:45	9d8eed01db19f494e9e7cb504a21ebd94f191bb4eab5661d257221469c271924	0b850e014becec3e6621bd3d7b5ea310d4b0b0fcbf2213cf5e360f8c627a2f9b	bb2340a63fd0953c7e3803d8cb0f37906bcf890d8922985ce0771764d7c71b29	True	mapped_in_upstream_figure_code
PRJEB21933	Douglas_2018_child_Crohn	PRJEB21933	IBD	Figure1A_B|Figure1C_D	38	565	156	38	565	156	profiles/PRJEB21933.species.tsv.gz	sample_groups/PRJEB21933.groups.tsv	https://metalog.embl.de/static/download/profiles/by_study/metaphlan4_species_Douglas_2018_child_Crohn_latest.tsv.gz	2026-05-24T13:03:54	0e8e7fe31e66069e05c99fd833f61409220642a2cba2d80f7b7855d6058e4624	a9a3b807e9031ab688c8df1142cf1bb09ee1a6353bdd468a7a578a59f766aaf8	e5a0366cd549752195bf82767096af184a17b852a4f74495f6be262350d94068	True	mapped_in_upstream_figure_code
PRJNA400072	Franzosa_2018_IBD	PRJNA400072	IBD	Figure1A_B|Figure1C_D	220	34921	1947	220	34921	1947	profiles/PRJNA400072.species.tsv.gz	sample_groups/PRJNA400072.groups.tsv	https://metalog.embl.de/static/download/profiles/by_study/metaphlan4_species_Franzosa_2018_IBD_latest.tsv.gz	2026-05-24T13:04:10	5e17aa479ea9d5029919e61a3693f234c72e19e678aa9c32053153ffe991c950	3a07fa1d1ef3f257d36db39296391e67440874c75df2989c7b3de764bcd5f722	e2656580d884a0ff7f5da2ce1a4deaeb607cbc65b294cd3e11846e576963626f	True	mapped_in_upstream_figure_code
PRJNA385949	Hall_2017_IBD	PRJNA385949	IBD	Figure1A_B|Figure1C_D	257	34939	1315	257	34939	1315	profiles/PRJNA385949.species.tsv.gz	sample_groups/PRJNA385949.groups.tsv	https://metalog.embl.de/static/download/profiles/by_study/metaphlan4_species_Hall_2017_IBD_latest.tsv.gz	2026-05-24T13:04:34	d6cae4a3836cdb6eb02fb55d741c2256f6fdbfd8030ae86869826214d790365d	b0fa89c14a9b7b1cc78962330cffab1338d419690d6a44aa9ed298fe06af71ff	7a9c448e4cbb14744107323947633ab2c680f6dd698aaa3c803862fca2d03588	True	mapped_in_upstream_figure_code
PRJEB15371	He_2017_Crohn	PRJEB15371	IBD	Figure1A_B|Figure1C_D	123	16969	1458	117	16468	1447	profiles/PRJEB15371.species.tsv.gz	sample_groups/PRJEB15371.groups.tsv	https://metalog.embl.de/static/download/profiles/by_study/metaphlan4_species_He_2017_Crohn_latest.tsv.gz	2026-05-24T13:04:48	323ad6a4cfcb5343c9bb5e0583d38dc2bff2559dae5fc140265fde1df5a2e8a3	1c26df95043cf270c1107632425da7994427c7bc1b1266f8c243d5b4ae24b03f	3375a7408ae3520e5c7845c98c3d649ff8d7c5e40043bb39d04f67003a144779	True	mapped_in_upstream_figure_code
PRJNA993675	Kumbhari_2024_IBD	PRJNA993675	IBD	Figure1A_B|Figure1C_D	939	112250	2341	939	112250	2341	profiles/PRJNA993675.species.tsv.gz	sample_groups/PRJNA993675.groups.tsv	https://metalog.embl.de/static/download/profiles/by_study/metaphlan4_species_Kumbhari_2024_IBD_latest.tsv.gz	2026-05-24T13:05:03	aa3d8a0fc8f186230c329b1517293fa74f44c629349187dcf1130816ff0655e6	51cc77c4f5b1777617ef922bf9a33fca5f1ffe00c80586cc6af84e419638c6a2	3122c90c3b23a560309578f9e638c8b469bfd8def9eec0c2c42bd92c56872d8f	True	mapped_in_upstream_figure_code
PRJNA398089	Lloyd-Price_2019_HMP2IBD	PRJNA398089	IBD	Figure1A_B|Figure1C_D	1285	118647	1573	1285	118647	1573	profiles/PRJNA398089.species.tsv.gz	sample_groups/PRJNA398089.groups.tsv	https://metalog.embl.de/static/download/profiles/by_study/metaphlan4_species_Lloyd-Price_2019_HMP2IBD_latest.tsv.gz	2026-05-24T13:05:57	b480036c4aa3559e0b1097208cfde4d8feb90faf394ba04b6eb1c9c9243ac046	c3a96302912fa8174802ae376b36e958589133217980a76721441149b95b02a5	11a51b49ac3dd71cfc66ff8926bd920c82540af3f1997f5546487e490659c260	True	mapped_in_upstream_figure_code
Mars_2020_IBS	Mars_2020_IBS		IBS	Figure1C_D	478	37444	1102	474	37245	1098	profiles/Mars_2020_IBS.species.tsv.gz	sample_groups/Mars_2020_IBS.groups.tsv	https://metalog.embl.de/static/download/profiles/by_study/metaphlan4_species_Mars_2020_IBS_latest.tsv.gz	2026-05-24T14:11:39	67b9fed8ad9ebf6a86d6a2213c6f13c519bdafc098b85fcf815dc8c3381fd2c7	63913c10f683585ae8c4baf6e41a27de29df8ad8fa2fde131d37434e851efbc9	839a14b71fc31150f80f92617d0bb4b9cbe0d0ad98934f1b8a7c0142df857523	True	not_recorded_in_supplied_accession_map
