file	bytes	sha256
ANALYSIS_GROUP_COUNTS.tsv	4485	9850cf232299c6df0d78705e6dd6759f6280d4a59b912945297536bca805aea3
COHORT_TABLES.tsv	11087	15d7908f7f01f15d9208e3fd559f8a1df4fbcccdd6bbd6a155be90a01762db2d
COHORT_TABLES.xlsx	13347	494e90865c7562e163bfc8790ead7ced09b04d20a562fc0ed26a43441b30470f
README.md	5973	7736dc45f8f6d74645512519d7f6d1fbfce9f1041b33ed482aeccb7396db3a82
VALIDATION_SUMMARY.json	383	b68276d21ebaf76da6e7a74c5ad0eb777210be684ff83d68da3a106629bc3542
profiles/Mars_2020_IBS.species.tsv.gz	341075	63913c10f683585ae8c4baf6e41a27de29df8ad8fa2fde131d37434e851efbc9
profiles/PRJDB4176.species.tsv.gz	1014008	d3f070d012fed194a556ad1f73d0a6b732e18508a2e571fce545694fd3001476
profiles/PRJEB10878.species.tsv.gz	260030	aacf4f0cdda4144fd8f93538bb5ba5ddaae7528c04bd2364c289fb34679ec0a6
profiles/PRJEB12449.species.tsv.gz	282136	b745c51a287036f8f8d3508b7a31119d0997d29caf50a256849db256be3dcf2f
profiles/PRJEB15371.species.tsv.gz	155760	1c26df95043cf270c1107632425da7994427c7bc1b1266f8c243d5b4ae24b03f
profiles/PRJEB21933.species.tsv.gz	6652	a9a3b807e9031ab688c8df1142cf1bb09ee1a6353bdd468a7a578a59f766aaf8
profiles/PRJEB27928.species.tsv.gz	324592	682736bac26c306168089e400b9aa8f3c65917bbd9a860fb83cdd4a5c6957d01
profiles/PRJEB6070.species.tsv.gz	470557	d62821914705dd576fa0736dc33fab5fb3d58fba3566255b222c7e51a09db18e
profiles/PRJEB7774.species.tsv.gz	374773	0ae822b624bdc792c2386e271e053dc52f8fe675ed1d0d8dbd46f9bf9163169c
profiles/PRJNA1056458.species.tsv.gz	39561	b5f9d000c612b57cb909aa69612e64061145f85f91d3d223a55675b032628fc6
profiles/PRJNA285502.species.tsv.gz	68588	0b850e014becec3e6621bd3d7b5ea310d4b0b0fcbf2213cf5e360f8c627a2f9b
profiles/PRJNA385949.species.tsv.gz	300190	b0fa89c14a9b7b1cc78962330cffab1338d419690d6a44aa9ed298fe06af71ff
profiles/PRJNA398089.species.tsv.gz	1111204	c3a96302912fa8174802ae376b36e958589133217980a76721441149b95b02a5
profiles/PRJNA400072.species.tsv.gz	335909	3a07fa1d1ef3f257d36db39296391e67440874c75df2989c7b3de764bcd5f722
profiles/PRJNA447983.species.tsv.gz	279511	563310a8734878c1f402db32dc2150a51bf93972a55288a2c176338ede394e4a
profiles/PRJNA562600.species.tsv.gz	109001	d56542f651f720c9da262e13c305ed1faa00124c9b3bedea4e134a122d13dc54
profiles/PRJNA706060.species.tsv.gz	179414	23cdf384ea5ae276c679078ebd17f997f64bba28f3a05f94811d9bbbfa966643
profiles/PRJNA731589.species.tsv.gz	301897	a251b5b805c814ba7d7c0b5001e16e83bd0af9cc68423b99149349751c62bd79
profiles/PRJNA784939.species.tsv.gz	1819306	5982b9d330e7f9a3d04aae9382e8d43b4a88f4375145b4aefc394e308cedff3b
profiles/PRJNA993675.species.tsv.gz	1084268	51cc77c4f5b1777617ef922bf9a33fca5f1ffe00c80586cc6af84e419638c6a2
sample_groups/Mars_2020_IBS.groups.tsv	14687	839a14b71fc31150f80f92617d0bb4b9cbe0d0ad98934f1b8a7c0142df857523
sample_groups/PRJDB4176.groups.tsv	32843	090c961477c88c06d50398bcbdb73994b94f0eba28ea9bd9767a0fa342f9b350
sample_groups/PRJEB10878.groups.tsv	4826	0737e9c071487da7b9414cfb61ff025344058db7e5ec1fae98135fac353aad47
sample_groups/PRJEB12449.groups.tsv	3974	a0cda64ac4a4a5fb6c69d40784412e7ba36d7056caae19e6bdb0b7128bb3f714
sample_groups/PRJEB15371.groups.tsv	3686	3375a7408ae3520e5c7845c98c3d649ff8d7c5e40043bb39d04f67003a144779
sample_groups/PRJEB21933.groups.tsv	1214	e5a0366cd549752195bf82767096af184a17b852a4f74495f6be262350d94068
sample_groups/PRJEB27928.groups.tsv	4582	d4f0c1a5c1632d1095d8d1fa01c0dcd30d654ec71d20f2bd911c3716dcb4c1e7
sample_groups/PRJEB6070.groups.tsv	9117	57903c255660fd96c4b33e1c92f8d9f5e351f4be44ad0307249891d1a15d1287
sample_groups/PRJEB7774.groups.tsv	8042	55af7a9272aef3d88b658194388810435865c290a172dbabb15a54a79345439b
sample_groups/PRJNA1056458.groups.tsv	1217	05d6b94576f2526724842a4a20303a8666238c0b3f095fcabe8b6b0fcd757c2d
sample_groups/PRJNA285502.groups.tsv	1277	bb2340a63fd0953c7e3803d8cb0f37906bcf890d8922985ce0771764d7c71b29
sample_groups/PRJNA385949.groups.tsv	7943	7a9c448e4cbb14744107323947633ab2c680f6dd698aaa3c803862fca2d03588
sample_groups/PRJNA398089.groups.tsv	39620	11a51b49ac3dd71cfc66ff8926bd920c82540af3f1997f5546487e490659c260
sample_groups/PRJNA400072.groups.tsv	6782	e2656580d884a0ff7f5da2ce1a4deaeb607cbc65b294cd3e11846e576963626f
sample_groups/PRJNA447983.groups.tsv	7238	91207feed9f7c41f4b49eac384749d9dad00d4b7e6ead2a4ecac9aa55e3a3096
sample_groups/PRJNA562600.groups.tsv	3968	4c08a423b8bb714ea4976a39c2c49e9937b9a40db98517cfc5d78f62981b54fa
sample_groups/PRJNA706060.groups.tsv	6516	3363f65cd3a0b170b4879b2fcc2979934f1ca4b5f6a895ee1952b6e5c983a9d4
sample_groups/PRJNA731589.groups.tsv	6237	d7b9ae8d8a37a118474048edf7a9c16d135ada362ec63a9f8c6d3f3d0391536a
sample_groups/PRJNA784939.groups.tsv	37319	42de11804b1380f40d578c53aef34bab40fad4f9c9b52835c5dd7d90775a5d1f
sample_groups/PRJNA993675.groups.tsv	28652	3122c90c3b23a560309578f9e638c8b469bfd8def9eec0c2c42bd92c56872d8f
scripts/export_matrix.py	1412	aebf5fefe59792bdca7e0c22a78616b91d8d388fa0802facf84a63aa0b0ee234
scripts/validate.py	3301	13421f80732e0e4430c6fff7c94522c6ec46c9a9abc05d9cff8952e9f822b77f
