disease	left_out_cohort	arm_id	status	auc	auc_ci_low	auc_ci_high	auc_bootstrap_n	auc_permutation_p_one_sided	auc_permutation_n	significant_auc_gt_0_5	best_k	final_k	effective_k	n_train	n_test	train_case	train_control	test_case	test_control	selected_features	feature_selection_scope	model_training_scope	held_out_cohort_excluded_from_model_training	classifier	transform
CRA	Feng_2015_CRC_Austria	CRA__CRC__Feng_2015_CRC_Austria	ok	0.4745018574805809	0.3606889564336373	0.5879854778790947	5000	0.6840631873625275	5000	False	143	143	143	1607	110	568	1039	47	63	s__GGB1144_SGB1468;s__Arachnia_propionica;s__Kingella_bonacorsii;s__Porphyromonas_sp_oral_taxon_278;s__Actinomyces_gerencseriae;s__Actinomyces_israelii;s__Lautropia_mirabilis;s__Prevotella_conceptionensis;s__Selenomonas_felix;s__Neisseria_bacilliformis;s__Selenomonas_SGB5896;s__Kingella_denitrificans;s__Capnocytophaga_sputigena;s__Pauljensenia_hongkongensis;s__Prevotella_baroniae;s__Prevotella_loescheii;s__Bifidobacterium_breve;s__Schaalia_meyeri;s__Tannerella_forsythia;s__Abiotrophia_sp_HMSC24B09;s__Candidatus_Methanomethylophilus_alvus;s__Treponema_denticola;s__Rothia_aeria;s__GGB1202_SGB1567;s__Rothia_mucilaginosa;s__Streptococcus_oralis;s__Propionibacterium_acidifaciens;s__Porphyromonas_endodontalis;s__Granulicatella_adiacens;s__Actinomyces_sp_HMT897;s__Prevotella_oulorum;s__Selenomonas_flueggei;s__Streptococcus_infantis;s__Eikenella_halliae;s__Actinomyces_sp_oral_taxon_448;s__Selenomonas_SGB5897;s__Granulicatella_SGB8255;s__Leptotrichia_wadei;s__Gemella_sanguinis;s__Cardiobacterium_hominis;s__GGB1202_SGB1566;s__Eubacterium_infirmum;s__GGB3883_SGB5265;s__Tannerella_sp_oral_taxon_808;s__Mogibacterium_SGB3923;s__Campylobacter_SGB19316;s__Leptotrichia_sp_oral_taxon_212;s__GGB1243_SGB1664;s__GGB9278_SGB14230;s__Arachnia_SGB15898;s__Actinomyces_dentalis;s__GGB3623_SGB4900;s__Mogibacterium_timidum;s__Streptococcus_australis;s__GGB10852_SGB17523;s__Streptococcus_constellatus;s__Prevotella_jejuni;s__Abiotrophia_defectiva;s__Gemella_morbillorum;s__GGB3449_SGB4601;s__GGB31460_SGB6499;s__Blautia_SGB71764;s__Eubacterium_sulci;s__Mogibacterium_diversum;s__Alloprevotella_tannerae;s__Porphyromonas_bobii;s__Alloprevotella_SGB1484;s__Actinomyces_massiliensis;s__Gemella_haemolysans;s__Selenomonas_noxia;s__Lactococcus_petauri;s__Enterococcus_avium;s__Clostridium_sp_AM42_4;s__Eubacterium_brachy;s__Prevotella_sp_HJM029;s__Selenomonas_SGB5880;s__Schaalia_SGB17157;s__Streptococcus_intermedius;s__GGB1144_SGB1469;s__Parvimonas_micra;s__Haemophilus_haemolyticus;s__Prevotella_pallens;s__GGB12785_SGB19827;s__Schaalia_odontolytica;s__Porphyromonas_somerae;s__Lancefieldella_rimae;s__Gemmiger_sp_An87;s__GGB3303_SGB4364;s__Cardiobacterium_SGB9419;s__Enterobacter_mori;s__Actinomyces_oris;s__Brachyspira_aalborgi;s__Prevotella_melaninogenica;s__Blautia_SGB59878;s__GGB3220_SGB4252;s__Prevotella_veroralis;s__Blautia_sp_An46;s__GGB1548_SGB2132;s__Streptococcus_cristatus;s__Campylobacter_concisus;s__Porphyromonas_asaccharolytica;s__Streptococcus_sanguinis;s__Streptococcus_anginosus;s__GGB9075_SGB13997;s__Actinomyces_naeslundii;s__Peptidiphaga_SGB15895;s__Rothia_SGB49305;s__Oribacterium_asaccharolyticum;s__Eubacterium_saphenum;s__Slackia_exigua;s__GGB1568_SGB2155;s__Streptococcus_agalactiae;s__Campylobacter_showae;s__GGB4676_SGB6465;s__GGB9309_SGB14270;s__GGB9243_SGB14185;s__GGB3140_SGB4153;s__Fusobacterium_nucleatum;s__Streptococcus_sobrinus;s__TM7_phylum_sp_oral_taxon_348;s__Alistipes_indistinctus;s__Olsenella_uli;s__Olsenella_timonensis;s__Candidatus_Stoquefichus_sp_SB1;s__Leptotrichia_sp_oral_taxon_221;s__GGB4694_SGB6493;s__Hydrogenoanaerobacterium_SGB53821;s__GGB9059_SGB13976;s__GGB3887_SGB5270;s__Arachnia_rubra;s__Aggregatibacter_sp_2125159857;s__Pseudoflavonifractor_sp_MSJ_37;s__GGB9088_SGB14017;s__GGB9768_SGB15386;s__Scardovia_wiggsiae;s__Prevotella_denticola;s__GGB9591_SGB15013;s__GGB3257_SGB4304;s__GGB3185_SGB4208;s__Lachnospiraceae_bacterium_EP_SM_12S_S03;s__TM7_phylum_sp_oral_taxon_352;s__Lancefieldella_parvula;s__Phocaeicola_coprophilus	full_disease_post_selection	leave_one_cohort_out_after_locked_panel	True	balanced_logistic_regression	log10(relative_abundance + 1e-6), training-fold standard scaling
CRA	Gao_2021_CRC	CRA__CRC__Gao_2021_CRC	ok	0.597872340425532	0.4741954787234043	0.7239361702127658	5000	0.057588482303539294	5000	False	143	143	143	1630	87	575	1055	40	47	s__GGB1144_SGB1468;s__Arachnia_propionica;s__Kingella_bonacorsii;s__Porphyromonas_sp_oral_taxon_278;s__Actinomyces_gerencseriae;s__Actinomyces_israelii;s__Lautropia_mirabilis;s__Prevotella_conceptionensis;s__Selenomonas_felix;s__Neisseria_bacilliformis;s__Selenomonas_SGB5896;s__Kingella_denitrificans;s__Capnocytophaga_sputigena;s__Pauljensenia_hongkongensis;s__Prevotella_baroniae;s__Prevotella_loescheii;s__Bifidobacterium_breve;s__Schaalia_meyeri;s__Tannerella_forsythia;s__Abiotrophia_sp_HMSC24B09;s__Candidatus_Methanomethylophilus_alvus;s__Treponema_denticola;s__Rothia_aeria;s__GGB1202_SGB1567;s__Rothia_mucilaginosa;s__Streptococcus_oralis;s__Propionibacterium_acidifaciens;s__Porphyromonas_endodontalis;s__Granulicatella_adiacens;s__Actinomyces_sp_HMT897;s__Prevotella_oulorum;s__Selenomonas_flueggei;s__Streptococcus_infantis;s__Eikenella_halliae;s__Actinomyces_sp_oral_taxon_448;s__Selenomonas_SGB5897;s__Granulicatella_SGB8255;s__Leptotrichia_wadei;s__Gemella_sanguinis;s__Cardiobacterium_hominis;s__GGB1202_SGB1566;s__Eubacterium_infirmum;s__GGB3883_SGB5265;s__Tannerella_sp_oral_taxon_808;s__Mogibacterium_SGB3923;s__Campylobacter_SGB19316;s__Leptotrichia_sp_oral_taxon_212;s__GGB1243_SGB1664;s__GGB9278_SGB14230;s__Arachnia_SGB15898;s__Actinomyces_dentalis;s__GGB3623_SGB4900;s__Mogibacterium_timidum;s__Streptococcus_australis;s__GGB10852_SGB17523;s__Streptococcus_constellatus;s__Prevotella_jejuni;s__Abiotrophia_defectiva;s__Gemella_morbillorum;s__GGB3449_SGB4601;s__GGB31460_SGB6499;s__Blautia_SGB71764;s__Eubacterium_sulci;s__Mogibacterium_diversum;s__Alloprevotella_tannerae;s__Porphyromonas_bobii;s__Alloprevotella_SGB1484;s__Actinomyces_massiliensis;s__Gemella_haemolysans;s__Selenomonas_noxia;s__Lactococcus_petauri;s__Enterococcus_avium;s__Clostridium_sp_AM42_4;s__Eubacterium_brachy;s__Prevotella_sp_HJM029;s__Selenomonas_SGB5880;s__Schaalia_SGB17157;s__Streptococcus_intermedius;s__GGB1144_SGB1469;s__Parvimonas_micra;s__Haemophilus_haemolyticus;s__Prevotella_pallens;s__GGB12785_SGB19827;s__Schaalia_odontolytica;s__Porphyromonas_somerae;s__Lancefieldella_rimae;s__Gemmiger_sp_An87;s__GGB3303_SGB4364;s__Cardiobacterium_SGB9419;s__Enterobacter_mori;s__Actinomyces_oris;s__Brachyspira_aalborgi;s__Prevotella_melaninogenica;s__Blautia_SGB59878;s__GGB3220_SGB4252;s__Prevotella_veroralis;s__Blautia_sp_An46;s__GGB1548_SGB2132;s__Streptococcus_cristatus;s__Campylobacter_concisus;s__Porphyromonas_asaccharolytica;s__Streptococcus_sanguinis;s__Streptococcus_anginosus;s__GGB9075_SGB13997;s__Actinomyces_naeslundii;s__Peptidiphaga_SGB15895;s__Rothia_SGB49305;s__Oribacterium_asaccharolyticum;s__Eubacterium_saphenum;s__Slackia_exigua;s__GGB1568_SGB2155;s__Streptococcus_agalactiae;s__Campylobacter_showae;s__GGB4676_SGB6465;s__GGB9309_SGB14270;s__GGB9243_SGB14185;s__GGB3140_SGB4153;s__Fusobacterium_nucleatum;s__Streptococcus_sobrinus;s__TM7_phylum_sp_oral_taxon_348;s__Alistipes_indistinctus;s__Olsenella_uli;s__Olsenella_timonensis;s__Candidatus_Stoquefichus_sp_SB1;s__Leptotrichia_sp_oral_taxon_221;s__GGB4694_SGB6493;s__Hydrogenoanaerobacterium_SGB53821;s__GGB9059_SGB13976;s__GGB3887_SGB5270;s__Arachnia_rubra;s__Aggregatibacter_sp_2125159857;s__Pseudoflavonifractor_sp_MSJ_37;s__GGB9088_SGB14017;s__GGB9768_SGB15386;s__Scardovia_wiggsiae;s__Prevotella_denticola;s__GGB9591_SGB15013;s__GGB3257_SGB4304;s__GGB3185_SGB4208;s__Lachnospiraceae_bacterium_EP_SM_12S_S03;s__TM7_phylum_sp_oral_taxon_352;s__Lancefieldella_parvula;s__Phocaeicola_coprophilus	full_disease_post_selection	leave_one_cohort_out_after_locked_panel	True	balanced_logistic_regression	log10(relative_abundance + 1e-6), training-fold standard scaling
CRA	Lee_2023_CRC	CRA__CRA__Lee_2023_CRC	ok	0.5816773892290132	0.5462880694199439	0.6171325360589395	5000	0.0001999600079984003	5000	True	143	143	143	746	971	196	550	419	552	s__GGB1144_SGB1468;s__Arachnia_propionica;s__Kingella_bonacorsii;s__Porphyromonas_sp_oral_taxon_278;s__Actinomyces_gerencseriae;s__Actinomyces_israelii;s__Lautropia_mirabilis;s__Prevotella_conceptionensis;s__Selenomonas_felix;s__Neisseria_bacilliformis;s__Selenomonas_SGB5896;s__Kingella_denitrificans;s__Capnocytophaga_sputigena;s__Pauljensenia_hongkongensis;s__Prevotella_baroniae;s__Prevotella_loescheii;s__Bifidobacterium_breve;s__Schaalia_meyeri;s__Tannerella_forsythia;s__Abiotrophia_sp_HMSC24B09;s__Candidatus_Methanomethylophilus_alvus;s__Treponema_denticola;s__Rothia_aeria;s__GGB1202_SGB1567;s__Rothia_mucilaginosa;s__Streptococcus_oralis;s__Propionibacterium_acidifaciens;s__Porphyromonas_endodontalis;s__Granulicatella_adiacens;s__Actinomyces_sp_HMT897;s__Prevotella_oulorum;s__Selenomonas_flueggei;s__Streptococcus_infantis;s__Eikenella_halliae;s__Actinomyces_sp_oral_taxon_448;s__Selenomonas_SGB5897;s__Granulicatella_SGB8255;s__Leptotrichia_wadei;s__Gemella_sanguinis;s__Cardiobacterium_hominis;s__GGB1202_SGB1566;s__Eubacterium_infirmum;s__GGB3883_SGB5265;s__Tannerella_sp_oral_taxon_808;s__Mogibacterium_SGB3923;s__Campylobacter_SGB19316;s__Leptotrichia_sp_oral_taxon_212;s__GGB1243_SGB1664;s__GGB9278_SGB14230;s__Arachnia_SGB15898;s__Actinomyces_dentalis;s__GGB3623_SGB4900;s__Mogibacterium_timidum;s__Streptococcus_australis;s__GGB10852_SGB17523;s__Streptococcus_constellatus;s__Prevotella_jejuni;s__Abiotrophia_defectiva;s__Gemella_morbillorum;s__GGB3449_SGB4601;s__GGB31460_SGB6499;s__Blautia_SGB71764;s__Eubacterium_sulci;s__Mogibacterium_diversum;s__Alloprevotella_tannerae;s__Porphyromonas_bobii;s__Alloprevotella_SGB1484;s__Actinomyces_massiliensis;s__Gemella_haemolysans;s__Selenomonas_noxia;s__Lactococcus_petauri;s__Enterococcus_avium;s__Clostridium_sp_AM42_4;s__Eubacterium_brachy;s__Prevotella_sp_HJM029;s__Selenomonas_SGB5880;s__Schaalia_SGB17157;s__Streptococcus_intermedius;s__GGB1144_SGB1469;s__Parvimonas_micra;s__Haemophilus_haemolyticus;s__Prevotella_pallens;s__GGB12785_SGB19827;s__Schaalia_odontolytica;s__Porphyromonas_somerae;s__Lancefieldella_rimae;s__Gemmiger_sp_An87;s__GGB3303_SGB4364;s__Cardiobacterium_SGB9419;s__Enterobacter_mori;s__Actinomyces_oris;s__Brachyspira_aalborgi;s__Prevotella_melaninogenica;s__Blautia_SGB59878;s__GGB3220_SGB4252;s__Prevotella_veroralis;s__Blautia_sp_An46;s__GGB1548_SGB2132;s__Streptococcus_cristatus;s__Campylobacter_concisus;s__Porphyromonas_asaccharolytica;s__Streptococcus_sanguinis;s__Streptococcus_anginosus;s__GGB9075_SGB13997;s__Actinomyces_naeslundii;s__Peptidiphaga_SGB15895;s__Rothia_SGB49305;s__Oribacterium_asaccharolyticum;s__Eubacterium_saphenum;s__Slackia_exigua;s__GGB1568_SGB2155;s__Streptococcus_agalactiae;s__Campylobacter_showae;s__GGB4676_SGB6465;s__GGB9309_SGB14270;s__GGB9243_SGB14185;s__GGB3140_SGB4153;s__Fusobacterium_nucleatum;s__Streptococcus_sobrinus;s__TM7_phylum_sp_oral_taxon_348;s__Alistipes_indistinctus;s__Olsenella_uli;s__Olsenella_timonensis;s__Candidatus_Stoquefichus_sp_SB1;s__Leptotrichia_sp_oral_taxon_221;s__GGB4694_SGB6493;s__Hydrogenoanaerobacterium_SGB53821;s__GGB9059_SGB13976;s__GGB3887_SGB5270;s__Arachnia_rubra;s__Aggregatibacter_sp_2125159857;s__Pseudoflavonifractor_sp_MSJ_37;s__GGB9088_SGB14017;s__GGB9768_SGB15386;s__Scardovia_wiggsiae;s__Prevotella_denticola;s__GGB9591_SGB15013;s__GGB3257_SGB4304;s__GGB3185_SGB4208;s__Lachnospiraceae_bacterium_EP_SM_12S_S03;s__TM7_phylum_sp_oral_taxon_352;s__Lancefieldella_parvula;s__Phocaeicola_coprophilus	full_disease_post_selection	leave_one_cohort_out_after_locked_panel	True	balanced_logistic_regression	log10(relative_abundance + 1e-6), training-fold standard scaling
CRA	Thomas_2019_CRC_Italy	CRA__CRC__Thomas_2019_CRC_Italy	ok	0.5662393162393162	0.43125890313390314	0.6972934472934472	5000	0.16496700659868027	5000	False	143	143	143	1638	79	588	1050	27	52	s__GGB1144_SGB1468;s__Arachnia_propionica;s__Kingella_bonacorsii;s__Porphyromonas_sp_oral_taxon_278;s__Actinomyces_gerencseriae;s__Actinomyces_israelii;s__Lautropia_mirabilis;s__Prevotella_conceptionensis;s__Selenomonas_felix;s__Neisseria_bacilliformis;s__Selenomonas_SGB5896;s__Kingella_denitrificans;s__Capnocytophaga_sputigena;s__Pauljensenia_hongkongensis;s__Prevotella_baroniae;s__Prevotella_loescheii;s__Bifidobacterium_breve;s__Schaalia_meyeri;s__Tannerella_forsythia;s__Abiotrophia_sp_HMSC24B09;s__Candidatus_Methanomethylophilus_alvus;s__Treponema_denticola;s__Rothia_aeria;s__GGB1202_SGB1567;s__Rothia_mucilaginosa;s__Streptococcus_oralis;s__Propionibacterium_acidifaciens;s__Porphyromonas_endodontalis;s__Granulicatella_adiacens;s__Actinomyces_sp_HMT897;s__Prevotella_oulorum;s__Selenomonas_flueggei;s__Streptococcus_infantis;s__Eikenella_halliae;s__Actinomyces_sp_oral_taxon_448;s__Selenomonas_SGB5897;s__Granulicatella_SGB8255;s__Leptotrichia_wadei;s__Gemella_sanguinis;s__Cardiobacterium_hominis;s__GGB1202_SGB1566;s__Eubacterium_infirmum;s__GGB3883_SGB5265;s__Tannerella_sp_oral_taxon_808;s__Mogibacterium_SGB3923;s__Campylobacter_SGB19316;s__Leptotrichia_sp_oral_taxon_212;s__GGB1243_SGB1664;s__GGB9278_SGB14230;s__Arachnia_SGB15898;s__Actinomyces_dentalis;s__GGB3623_SGB4900;s__Mogibacterium_timidum;s__Streptococcus_australis;s__GGB10852_SGB17523;s__Streptococcus_constellatus;s__Prevotella_jejuni;s__Abiotrophia_defectiva;s__Gemella_morbillorum;s__GGB3449_SGB4601;s__GGB31460_SGB6499;s__Blautia_SGB71764;s__Eubacterium_sulci;s__Mogibacterium_diversum;s__Alloprevotella_tannerae;s__Porphyromonas_bobii;s__Alloprevotella_SGB1484;s__Actinomyces_massiliensis;s__Gemella_haemolysans;s__Selenomonas_noxia;s__Lactococcus_petauri;s__Enterococcus_avium;s__Clostridium_sp_AM42_4;s__Eubacterium_brachy;s__Prevotella_sp_HJM029;s__Selenomonas_SGB5880;s__Schaalia_SGB17157;s__Streptococcus_intermedius;s__GGB1144_SGB1469;s__Parvimonas_micra;s__Haemophilus_haemolyticus;s__Prevotella_pallens;s__GGB12785_SGB19827;s__Schaalia_odontolytica;s__Porphyromonas_somerae;s__Lancefieldella_rimae;s__Gemmiger_sp_An87;s__GGB3303_SGB4364;s__Cardiobacterium_SGB9419;s__Enterobacter_mori;s__Actinomyces_oris;s__Brachyspira_aalborgi;s__Prevotella_melaninogenica;s__Blautia_SGB59878;s__GGB3220_SGB4252;s__Prevotella_veroralis;s__Blautia_sp_An46;s__GGB1548_SGB2132;s__Streptococcus_cristatus;s__Campylobacter_concisus;s__Porphyromonas_asaccharolytica;s__Streptococcus_sanguinis;s__Streptococcus_anginosus;s__GGB9075_SGB13997;s__Actinomyces_naeslundii;s__Peptidiphaga_SGB15895;s__Rothia_SGB49305;s__Oribacterium_asaccharolyticum;s__Eubacterium_saphenum;s__Slackia_exigua;s__GGB1568_SGB2155;s__Streptococcus_agalactiae;s__Campylobacter_showae;s__GGB4676_SGB6465;s__GGB9309_SGB14270;s__GGB9243_SGB14185;s__GGB3140_SGB4153;s__Fusobacterium_nucleatum;s__Streptococcus_sobrinus;s__TM7_phylum_sp_oral_taxon_348;s__Alistipes_indistinctus;s__Olsenella_uli;s__Olsenella_timonensis;s__Candidatus_Stoquefichus_sp_SB1;s__Leptotrichia_sp_oral_taxon_221;s__GGB4694_SGB6493;s__Hydrogenoanaerobacterium_SGB53821;s__GGB9059_SGB13976;s__GGB3887_SGB5270;s__Arachnia_rubra;s__Aggregatibacter_sp_2125159857;s__Pseudoflavonifractor_sp_MSJ_37;s__GGB9088_SGB14017;s__GGB9768_SGB15386;s__Scardovia_wiggsiae;s__Prevotella_denticola;s__GGB9591_SGB15013;s__GGB3257_SGB4304;s__GGB3185_SGB4208;s__Lachnospiraceae_bacterium_EP_SM_12S_S03;s__TM7_phylum_sp_oral_taxon_352;s__Lancefieldella_parvula;s__Phocaeicola_coprophilus	full_disease_post_selection	leave_one_cohort_out_after_locked_panel	True	balanced_logistic_regression	log10(relative_abundance + 1e-6), training-fold standard scaling
CRA	Yachida_2019_CRC	CRA__CRC__Yachida_2019_CRC	ok	0.49824407374890245	0.41609254764241077	0.5766158394876827	5000	0.5256948610277944	5000	False	143	143	143	1361	356	548	813	67	289	s__GGB1144_SGB1468;s__Arachnia_propionica;s__Kingella_bonacorsii;s__Porphyromonas_sp_oral_taxon_278;s__Actinomyces_gerencseriae;s__Actinomyces_israelii;s__Lautropia_mirabilis;s__Prevotella_conceptionensis;s__Selenomonas_felix;s__Neisseria_bacilliformis;s__Selenomonas_SGB5896;s__Kingella_denitrificans;s__Capnocytophaga_sputigena;s__Pauljensenia_hongkongensis;s__Prevotella_baroniae;s__Prevotella_loescheii;s__Bifidobacterium_breve;s__Schaalia_meyeri;s__Tannerella_forsythia;s__Abiotrophia_sp_HMSC24B09;s__Candidatus_Methanomethylophilus_alvus;s__Treponema_denticola;s__Rothia_aeria;s__GGB1202_SGB1567;s__Rothia_mucilaginosa;s__Streptococcus_oralis;s__Propionibacterium_acidifaciens;s__Porphyromonas_endodontalis;s__Granulicatella_adiacens;s__Actinomyces_sp_HMT897;s__Prevotella_oulorum;s__Selenomonas_flueggei;s__Streptococcus_infantis;s__Eikenella_halliae;s__Actinomyces_sp_oral_taxon_448;s__Selenomonas_SGB5897;s__Granulicatella_SGB8255;s__Leptotrichia_wadei;s__Gemella_sanguinis;s__Cardiobacterium_hominis;s__GGB1202_SGB1566;s__Eubacterium_infirmum;s__GGB3883_SGB5265;s__Tannerella_sp_oral_taxon_808;s__Mogibacterium_SGB3923;s__Campylobacter_SGB19316;s__Leptotrichia_sp_oral_taxon_212;s__GGB1243_SGB1664;s__GGB9278_SGB14230;s__Arachnia_SGB15898;s__Actinomyces_dentalis;s__GGB3623_SGB4900;s__Mogibacterium_timidum;s__Streptococcus_australis;s__GGB10852_SGB17523;s__Streptococcus_constellatus;s__Prevotella_jejuni;s__Abiotrophia_defectiva;s__Gemella_morbillorum;s__GGB3449_SGB4601;s__GGB31460_SGB6499;s__Blautia_SGB71764;s__Eubacterium_sulci;s__Mogibacterium_diversum;s__Alloprevotella_tannerae;s__Porphyromonas_bobii;s__Alloprevotella_SGB1484;s__Actinomyces_massiliensis;s__Gemella_haemolysans;s__Selenomonas_noxia;s__Lactococcus_petauri;s__Enterococcus_avium;s__Clostridium_sp_AM42_4;s__Eubacterium_brachy;s__Prevotella_sp_HJM029;s__Selenomonas_SGB5880;s__Schaalia_SGB17157;s__Streptococcus_intermedius;s__GGB1144_SGB1469;s__Parvimonas_micra;s__Haemophilus_haemolyticus;s__Prevotella_pallens;s__GGB12785_SGB19827;s__Schaalia_odontolytica;s__Porphyromonas_somerae;s__Lancefieldella_rimae;s__Gemmiger_sp_An87;s__GGB3303_SGB4364;s__Cardiobacterium_SGB9419;s__Enterobacter_mori;s__Actinomyces_oris;s__Brachyspira_aalborgi;s__Prevotella_melaninogenica;s__Blautia_SGB59878;s__GGB3220_SGB4252;s__Prevotella_veroralis;s__Blautia_sp_An46;s__GGB1548_SGB2132;s__Streptococcus_cristatus;s__Campylobacter_concisus;s__Porphyromonas_asaccharolytica;s__Streptococcus_sanguinis;s__Streptococcus_anginosus;s__GGB9075_SGB13997;s__Actinomyces_naeslundii;s__Peptidiphaga_SGB15895;s__Rothia_SGB49305;s__Oribacterium_asaccharolyticum;s__Eubacterium_saphenum;s__Slackia_exigua;s__GGB1568_SGB2155;s__Streptococcus_agalactiae;s__Campylobacter_showae;s__GGB4676_SGB6465;s__GGB9309_SGB14270;s__GGB9243_SGB14185;s__GGB3140_SGB4153;s__Fusobacterium_nucleatum;s__Streptococcus_sobrinus;s__TM7_phylum_sp_oral_taxon_348;s__Alistipes_indistinctus;s__Olsenella_uli;s__Olsenella_timonensis;s__Candidatus_Stoquefichus_sp_SB1;s__Leptotrichia_sp_oral_taxon_221;s__GGB4694_SGB6493;s__Hydrogenoanaerobacterium_SGB53821;s__GGB9059_SGB13976;s__GGB3887_SGB5270;s__Arachnia_rubra;s__Aggregatibacter_sp_2125159857;s__Pseudoflavonifractor_sp_MSJ_37;s__GGB9088_SGB14017;s__GGB9768_SGB15386;s__Scardovia_wiggsiae;s__Prevotella_denticola;s__GGB9591_SGB15013;s__GGB3257_SGB4304;s__GGB3185_SGB4208;s__Lachnospiraceae_bacterium_EP_SM_12S_S03;s__TM7_phylum_sp_oral_taxon_352;s__Lancefieldella_parvula;s__Phocaeicola_coprophilus	full_disease_post_selection	leave_one_cohort_out_after_locked_panel	True	balanced_logistic_regression	log10(relative_abundance + 1e-6), training-fold standard scaling
CRA	Zeller_2014_CRC_France	CRA__CRC__Zeller_2014_CRC_France	ok	0.6154882154882155	0.503030303030303	0.7212121212121212	5000	0.07658468306338732	5000	False	143	143	143	1603	114	600	1003	15	99	s__GGB1144_SGB1468;s__Arachnia_propionica;s__Kingella_bonacorsii;s__Porphyromonas_sp_oral_taxon_278;s__Actinomyces_gerencseriae;s__Actinomyces_israelii;s__Lautropia_mirabilis;s__Prevotella_conceptionensis;s__Selenomonas_felix;s__Neisseria_bacilliformis;s__Selenomonas_SGB5896;s__Kingella_denitrificans;s__Capnocytophaga_sputigena;s__Pauljensenia_hongkongensis;s__Prevotella_baroniae;s__Prevotella_loescheii;s__Bifidobacterium_breve;s__Schaalia_meyeri;s__Tannerella_forsythia;s__Abiotrophia_sp_HMSC24B09;s__Candidatus_Methanomethylophilus_alvus;s__Treponema_denticola;s__Rothia_aeria;s__GGB1202_SGB1567;s__Rothia_mucilaginosa;s__Streptococcus_oralis;s__Propionibacterium_acidifaciens;s__Porphyromonas_endodontalis;s__Granulicatella_adiacens;s__Actinomyces_sp_HMT897;s__Prevotella_oulorum;s__Selenomonas_flueggei;s__Streptococcus_infantis;s__Eikenella_halliae;s__Actinomyces_sp_oral_taxon_448;s__Selenomonas_SGB5897;s__Granulicatella_SGB8255;s__Leptotrichia_wadei;s__Gemella_sanguinis;s__Cardiobacterium_hominis;s__GGB1202_SGB1566;s__Eubacterium_infirmum;s__GGB3883_SGB5265;s__Tannerella_sp_oral_taxon_808;s__Mogibacterium_SGB3923;s__Campylobacter_SGB19316;s__Leptotrichia_sp_oral_taxon_212;s__GGB1243_SGB1664;s__GGB9278_SGB14230;s__Arachnia_SGB15898;s__Actinomyces_dentalis;s__GGB3623_SGB4900;s__Mogibacterium_timidum;s__Streptococcus_australis;s__GGB10852_SGB17523;s__Streptococcus_constellatus;s__Prevotella_jejuni;s__Abiotrophia_defectiva;s__Gemella_morbillorum;s__GGB3449_SGB4601;s__GGB31460_SGB6499;s__Blautia_SGB71764;s__Eubacterium_sulci;s__Mogibacterium_diversum;s__Alloprevotella_tannerae;s__Porphyromonas_bobii;s__Alloprevotella_SGB1484;s__Actinomyces_massiliensis;s__Gemella_haemolysans;s__Selenomonas_noxia;s__Lactococcus_petauri;s__Enterococcus_avium;s__Clostridium_sp_AM42_4;s__Eubacterium_brachy;s__Prevotella_sp_HJM029;s__Selenomonas_SGB5880;s__Schaalia_SGB17157;s__Streptococcus_intermedius;s__GGB1144_SGB1469;s__Parvimonas_micra;s__Haemophilus_haemolyticus;s__Prevotella_pallens;s__GGB12785_SGB19827;s__Schaalia_odontolytica;s__Porphyromonas_somerae;s__Lancefieldella_rimae;s__Gemmiger_sp_An87;s__GGB3303_SGB4364;s__Cardiobacterium_SGB9419;s__Enterobacter_mori;s__Actinomyces_oris;s__Brachyspira_aalborgi;s__Prevotella_melaninogenica;s__Blautia_SGB59878;s__GGB3220_SGB4252;s__Prevotella_veroralis;s__Blautia_sp_An46;s__GGB1548_SGB2132;s__Streptococcus_cristatus;s__Campylobacter_concisus;s__Porphyromonas_asaccharolytica;s__Streptococcus_sanguinis;s__Streptococcus_anginosus;s__GGB9075_SGB13997;s__Actinomyces_naeslundii;s__Peptidiphaga_SGB15895;s__Rothia_SGB49305;s__Oribacterium_asaccharolyticum;s__Eubacterium_saphenum;s__Slackia_exigua;s__GGB1568_SGB2155;s__Streptococcus_agalactiae;s__Campylobacter_showae;s__GGB4676_SGB6465;s__GGB9309_SGB14270;s__GGB9243_SGB14185;s__GGB3140_SGB4153;s__Fusobacterium_nucleatum;s__Streptococcus_sobrinus;s__TM7_phylum_sp_oral_taxon_348;s__Alistipes_indistinctus;s__Olsenella_uli;s__Olsenella_timonensis;s__Candidatus_Stoquefichus_sp_SB1;s__Leptotrichia_sp_oral_taxon_221;s__GGB4694_SGB6493;s__Hydrogenoanaerobacterium_SGB53821;s__GGB9059_SGB13976;s__GGB3887_SGB5270;s__Arachnia_rubra;s__Aggregatibacter_sp_2125159857;s__Pseudoflavonifractor_sp_MSJ_37;s__GGB9088_SGB14017;s__GGB9768_SGB15386;s__Scardovia_wiggsiae;s__Prevotella_denticola;s__GGB9591_SGB15013;s__GGB3257_SGB4304;s__GGB3185_SGB4208;s__Lachnospiraceae_bacterium_EP_SM_12S_S03;s__TM7_phylum_sp_oral_taxon_352;s__Lancefieldella_parvula;s__Phocaeicola_coprophilus	full_disease_post_selection	leave_one_cohort_out_after_locked_panel	True	balanced_logistic_regression	log10(relative_abundance + 1e-6), training-fold standard scaling
CRC	Feng_2015_CRC_Austria	CRC__CRC__Feng_2015_CRC_Austria	ok	0.8367839889579021	0.7615596963423051	0.9040847135955831	5000	0.0001999600079984003	5000	True	18	18	18	1452	109	714	738	46	63	s__Fusobacterium_nucleatum;s__Parvimonas_micra;s__Peptostreptococcus_anaerobius;s__Porphyromonas_somerae;s__Peptostreptococcus_stomatis;s__Dialister_pneumosintes;s__Gemella_morbillorum;s__GGB3885_SGB5268;s__Porphyromonas_asaccharolytica;s__Fusobacterium_necrophorum;s__Prevotella_intermedia;s__Solobacterium_moorei;s__GGB4708_SGB6518;s__Porphyromonas_SGB1979;s__GGB9256_SGB14202;s__GGB3012_SGB4003;s__Atopobium_minutum;s__Anaerococcus_obesiensis	full_disease_post_selection	leave_one_cohort_out_after_locked_panel	True	balanced_logistic_regression	log10(relative_abundance + 1e-6), training-fold standard scaling
CRC	Gao_2021_CRC	CRC__CRC__Gao_2021_CRC	ok	0.8284233496999456	0.7381342062193127	0.9121658483360611	5000	0.0001999600079984003	5000	True	18	18	18	1475	86	721	754	39	47	s__Fusobacterium_nucleatum;s__Parvimonas_micra;s__Peptostreptococcus_anaerobius;s__Porphyromonas_somerae;s__Peptostreptococcus_stomatis;s__Dialister_pneumosintes;s__Gemella_morbillorum;s__GGB3885_SGB5268;s__Porphyromonas_asaccharolytica;s__Fusobacterium_necrophorum;s__Prevotella_intermedia;s__Solobacterium_moorei;s__GGB4708_SGB6518;s__Porphyromonas_SGB1979;s__GGB9256_SGB14202;s__GGB3012_SGB4003;s__Atopobium_minutum;s__Anaerococcus_obesiensis	full_disease_post_selection	leave_one_cohort_out_after_locked_panel	True	balanced_logistic_regression	log10(relative_abundance + 1e-6), training-fold standard scaling
CRC	Liu_2022_CRC_China	CRC__CRC__Liu_2022_CRC_China	ok	0.5923076923076923	0.506025641025641	0.6758710407239819	5000	0.019596080783843232	5000	True	18	18	18	1398	163	682	716	78	85	s__Fusobacterium_nucleatum;s__Parvimonas_micra;s__Peptostreptococcus_anaerobius;s__Porphyromonas_somerae;s__Peptostreptococcus_stomatis;s__Dialister_pneumosintes;s__Gemella_morbillorum;s__GGB3885_SGB5268;s__Porphyromonas_asaccharolytica;s__Fusobacterium_necrophorum;s__Prevotella_intermedia;s__Solobacterium_moorei;s__GGB4708_SGB6518;s__Porphyromonas_SGB1979;s__GGB9256_SGB14202;s__GGB3012_SGB4003;s__Atopobium_minutum;s__Anaerococcus_obesiensis	full_disease_post_selection	leave_one_cohort_out_after_locked_panel	True	balanced_logistic_regression	log10(relative_abundance + 1e-6), training-fold standard scaling
CRC	Thomas_2019_CRC_Italy	CRC__CRC__Thomas_2019_CRC_Italy	ok	0.7632408575031526	0.6907274590163934	0.8316519546027742	5000	0.0001999600079984003	5000	True	18	18	18	1448	113	699	749	61	52	s__Fusobacterium_nucleatum;s__Parvimonas_micra;s__Peptostreptococcus_anaerobius;s__Porphyromonas_somerae;s__Peptostreptococcus_stomatis;s__Dialister_pneumosintes;s__Gemella_morbillorum;s__GGB3885_SGB5268;s__Porphyromonas_asaccharolytica;s__Fusobacterium_necrophorum;s__Prevotella_intermedia;s__Solobacterium_moorei;s__GGB4708_SGB6518;s__Porphyromonas_SGB1979;s__GGB9256_SGB14202;s__GGB3012_SGB4003;s__Atopobium_minutum;s__Anaerococcus_obesiensis	full_disease_post_selection	leave_one_cohort_out_after_locked_panel	True	balanced_logistic_regression	log10(relative_abundance + 1e-6), training-fold standard scaling
CRC	Vogtmann_2016_CRC_USA	CRC__CRC__Vogtmann_2016_CRC_USA	ok	0.7533284023668639	0.676405325443787	0.8265532544378698	5000	0.0001999600079984003	5000	True	18	18	18	1457	104	708	749	52	52	s__Fusobacterium_nucleatum;s__Parvimonas_micra;s__Peptostreptococcus_anaerobius;s__Porphyromonas_somerae;s__Peptostreptococcus_stomatis;s__Dialister_pneumosintes;s__Gemella_morbillorum;s__GGB3885_SGB5268;s__Porphyromonas_asaccharolytica;s__Fusobacterium_necrophorum;s__Prevotella_intermedia;s__Solobacterium_moorei;s__GGB4708_SGB6518;s__Porphyromonas_SGB1979;s__GGB9256_SGB14202;s__GGB3012_SGB4003;s__Atopobium_minutum;s__Anaerococcus_obesiensis	full_disease_post_selection	leave_one_cohort_out_after_locked_panel	True	balanced_logistic_regression	log10(relative_abundance + 1e-6), training-fold standard scaling
CRC	Wirbel_2019_CRC_Germany	CRC__CRC__Wirbel_2019_CRC_Germany	ok	0.8133333333333334	0.7401354166666666	0.882642361111111	5000	0.0001999600079984003	5000	True	18	18	18	1441	120	700	741	60	60	s__Fusobacterium_nucleatum;s__Parvimonas_micra;s__Peptostreptococcus_anaerobius;s__Porphyromonas_somerae;s__Peptostreptococcus_stomatis;s__Dialister_pneumosintes;s__Gemella_morbillorum;s__GGB3885_SGB5268;s__Porphyromonas_asaccharolytica;s__Fusobacterium_necrophorum;s__Prevotella_intermedia;s__Solobacterium_moorei;s__GGB4708_SGB6518;s__Porphyromonas_SGB1979;s__GGB9256_SGB14202;s__GGB3012_SGB4003;s__Atopobium_minutum;s__Anaerococcus_obesiensis	full_disease_post_selection	leave_one_cohort_out_after_locked_panel	True	balanced_logistic_regression	log10(relative_abundance + 1e-6), training-fold standard scaling
CRC	Yachida_2019_CRC	CRC__CRC__Yachida_2019_CRC	ok	0.6606629029320706	0.6243903660535423	0.6996307594245128	5000	0.0001999600079984003	5000	True	18	18	18	987	574	475	512	285	289	s__Fusobacterium_nucleatum;s__Parvimonas_micra;s__Peptostreptococcus_anaerobius;s__Porphyromonas_somerae;s__Peptostreptococcus_stomatis;s__Dialister_pneumosintes;s__Gemella_morbillorum;s__GGB3885_SGB5268;s__Porphyromonas_asaccharolytica;s__Fusobacterium_necrophorum;s__Prevotella_intermedia;s__Solobacterium_moorei;s__GGB4708_SGB6518;s__Porphyromonas_SGB1979;s__GGB9256_SGB14202;s__GGB3012_SGB4003;s__Atopobium_minutum;s__Anaerococcus_obesiensis	full_disease_post_selection	leave_one_cohort_out_after_locked_panel	True	balanced_logistic_regression	log10(relative_abundance + 1e-6), training-fold standard scaling
CRC	Yu_2017_CRC_China	CRC__CRC__Yu_2017_CRC_China	ok	0.8185685685685686	0.7462462462462464	0.8838838838838838	5000	0.0001999600079984003	5000	True	18	18	18	1433	128	686	747	74	54	s__Fusobacterium_nucleatum;s__Parvimonas_micra;s__Peptostreptococcus_anaerobius;s__Porphyromonas_somerae;s__Peptostreptococcus_stomatis;s__Dialister_pneumosintes;s__Gemella_morbillorum;s__GGB3885_SGB5268;s__Porphyromonas_asaccharolytica;s__Fusobacterium_necrophorum;s__Prevotella_intermedia;s__Solobacterium_moorei;s__GGB4708_SGB6518;s__Porphyromonas_SGB1979;s__GGB9256_SGB14202;s__GGB3012_SGB4003;s__Atopobium_minutum;s__Anaerococcus_obesiensis	full_disease_post_selection	leave_one_cohort_out_after_locked_panel	True	balanced_logistic_regression	log10(relative_abundance + 1e-6), training-fold standard scaling
CRC	Zeller_2014_CRC_France	CRC__CRC__Zeller_2014_CRC_France	ok	0.7431235431235431	0.6661888111888112	0.8206721056721057	5000	0.0001999600079984003	5000	True	18	18	18	1397	164	695	702	65	99	s__Fusobacterium_nucleatum;s__Parvimonas_micra;s__Peptostreptococcus_anaerobius;s__Porphyromonas_somerae;s__Peptostreptococcus_stomatis;s__Dialister_pneumosintes;s__Gemella_morbillorum;s__GGB3885_SGB5268;s__Porphyromonas_asaccharolytica;s__Fusobacterium_necrophorum;s__Prevotella_intermedia;s__Solobacterium_moorei;s__GGB4708_SGB6518;s__Porphyromonas_SGB1979;s__GGB9256_SGB14202;s__GGB3012_SGB4003;s__Atopobium_minutum;s__Anaerococcus_obesiensis	full_disease_post_selection	leave_one_cohort_out_after_locked_panel	True	balanced_logistic_regression	log10(relative_abundance + 1e-6), training-fold standard scaling
IBD	Braun_2024_Crohn	IBD__IBD__Braun_2024_Crohn	ok	0.7366946778711485	0.5657563025210084	0.8851540616246498	5000	0.004999000199960008	5000	True	185	185	185	3024	38	2254	770	17	21	s__GGB6567_SGB9277;s__Alistipes_sp_AF17_16;s__Coprococcus_SGB26904;s__GGB9266_SGB14215;s__GGB9271_SGB14223;s__GGB2998_SGB3989;s__GGB9290_SGB14247;s__GGB1331_SGB1787;s__GGB9707_SGB15229;s__GGB4237_SGB5728;s__Oscillospiraceae_bacterium;s__GGB5973_SGB8589;s__Wujia_chipingensis;s__GGB9747_SGB15356;s__GGB3474_SGB4637;s__GGB13404_SGB14252;s__Jutongia_huaianensis;s__GGB1530_SGB2113;s__GGB9253_SGB14198;s__GGB33665_SGB47358;s__GGB3142_SGB4155;s__Oscillibacter_sp_MSJ_31;s__Lachnospiraceae_unclassified_SGB4892;s__Clostridium_sp_AM49_4BH;s__Bacteroidales_bacterium;s__Clostridioides_difficile;s__GGB9595_SGB15018;s__GGB3619_SGB4894;s__GGB3169_SGB4183;s__Alistipes_shahii;s__GGB9082_SGB14007;s__GGB2998_SGB3988;s__GGB51884_SGB49168;s__GGB9060_SGB13977;s__Blautia_producta;s__GGB52384_SGB61014;s__GGB4586_SGB6343;s__GGB9699_SGB15216;s__GGB9616_SGB15051;s__GGB1458_SGB2021;s__GGB9760_SGB15373;s__Jilunia_laotingensis;s__Simiaoa_sunii;s__Ruminococcus_champanellensis;s__Oscillospiraceae_bacterium_Marseille_Q3528;s__Enterocloster_clostridioformis;s__GGB9531_SGB14932;s__Clostridiales_bacterium_CHKCI006;s__GGB9759_SGB15370;s__Fusobacterium_nucleatum;s__GGB6544_SGB9242;s__GGB9635_SGB15103;s__GGB3478_SGB4643;s__GGB9715_SGB15267;s__Clostridiaceae_bacterium_Marseille_Q4145;s__GGB9444_SGB14834;s__GGB1543_SGB2126;s__Ligaoa_zhengdingensis;s__Gemmiger_formicilis;s__Klebsiella_oxytoca;s__GGB2983_SGB3965;s__GGB4683_SGB6473;s__GGB9737_SGB15309;s__Erysipelatoclostridium_ramosum;s__GGB3146_SGB4159;s__Butyrivibrio_crossotus;s__GGB3730_SGB5060;s__GGB3288_SGB4342;s__GGB9258_SGB14205;s__Lachnospiraceae_bacterium_CLA_AA_H244;s__GGB6132_SGB8779;s__Streptococcus_parasanguinis;s__Alistipes_ihumii;s__GGB9712_SGB15244;s__Alistipes_SGB2300;s__Methanomassiliicoccaceae_archaeon_DOK;s__GGB3058_SGB4060;s__Enterocloster_bolteae;s__Lachnospira_sp_NSJ_43;s__GGB3616_SGB4888;s__Alistipes_putredinis;s__Faecalimonas_umbilicata;s__Lachnospiraceae_bacterium_AM48_27BH;s__GGB9534_SGB14937;s__GGB9593_SGB15015;s__GGB6001_SGB8624;s__Roseburia_lenta;s__GGB9081_SGB14005;s__GGB9088_SGB14016;s__Leuconostoc_citreum;s__Bacteroides_caecigallinarum;s__Lactobacillus_acidophilus;s__Dialister_pneumosintes;s__Streptococcus_oralis;s__Drancourtella_massiliensis;s__Butyricicoccus_SGB14985;s__GGB9450_SGB14840;s__Lachnospiraceae_bacterium_OM04_12BH;s__GGB9597_SGB15022;s__Enterococcus_faecium;s__GGB4651_SGB6438;s__Eubacterium_siraeum;s__GGB33469_SGB15237;s__Victivallis_lenta;s__Clostridium_butyricum;s__GGB9760_SGB15374;s__Lactiplantibacillus_plantarum;s__Oscillibacter_sp_ER4;s__Eubacterium_ventriosum;s__GGB33586_SGB53517;s__Veillonellaceae_bacterium;s__Barnesiella_intestinihominis;s__GGB3480_SGB4648;s__Oscillospiraceae_unclassified_SGB15252;s__Clostridiaceae_unclassified_SGB4771;s__Prevotella_corporis;s__Veillonella_seminalis;s__GGB4564_SGB6302;s__GGB9635_SGB15106;s__Clostridiaceae_bacterium_AF18_31LB;s__GGB3653_SGB4964;s__Enterocloster_aldenensis;s__Lactobacillus_johnsonii;s__Bifidobacterium_dentium;s__GGB79118_SGB105839;s__Rothia_mucilaginosa;s__GGB81342_SGB47944;s__GGB9545_SGB14951;s__GGB4717_SGB6533;s__Lacticaseibacillus_paracasei;s__GGB9786_SGB15409;s__Streptococcus_cristatus;s__GGB9758_SGB15368;s__GGB9766_SGB15383;s__GGB9690_SGB15196;s__GGB3632_SGB4921;s__GGB9347_SGB14313;s__Faecalicatena_fissicatena;s__Clostridiaceae_bacterium_Marseille_Q4143;s__Actinomyces_sp_ph3;s__GGB9708_SGB15233;s__GGB3345_SGB4425;s__Parabacteroides_goldsteinii;s__GGB9365_SGB14341;s__Lachnospiraceae_bacterium_CLA_AA_H215;s__Streptococcus_infantis;s__GGB9618_SGB15064;s__GGB9198_SGB14137;s__Dysgonomonas_mossii;s__GGB3061_SGB4063;s__Ruminococcus_bromii;s__GGB13489_SGB15224;s__Terrisporobacter_mayombei;s__Alistipes_finegoldii;s__Actinomyces_graevenitzii;s__GGB53380_SGB74412;s__Prevotella_buccae;s__GGB9696_SGB15212;s__Faecalibacterium_sp_HTFF;s__GGB4552_SGB6276;s__Clostridium_symbiosum;s__Vescimonas_coprocola;s__GGB6007_SGB8633;s__GGB49418_SGB69331;s__GGB6012_SGB8640;s__GGB3267_SGB4317;s__Granulicatella_SGB8255;s__Bifidobacterium_scardovii;s__Actinomyces_oris;s__GGB9253_SGB14199;s__Enterococcus_raffinosus;s__GGB2958_SGB3940;s__GGB2652_SGB3573;s__Mitsuokella_jalaludinii;s__Veillonella_atypica;s__Gemella_morbillorum;s__Limosilactobacillus_fermentum;s__GGB9813_SGB15447;s__Desulfovibrio_fairfieldensis;s__GGB9819_SGB15460;s__GGB9708_SGB15234;s__GGB4584_SGB6338;s__GGB74220_SGB4052;s__GGB6610_SGB9344;s__GGB9080_SGB14004	full_disease_post_selection	leave_one_cohort_out_after_locked_panel	True	balanced_logistic_regression	log10(relative_abundance + 1e-6), training-fold standard scaling
IBD	Bushman_2020_pediatric_Cdiff_IBD	IBD__IBD__Bushman_2020_pediatric_Cdiff_IBD	ok	0.7639767932489452	0.6727320675105486	0.8459981540084387	5000	0.0001999600079984003	5000	True	185	185	185	2935	127	2192	743	79	48	s__GGB6567_SGB9277;s__Alistipes_sp_AF17_16;s__Coprococcus_SGB26904;s__GGB9266_SGB14215;s__GGB9271_SGB14223;s__GGB2998_SGB3989;s__GGB9290_SGB14247;s__GGB1331_SGB1787;s__GGB9707_SGB15229;s__GGB4237_SGB5728;s__Oscillospiraceae_bacterium;s__GGB5973_SGB8589;s__Wujia_chipingensis;s__GGB9747_SGB15356;s__GGB3474_SGB4637;s__GGB13404_SGB14252;s__Jutongia_huaianensis;s__GGB1530_SGB2113;s__GGB9253_SGB14198;s__GGB33665_SGB47358;s__GGB3142_SGB4155;s__Oscillibacter_sp_MSJ_31;s__Lachnospiraceae_unclassified_SGB4892;s__Clostridium_sp_AM49_4BH;s__Bacteroidales_bacterium;s__Clostridioides_difficile;s__GGB9595_SGB15018;s__GGB3619_SGB4894;s__GGB3169_SGB4183;s__Alistipes_shahii;s__GGB9082_SGB14007;s__GGB2998_SGB3988;s__GGB51884_SGB49168;s__GGB9060_SGB13977;s__Blautia_producta;s__GGB52384_SGB61014;s__GGB4586_SGB6343;s__GGB9699_SGB15216;s__GGB9616_SGB15051;s__GGB1458_SGB2021;s__GGB9760_SGB15373;s__Jilunia_laotingensis;s__Simiaoa_sunii;s__Ruminococcus_champanellensis;s__Oscillospiraceae_bacterium_Marseille_Q3528;s__Enterocloster_clostridioformis;s__GGB9531_SGB14932;s__Clostridiales_bacterium_CHKCI006;s__GGB9759_SGB15370;s__Fusobacterium_nucleatum;s__GGB6544_SGB9242;s__GGB9635_SGB15103;s__GGB3478_SGB4643;s__GGB9715_SGB15267;s__Clostridiaceae_bacterium_Marseille_Q4145;s__GGB9444_SGB14834;s__GGB1543_SGB2126;s__Ligaoa_zhengdingensis;s__Gemmiger_formicilis;s__Klebsiella_oxytoca;s__GGB2983_SGB3965;s__GGB4683_SGB6473;s__GGB9737_SGB15309;s__Erysipelatoclostridium_ramosum;s__GGB3146_SGB4159;s__Butyrivibrio_crossotus;s__GGB3730_SGB5060;s__GGB3288_SGB4342;s__GGB9258_SGB14205;s__Lachnospiraceae_bacterium_CLA_AA_H244;s__GGB6132_SGB8779;s__Streptococcus_parasanguinis;s__Alistipes_ihumii;s__GGB9712_SGB15244;s__Alistipes_SGB2300;s__Methanomassiliicoccaceae_archaeon_DOK;s__GGB3058_SGB4060;s__Enterocloster_bolteae;s__Lachnospira_sp_NSJ_43;s__GGB3616_SGB4888;s__Alistipes_putredinis;s__Faecalimonas_umbilicata;s__Lachnospiraceae_bacterium_AM48_27BH;s__GGB9534_SGB14937;s__GGB9593_SGB15015;s__GGB6001_SGB8624;s__Roseburia_lenta;s__GGB9081_SGB14005;s__GGB9088_SGB14016;s__Leuconostoc_citreum;s__Bacteroides_caecigallinarum;s__Lactobacillus_acidophilus;s__Dialister_pneumosintes;s__Streptococcus_oralis;s__Drancourtella_massiliensis;s__Butyricicoccus_SGB14985;s__GGB9450_SGB14840;s__Lachnospiraceae_bacterium_OM04_12BH;s__GGB9597_SGB15022;s__Enterococcus_faecium;s__GGB4651_SGB6438;s__Eubacterium_siraeum;s__GGB33469_SGB15237;s__Victivallis_lenta;s__Clostridium_butyricum;s__GGB9760_SGB15374;s__Lactiplantibacillus_plantarum;s__Oscillibacter_sp_ER4;s__Eubacterium_ventriosum;s__GGB33586_SGB53517;s__Veillonellaceae_bacterium;s__Barnesiella_intestinihominis;s__GGB3480_SGB4648;s__Oscillospiraceae_unclassified_SGB15252;s__Clostridiaceae_unclassified_SGB4771;s__Prevotella_corporis;s__Veillonella_seminalis;s__GGB4564_SGB6302;s__GGB9635_SGB15106;s__Clostridiaceae_bacterium_AF18_31LB;s__GGB3653_SGB4964;s__Enterocloster_aldenensis;s__Lactobacillus_johnsonii;s__Bifidobacterium_dentium;s__GGB79118_SGB105839;s__Rothia_mucilaginosa;s__GGB81342_SGB47944;s__GGB9545_SGB14951;s__GGB4717_SGB6533;s__Lacticaseibacillus_paracasei;s__GGB9786_SGB15409;s__Streptococcus_cristatus;s__GGB9758_SGB15368;s__GGB9766_SGB15383;s__GGB9690_SGB15196;s__GGB3632_SGB4921;s__GGB9347_SGB14313;s__Faecalicatena_fissicatena;s__Clostridiaceae_bacterium_Marseille_Q4143;s__Actinomyces_sp_ph3;s__GGB9708_SGB15233;s__GGB3345_SGB4425;s__Parabacteroides_goldsteinii;s__GGB9365_SGB14341;s__Lachnospiraceae_bacterium_CLA_AA_H215;s__Streptococcus_infantis;s__GGB9618_SGB15064;s__GGB9198_SGB14137;s__Dysgonomonas_mossii;s__GGB3061_SGB4063;s__Ruminococcus_bromii;s__GGB13489_SGB15224;s__Terrisporobacter_mayombei;s__Alistipes_finegoldii;s__Actinomyces_graevenitzii;s__GGB53380_SGB74412;s__Prevotella_buccae;s__GGB9696_SGB15212;s__Faecalibacterium_sp_HTFF;s__GGB4552_SGB6276;s__Clostridium_symbiosum;s__Vescimonas_coprocola;s__GGB6007_SGB8633;s__GGB49418_SGB69331;s__GGB6012_SGB8640;s__GGB3267_SGB4317;s__Granulicatella_SGB8255;s__Bifidobacterium_scardovii;s__Actinomyces_oris;s__GGB9253_SGB14199;s__Enterococcus_raffinosus;s__GGB2958_SGB3940;s__GGB2652_SGB3573;s__Mitsuokella_jalaludinii;s__Veillonella_atypica;s__Gemella_morbillorum;s__Limosilactobacillus_fermentum;s__GGB9813_SGB15447;s__Desulfovibrio_fairfieldensis;s__GGB9819_SGB15460;s__GGB9708_SGB15234;s__GGB4584_SGB6338;s__GGB74220_SGB4052;s__GGB6610_SGB9344;s__GGB9080_SGB14004	full_disease_post_selection	leave_one_cohort_out_after_locked_panel	True	balanced_logistic_regression	log10(relative_abundance + 1e-6), training-fold standard scaling
IBD	Damman_2015_FMT_UC	IBD__IBD__Damman_2015_FMT_UC	ok	0.793939393939394	0.6454545454545454	0.9212121212121213	5000	0.0021995600879824036	5000	True	185	185	185	3021	41	2241	780	30	11	s__GGB6567_SGB9277;s__Alistipes_sp_AF17_16;s__Coprococcus_SGB26904;s__GGB9266_SGB14215;s__GGB9271_SGB14223;s__GGB2998_SGB3989;s__GGB9290_SGB14247;s__GGB1331_SGB1787;s__GGB9707_SGB15229;s__GGB4237_SGB5728;s__Oscillospiraceae_bacterium;s__GGB5973_SGB8589;s__Wujia_chipingensis;s__GGB9747_SGB15356;s__GGB3474_SGB4637;s__GGB13404_SGB14252;s__Jutongia_huaianensis;s__GGB1530_SGB2113;s__GGB9253_SGB14198;s__GGB33665_SGB47358;s__GGB3142_SGB4155;s__Oscillibacter_sp_MSJ_31;s__Lachnospiraceae_unclassified_SGB4892;s__Clostridium_sp_AM49_4BH;s__Bacteroidales_bacterium;s__Clostridioides_difficile;s__GGB9595_SGB15018;s__GGB3619_SGB4894;s__GGB3169_SGB4183;s__Alistipes_shahii;s__GGB9082_SGB14007;s__GGB2998_SGB3988;s__GGB51884_SGB49168;s__GGB9060_SGB13977;s__Blautia_producta;s__GGB52384_SGB61014;s__GGB4586_SGB6343;s__GGB9699_SGB15216;s__GGB9616_SGB15051;s__GGB1458_SGB2021;s__GGB9760_SGB15373;s__Jilunia_laotingensis;s__Simiaoa_sunii;s__Ruminococcus_champanellensis;s__Oscillospiraceae_bacterium_Marseille_Q3528;s__Enterocloster_clostridioformis;s__GGB9531_SGB14932;s__Clostridiales_bacterium_CHKCI006;s__GGB9759_SGB15370;s__Fusobacterium_nucleatum;s__GGB6544_SGB9242;s__GGB9635_SGB15103;s__GGB3478_SGB4643;s__GGB9715_SGB15267;s__Clostridiaceae_bacterium_Marseille_Q4145;s__GGB9444_SGB14834;s__GGB1543_SGB2126;s__Ligaoa_zhengdingensis;s__Gemmiger_formicilis;s__Klebsiella_oxytoca;s__GGB2983_SGB3965;s__GGB4683_SGB6473;s__GGB9737_SGB15309;s__Erysipelatoclostridium_ramosum;s__GGB3146_SGB4159;s__Butyrivibrio_crossotus;s__GGB3730_SGB5060;s__GGB3288_SGB4342;s__GGB9258_SGB14205;s__Lachnospiraceae_bacterium_CLA_AA_H244;s__GGB6132_SGB8779;s__Streptococcus_parasanguinis;s__Alistipes_ihumii;s__GGB9712_SGB15244;s__Alistipes_SGB2300;s__Methanomassiliicoccaceae_archaeon_DOK;s__GGB3058_SGB4060;s__Enterocloster_bolteae;s__Lachnospira_sp_NSJ_43;s__GGB3616_SGB4888;s__Alistipes_putredinis;s__Faecalimonas_umbilicata;s__Lachnospiraceae_bacterium_AM48_27BH;s__GGB9534_SGB14937;s__GGB9593_SGB15015;s__GGB6001_SGB8624;s__Roseburia_lenta;s__GGB9081_SGB14005;s__GGB9088_SGB14016;s__Leuconostoc_citreum;s__Bacteroides_caecigallinarum;s__Lactobacillus_acidophilus;s__Dialister_pneumosintes;s__Streptococcus_oralis;s__Drancourtella_massiliensis;s__Butyricicoccus_SGB14985;s__GGB9450_SGB14840;s__Lachnospiraceae_bacterium_OM04_12BH;s__GGB9597_SGB15022;s__Enterococcus_faecium;s__GGB4651_SGB6438;s__Eubacterium_siraeum;s__GGB33469_SGB15237;s__Victivallis_lenta;s__Clostridium_butyricum;s__GGB9760_SGB15374;s__Lactiplantibacillus_plantarum;s__Oscillibacter_sp_ER4;s__Eubacterium_ventriosum;s__GGB33586_SGB53517;s__Veillonellaceae_bacterium;s__Barnesiella_intestinihominis;s__GGB3480_SGB4648;s__Oscillospiraceae_unclassified_SGB15252;s__Clostridiaceae_unclassified_SGB4771;s__Prevotella_corporis;s__Veillonella_seminalis;s__GGB4564_SGB6302;s__GGB9635_SGB15106;s__Clostridiaceae_bacterium_AF18_31LB;s__GGB3653_SGB4964;s__Enterocloster_aldenensis;s__Lactobacillus_johnsonii;s__Bifidobacterium_dentium;s__GGB79118_SGB105839;s__Rothia_mucilaginosa;s__GGB81342_SGB47944;s__GGB9545_SGB14951;s__GGB4717_SGB6533;s__Lacticaseibacillus_paracasei;s__GGB9786_SGB15409;s__Streptococcus_cristatus;s__GGB9758_SGB15368;s__GGB9766_SGB15383;s__GGB9690_SGB15196;s__GGB3632_SGB4921;s__GGB9347_SGB14313;s__Faecalicatena_fissicatena;s__Clostridiaceae_bacterium_Marseille_Q4143;s__Actinomyces_sp_ph3;s__GGB9708_SGB15233;s__GGB3345_SGB4425;s__Parabacteroides_goldsteinii;s__GGB9365_SGB14341;s__Lachnospiraceae_bacterium_CLA_AA_H215;s__Streptococcus_infantis;s__GGB9618_SGB15064;s__GGB9198_SGB14137;s__Dysgonomonas_mossii;s__GGB3061_SGB4063;s__Ruminococcus_bromii;s__GGB13489_SGB15224;s__Terrisporobacter_mayombei;s__Alistipes_finegoldii;s__Actinomyces_graevenitzii;s__GGB53380_SGB74412;s__Prevotella_buccae;s__GGB9696_SGB15212;s__Faecalibacterium_sp_HTFF;s__GGB4552_SGB6276;s__Clostridium_symbiosum;s__Vescimonas_coprocola;s__GGB6007_SGB8633;s__GGB49418_SGB69331;s__GGB6012_SGB8640;s__GGB3267_SGB4317;s__Granulicatella_SGB8255;s__Bifidobacterium_scardovii;s__Actinomyces_oris;s__GGB9253_SGB14199;s__Enterococcus_raffinosus;s__GGB2958_SGB3940;s__GGB2652_SGB3573;s__Mitsuokella_jalaludinii;s__Veillonella_atypica;s__Gemella_morbillorum;s__Limosilactobacillus_fermentum;s__GGB9813_SGB15447;s__Desulfovibrio_fairfieldensis;s__GGB9819_SGB15460;s__GGB9708_SGB15234;s__GGB4584_SGB6338;s__GGB74220_SGB4052;s__GGB6610_SGB9344;s__GGB9080_SGB14004	full_disease_post_selection	leave_one_cohort_out_after_locked_panel	True	balanced_logistic_regression	log10(relative_abundance + 1e-6), training-fold standard scaling
IBD	Douglas_2018_child_Crohn	IBD__IBD__Douglas_2018_child_Crohn	ok	0.5333333333333333	0.3472222222222222	0.7111458333333329	5000	0.36732653469306137	5000	False	185	185	185	3024	38	2253	771	18	20	s__GGB6567_SGB9277;s__Alistipes_sp_AF17_16;s__Coprococcus_SGB26904;s__GGB9266_SGB14215;s__GGB9271_SGB14223;s__GGB2998_SGB3989;s__GGB9290_SGB14247;s__GGB1331_SGB1787;s__GGB9707_SGB15229;s__GGB4237_SGB5728;s__Oscillospiraceae_bacterium;s__GGB5973_SGB8589;s__Wujia_chipingensis;s__GGB9747_SGB15356;s__GGB3474_SGB4637;s__GGB13404_SGB14252;s__Jutongia_huaianensis;s__GGB1530_SGB2113;s__GGB9253_SGB14198;s__GGB33665_SGB47358;s__GGB3142_SGB4155;s__Oscillibacter_sp_MSJ_31;s__Lachnospiraceae_unclassified_SGB4892;s__Clostridium_sp_AM49_4BH;s__Bacteroidales_bacterium;s__Clostridioides_difficile;s__GGB9595_SGB15018;s__GGB3619_SGB4894;s__GGB3169_SGB4183;s__Alistipes_shahii;s__GGB9082_SGB14007;s__GGB2998_SGB3988;s__GGB51884_SGB49168;s__GGB9060_SGB13977;s__Blautia_producta;s__GGB52384_SGB61014;s__GGB4586_SGB6343;s__GGB9699_SGB15216;s__GGB9616_SGB15051;s__GGB1458_SGB2021;s__GGB9760_SGB15373;s__Jilunia_laotingensis;s__Simiaoa_sunii;s__Ruminococcus_champanellensis;s__Oscillospiraceae_bacterium_Marseille_Q3528;s__Enterocloster_clostridioformis;s__GGB9531_SGB14932;s__Clostridiales_bacterium_CHKCI006;s__GGB9759_SGB15370;s__Fusobacterium_nucleatum;s__GGB6544_SGB9242;s__GGB9635_SGB15103;s__GGB3478_SGB4643;s__GGB9715_SGB15267;s__Clostridiaceae_bacterium_Marseille_Q4145;s__GGB9444_SGB14834;s__GGB1543_SGB2126;s__Ligaoa_zhengdingensis;s__Gemmiger_formicilis;s__Klebsiella_oxytoca;s__GGB2983_SGB3965;s__GGB4683_SGB6473;s__GGB9737_SGB15309;s__Erysipelatoclostridium_ramosum;s__GGB3146_SGB4159;s__Butyrivibrio_crossotus;s__GGB3730_SGB5060;s__GGB3288_SGB4342;s__GGB9258_SGB14205;s__Lachnospiraceae_bacterium_CLA_AA_H244;s__GGB6132_SGB8779;s__Streptococcus_parasanguinis;s__Alistipes_ihumii;s__GGB9712_SGB15244;s__Alistipes_SGB2300;s__Methanomassiliicoccaceae_archaeon_DOK;s__GGB3058_SGB4060;s__Enterocloster_bolteae;s__Lachnospira_sp_NSJ_43;s__GGB3616_SGB4888;s__Alistipes_putredinis;s__Faecalimonas_umbilicata;s__Lachnospiraceae_bacterium_AM48_27BH;s__GGB9534_SGB14937;s__GGB9593_SGB15015;s__GGB6001_SGB8624;s__Roseburia_lenta;s__GGB9081_SGB14005;s__GGB9088_SGB14016;s__Leuconostoc_citreum;s__Bacteroides_caecigallinarum;s__Lactobacillus_acidophilus;s__Dialister_pneumosintes;s__Streptococcus_oralis;s__Drancourtella_massiliensis;s__Butyricicoccus_SGB14985;s__GGB9450_SGB14840;s__Lachnospiraceae_bacterium_OM04_12BH;s__GGB9597_SGB15022;s__Enterococcus_faecium;s__GGB4651_SGB6438;s__Eubacterium_siraeum;s__GGB33469_SGB15237;s__Victivallis_lenta;s__Clostridium_butyricum;s__GGB9760_SGB15374;s__Lactiplantibacillus_plantarum;s__Oscillibacter_sp_ER4;s__Eubacterium_ventriosum;s__GGB33586_SGB53517;s__Veillonellaceae_bacterium;s__Barnesiella_intestinihominis;s__GGB3480_SGB4648;s__Oscillospiraceae_unclassified_SGB15252;s__Clostridiaceae_unclassified_SGB4771;s__Prevotella_corporis;s__Veillonella_seminalis;s__GGB4564_SGB6302;s__GGB9635_SGB15106;s__Clostridiaceae_bacterium_AF18_31LB;s__GGB3653_SGB4964;s__Enterocloster_aldenensis;s__Lactobacillus_johnsonii;s__Bifidobacterium_dentium;s__GGB79118_SGB105839;s__Rothia_mucilaginosa;s__GGB81342_SGB47944;s__GGB9545_SGB14951;s__GGB4717_SGB6533;s__Lacticaseibacillus_paracasei;s__GGB9786_SGB15409;s__Streptococcus_cristatus;s__GGB9758_SGB15368;s__GGB9766_SGB15383;s__GGB9690_SGB15196;s__GGB3632_SGB4921;s__GGB9347_SGB14313;s__Faecalicatena_fissicatena;s__Clostridiaceae_bacterium_Marseille_Q4143;s__Actinomyces_sp_ph3;s__GGB9708_SGB15233;s__GGB3345_SGB4425;s__Parabacteroides_goldsteinii;s__GGB9365_SGB14341;s__Lachnospiraceae_bacterium_CLA_AA_H215;s__Streptococcus_infantis;s__GGB9618_SGB15064;s__GGB9198_SGB14137;s__Dysgonomonas_mossii;s__GGB3061_SGB4063;s__Ruminococcus_bromii;s__GGB13489_SGB15224;s__Terrisporobacter_mayombei;s__Alistipes_finegoldii;s__Actinomyces_graevenitzii;s__GGB53380_SGB74412;s__Prevotella_buccae;s__GGB9696_SGB15212;s__Faecalibacterium_sp_HTFF;s__GGB4552_SGB6276;s__Clostridium_symbiosum;s__Vescimonas_coprocola;s__GGB6007_SGB8633;s__GGB49418_SGB69331;s__GGB6012_SGB8640;s__GGB3267_SGB4317;s__Granulicatella_SGB8255;s__Bifidobacterium_scardovii;s__Actinomyces_oris;s__GGB9253_SGB14199;s__Enterococcus_raffinosus;s__GGB2958_SGB3940;s__GGB2652_SGB3573;s__Mitsuokella_jalaludinii;s__Veillonella_atypica;s__Gemella_morbillorum;s__Limosilactobacillus_fermentum;s__GGB9813_SGB15447;s__Desulfovibrio_fairfieldensis;s__GGB9819_SGB15460;s__GGB9708_SGB15234;s__GGB4584_SGB6338;s__GGB74220_SGB4052;s__GGB6610_SGB9344;s__GGB9080_SGB14004	full_disease_post_selection	leave_one_cohort_out_after_locked_panel	True	balanced_logistic_regression	log10(relative_abundance + 1e-6), training-fold standard scaling
IBD	Franzosa_2018_IBD	IBD__IBD__Franzosa_2018_IBD	ok	0.9228005226480835	0.87673943815331	0.9605836236933798	5000	0.0001999600079984003	5000	True	185	185	185	2842	220	2107	735	164	56	s__GGB6567_SGB9277;s__Alistipes_sp_AF17_16;s__Coprococcus_SGB26904;s__GGB9266_SGB14215;s__GGB9271_SGB14223;s__GGB2998_SGB3989;s__GGB9290_SGB14247;s__GGB1331_SGB1787;s__GGB9707_SGB15229;s__GGB4237_SGB5728;s__Oscillospiraceae_bacterium;s__GGB5973_SGB8589;s__Wujia_chipingensis;s__GGB9747_SGB15356;s__GGB3474_SGB4637;s__GGB13404_SGB14252;s__Jutongia_huaianensis;s__GGB1530_SGB2113;s__GGB9253_SGB14198;s__GGB33665_SGB47358;s__GGB3142_SGB4155;s__Oscillibacter_sp_MSJ_31;s__Lachnospiraceae_unclassified_SGB4892;s__Clostridium_sp_AM49_4BH;s__Bacteroidales_bacterium;s__Clostridioides_difficile;s__GGB9595_SGB15018;s__GGB3619_SGB4894;s__GGB3169_SGB4183;s__Alistipes_shahii;s__GGB9082_SGB14007;s__GGB2998_SGB3988;s__GGB51884_SGB49168;s__GGB9060_SGB13977;s__Blautia_producta;s__GGB52384_SGB61014;s__GGB4586_SGB6343;s__GGB9699_SGB15216;s__GGB9616_SGB15051;s__GGB1458_SGB2021;s__GGB9760_SGB15373;s__Jilunia_laotingensis;s__Simiaoa_sunii;s__Ruminococcus_champanellensis;s__Oscillospiraceae_bacterium_Marseille_Q3528;s__Enterocloster_clostridioformis;s__GGB9531_SGB14932;s__Clostridiales_bacterium_CHKCI006;s__GGB9759_SGB15370;s__Fusobacterium_nucleatum;s__GGB6544_SGB9242;s__GGB9635_SGB15103;s__GGB3478_SGB4643;s__GGB9715_SGB15267;s__Clostridiaceae_bacterium_Marseille_Q4145;s__GGB9444_SGB14834;s__GGB1543_SGB2126;s__Ligaoa_zhengdingensis;s__Gemmiger_formicilis;s__Klebsiella_oxytoca;s__GGB2983_SGB3965;s__GGB4683_SGB6473;s__GGB9737_SGB15309;s__Erysipelatoclostridium_ramosum;s__GGB3146_SGB4159;s__Butyrivibrio_crossotus;s__GGB3730_SGB5060;s__GGB3288_SGB4342;s__GGB9258_SGB14205;s__Lachnospiraceae_bacterium_CLA_AA_H244;s__GGB6132_SGB8779;s__Streptococcus_parasanguinis;s__Alistipes_ihumii;s__GGB9712_SGB15244;s__Alistipes_SGB2300;s__Methanomassiliicoccaceae_archaeon_DOK;s__GGB3058_SGB4060;s__Enterocloster_bolteae;s__Lachnospira_sp_NSJ_43;s__GGB3616_SGB4888;s__Alistipes_putredinis;s__Faecalimonas_umbilicata;s__Lachnospiraceae_bacterium_AM48_27BH;s__GGB9534_SGB14937;s__GGB9593_SGB15015;s__GGB6001_SGB8624;s__Roseburia_lenta;s__GGB9081_SGB14005;s__GGB9088_SGB14016;s__Leuconostoc_citreum;s__Bacteroides_caecigallinarum;s__Lactobacillus_acidophilus;s__Dialister_pneumosintes;s__Streptococcus_oralis;s__Drancourtella_massiliensis;s__Butyricicoccus_SGB14985;s__GGB9450_SGB14840;s__Lachnospiraceae_bacterium_OM04_12BH;s__GGB9597_SGB15022;s__Enterococcus_faecium;s__GGB4651_SGB6438;s__Eubacterium_siraeum;s__GGB33469_SGB15237;s__Victivallis_lenta;s__Clostridium_butyricum;s__GGB9760_SGB15374;s__Lactiplantibacillus_plantarum;s__Oscillibacter_sp_ER4;s__Eubacterium_ventriosum;s__GGB33586_SGB53517;s__Veillonellaceae_bacterium;s__Barnesiella_intestinihominis;s__GGB3480_SGB4648;s__Oscillospiraceae_unclassified_SGB15252;s__Clostridiaceae_unclassified_SGB4771;s__Prevotella_corporis;s__Veillonella_seminalis;s__GGB4564_SGB6302;s__GGB9635_SGB15106;s__Clostridiaceae_bacterium_AF18_31LB;s__GGB3653_SGB4964;s__Enterocloster_aldenensis;s__Lactobacillus_johnsonii;s__Bifidobacterium_dentium;s__GGB79118_SGB105839;s__Rothia_mucilaginosa;s__GGB81342_SGB47944;s__GGB9545_SGB14951;s__GGB4717_SGB6533;s__Lacticaseibacillus_paracasei;s__GGB9786_SGB15409;s__Streptococcus_cristatus;s__GGB9758_SGB15368;s__GGB9766_SGB15383;s__GGB9690_SGB15196;s__GGB3632_SGB4921;s__GGB9347_SGB14313;s__Faecalicatena_fissicatena;s__Clostridiaceae_bacterium_Marseille_Q4143;s__Actinomyces_sp_ph3;s__GGB9708_SGB15233;s__GGB3345_SGB4425;s__Parabacteroides_goldsteinii;s__GGB9365_SGB14341;s__Lachnospiraceae_bacterium_CLA_AA_H215;s__Streptococcus_infantis;s__GGB9618_SGB15064;s__GGB9198_SGB14137;s__Dysgonomonas_mossii;s__GGB3061_SGB4063;s__Ruminococcus_bromii;s__GGB13489_SGB15224;s__Terrisporobacter_mayombei;s__Alistipes_finegoldii;s__Actinomyces_graevenitzii;s__GGB53380_SGB74412;s__Prevotella_buccae;s__GGB9696_SGB15212;s__Faecalibacterium_sp_HTFF;s__GGB4552_SGB6276;s__Clostridium_symbiosum;s__Vescimonas_coprocola;s__GGB6007_SGB8633;s__GGB49418_SGB69331;s__GGB6012_SGB8640;s__GGB3267_SGB4317;s__Granulicatella_SGB8255;s__Bifidobacterium_scardovii;s__Actinomyces_oris;s__GGB9253_SGB14199;s__Enterococcus_raffinosus;s__GGB2958_SGB3940;s__GGB2652_SGB3573;s__Mitsuokella_jalaludinii;s__Veillonella_atypica;s__Gemella_morbillorum;s__Limosilactobacillus_fermentum;s__GGB9813_SGB15447;s__Desulfovibrio_fairfieldensis;s__GGB9819_SGB15460;s__GGB9708_SGB15234;s__GGB4584_SGB6338;s__GGB74220_SGB4052;s__GGB6610_SGB9344;s__GGB9080_SGB14004	full_disease_post_selection	leave_one_cohort_out_after_locked_panel	True	balanced_logistic_regression	log10(relative_abundance + 1e-6), training-fold standard scaling
IBD	Hall_2017_IBD	IBD__IBD__Hall_2017_IBD	ok	0.928752233472305	0.8937239428231091	0.958382966051221	5000	0.0001999600079984003	5000	True	185	185	185	2805	257	2087	718	184	73	s__GGB6567_SGB9277;s__Alistipes_sp_AF17_16;s__Coprococcus_SGB26904;s__GGB9266_SGB14215;s__GGB9271_SGB14223;s__GGB2998_SGB3989;s__GGB9290_SGB14247;s__GGB1331_SGB1787;s__GGB9707_SGB15229;s__GGB4237_SGB5728;s__Oscillospiraceae_bacterium;s__GGB5973_SGB8589;s__Wujia_chipingensis;s__GGB9747_SGB15356;s__GGB3474_SGB4637;s__GGB13404_SGB14252;s__Jutongia_huaianensis;s__GGB1530_SGB2113;s__GGB9253_SGB14198;s__GGB33665_SGB47358;s__GGB3142_SGB4155;s__Oscillibacter_sp_MSJ_31;s__Lachnospiraceae_unclassified_SGB4892;s__Clostridium_sp_AM49_4BH;s__Bacteroidales_bacterium;s__Clostridioides_difficile;s__GGB9595_SGB15018;s__GGB3619_SGB4894;s__GGB3169_SGB4183;s__Alistipes_shahii;s__GGB9082_SGB14007;s__GGB2998_SGB3988;s__GGB51884_SGB49168;s__GGB9060_SGB13977;s__Blautia_producta;s__GGB52384_SGB61014;s__GGB4586_SGB6343;s__GGB9699_SGB15216;s__GGB9616_SGB15051;s__GGB1458_SGB2021;s__GGB9760_SGB15373;s__Jilunia_laotingensis;s__Simiaoa_sunii;s__Ruminococcus_champanellensis;s__Oscillospiraceae_bacterium_Marseille_Q3528;s__Enterocloster_clostridioformis;s__GGB9531_SGB14932;s__Clostridiales_bacterium_CHKCI006;s__GGB9759_SGB15370;s__Fusobacterium_nucleatum;s__GGB6544_SGB9242;s__GGB9635_SGB15103;s__GGB3478_SGB4643;s__GGB9715_SGB15267;s__Clostridiaceae_bacterium_Marseille_Q4145;s__GGB9444_SGB14834;s__GGB1543_SGB2126;s__Ligaoa_zhengdingensis;s__Gemmiger_formicilis;s__Klebsiella_oxytoca;s__GGB2983_SGB3965;s__GGB4683_SGB6473;s__GGB9737_SGB15309;s__Erysipelatoclostridium_ramosum;s__GGB3146_SGB4159;s__Butyrivibrio_crossotus;s__GGB3730_SGB5060;s__GGB3288_SGB4342;s__GGB9258_SGB14205;s__Lachnospiraceae_bacterium_CLA_AA_H244;s__GGB6132_SGB8779;s__Streptococcus_parasanguinis;s__Alistipes_ihumii;s__GGB9712_SGB15244;s__Alistipes_SGB2300;s__Methanomassiliicoccaceae_archaeon_DOK;s__GGB3058_SGB4060;s__Enterocloster_bolteae;s__Lachnospira_sp_NSJ_43;s__GGB3616_SGB4888;s__Alistipes_putredinis;s__Faecalimonas_umbilicata;s__Lachnospiraceae_bacterium_AM48_27BH;s__GGB9534_SGB14937;s__GGB9593_SGB15015;s__GGB6001_SGB8624;s__Roseburia_lenta;s__GGB9081_SGB14005;s__GGB9088_SGB14016;s__Leuconostoc_citreum;s__Bacteroides_caecigallinarum;s__Lactobacillus_acidophilus;s__Dialister_pneumosintes;s__Streptococcus_oralis;s__Drancourtella_massiliensis;s__Butyricicoccus_SGB14985;s__GGB9450_SGB14840;s__Lachnospiraceae_bacterium_OM04_12BH;s__GGB9597_SGB15022;s__Enterococcus_faecium;s__GGB4651_SGB6438;s__Eubacterium_siraeum;s__GGB33469_SGB15237;s__Victivallis_lenta;s__Clostridium_butyricum;s__GGB9760_SGB15374;s__Lactiplantibacillus_plantarum;s__Oscillibacter_sp_ER4;s__Eubacterium_ventriosum;s__GGB33586_SGB53517;s__Veillonellaceae_bacterium;s__Barnesiella_intestinihominis;s__GGB3480_SGB4648;s__Oscillospiraceae_unclassified_SGB15252;s__Clostridiaceae_unclassified_SGB4771;s__Prevotella_corporis;s__Veillonella_seminalis;s__GGB4564_SGB6302;s__GGB9635_SGB15106;s__Clostridiaceae_bacterium_AF18_31LB;s__GGB3653_SGB4964;s__Enterocloster_aldenensis;s__Lactobacillus_johnsonii;s__Bifidobacterium_dentium;s__GGB79118_SGB105839;s__Rothia_mucilaginosa;s__GGB81342_SGB47944;s__GGB9545_SGB14951;s__GGB4717_SGB6533;s__Lacticaseibacillus_paracasei;s__GGB9786_SGB15409;s__Streptococcus_cristatus;s__GGB9758_SGB15368;s__GGB9766_SGB15383;s__GGB9690_SGB15196;s__GGB3632_SGB4921;s__GGB9347_SGB14313;s__Faecalicatena_fissicatena;s__Clostridiaceae_bacterium_Marseille_Q4143;s__Actinomyces_sp_ph3;s__GGB9708_SGB15233;s__GGB3345_SGB4425;s__Parabacteroides_goldsteinii;s__GGB9365_SGB14341;s__Lachnospiraceae_bacterium_CLA_AA_H215;s__Streptococcus_infantis;s__GGB9618_SGB15064;s__GGB9198_SGB14137;s__Dysgonomonas_mossii;s__GGB3061_SGB4063;s__Ruminococcus_bromii;s__GGB13489_SGB15224;s__Terrisporobacter_mayombei;s__Alistipes_finegoldii;s__Actinomyces_graevenitzii;s__GGB53380_SGB74412;s__Prevotella_buccae;s__GGB9696_SGB15212;s__Faecalibacterium_sp_HTFF;s__GGB4552_SGB6276;s__Clostridium_symbiosum;s__Vescimonas_coprocola;s__GGB6007_SGB8633;s__GGB49418_SGB69331;s__GGB6012_SGB8640;s__GGB3267_SGB4317;s__Granulicatella_SGB8255;s__Bifidobacterium_scardovii;s__Actinomyces_oris;s__GGB9253_SGB14199;s__Enterococcus_raffinosus;s__GGB2958_SGB3940;s__GGB2652_SGB3573;s__Mitsuokella_jalaludinii;s__Veillonella_atypica;s__Gemella_morbillorum;s__Limosilactobacillus_fermentum;s__GGB9813_SGB15447;s__Desulfovibrio_fairfieldensis;s__GGB9819_SGB15460;s__GGB9708_SGB15234;s__GGB4584_SGB6338;s__GGB74220_SGB4052;s__GGB6610_SGB9344;s__GGB9080_SGB14004	full_disease_post_selection	leave_one_cohort_out_after_locked_panel	True	balanced_logistic_regression	log10(relative_abundance + 1e-6), training-fold standard scaling
IBD	He_2017_Crohn	IBD__IBD__He_2017_Crohn	ok	0.8127572016460906	0.7319223985890653	0.8818342151675485	5000	0.0001999600079984003	5000	True	185	185	185	2945	117	2208	737	63	54	s__GGB6567_SGB9277;s__Alistipes_sp_AF17_16;s__Coprococcus_SGB26904;s__GGB9266_SGB14215;s__GGB9271_SGB14223;s__GGB2998_SGB3989;s__GGB9290_SGB14247;s__GGB1331_SGB1787;s__GGB9707_SGB15229;s__GGB4237_SGB5728;s__Oscillospiraceae_bacterium;s__GGB5973_SGB8589;s__Wujia_chipingensis;s__GGB9747_SGB15356;s__GGB3474_SGB4637;s__GGB13404_SGB14252;s__Jutongia_huaianensis;s__GGB1530_SGB2113;s__GGB9253_SGB14198;s__GGB33665_SGB47358;s__GGB3142_SGB4155;s__Oscillibacter_sp_MSJ_31;s__Lachnospiraceae_unclassified_SGB4892;s__Clostridium_sp_AM49_4BH;s__Bacteroidales_bacterium;s__Clostridioides_difficile;s__GGB9595_SGB15018;s__GGB3619_SGB4894;s__GGB3169_SGB4183;s__Alistipes_shahii;s__GGB9082_SGB14007;s__GGB2998_SGB3988;s__GGB51884_SGB49168;s__GGB9060_SGB13977;s__Blautia_producta;s__GGB52384_SGB61014;s__GGB4586_SGB6343;s__GGB9699_SGB15216;s__GGB9616_SGB15051;s__GGB1458_SGB2021;s__GGB9760_SGB15373;s__Jilunia_laotingensis;s__Simiaoa_sunii;s__Ruminococcus_champanellensis;s__Oscillospiraceae_bacterium_Marseille_Q3528;s__Enterocloster_clostridioformis;s__GGB9531_SGB14932;s__Clostridiales_bacterium_CHKCI006;s__GGB9759_SGB15370;s__Fusobacterium_nucleatum;s__GGB6544_SGB9242;s__GGB9635_SGB15103;s__GGB3478_SGB4643;s__GGB9715_SGB15267;s__Clostridiaceae_bacterium_Marseille_Q4145;s__GGB9444_SGB14834;s__GGB1543_SGB2126;s__Ligaoa_zhengdingensis;s__Gemmiger_formicilis;s__Klebsiella_oxytoca;s__GGB2983_SGB3965;s__GGB4683_SGB6473;s__GGB9737_SGB15309;s__Erysipelatoclostridium_ramosum;s__GGB3146_SGB4159;s__Butyrivibrio_crossotus;s__GGB3730_SGB5060;s__GGB3288_SGB4342;s__GGB9258_SGB14205;s__Lachnospiraceae_bacterium_CLA_AA_H244;s__GGB6132_SGB8779;s__Streptococcus_parasanguinis;s__Alistipes_ihumii;s__GGB9712_SGB15244;s__Alistipes_SGB2300;s__Methanomassiliicoccaceae_archaeon_DOK;s__GGB3058_SGB4060;s__Enterocloster_bolteae;s__Lachnospira_sp_NSJ_43;s__GGB3616_SGB4888;s__Alistipes_putredinis;s__Faecalimonas_umbilicata;s__Lachnospiraceae_bacterium_AM48_27BH;s__GGB9534_SGB14937;s__GGB9593_SGB15015;s__GGB6001_SGB8624;s__Roseburia_lenta;s__GGB9081_SGB14005;s__GGB9088_SGB14016;s__Leuconostoc_citreum;s__Bacteroides_caecigallinarum;s__Lactobacillus_acidophilus;s__Dialister_pneumosintes;s__Streptococcus_oralis;s__Drancourtella_massiliensis;s__Butyricicoccus_SGB14985;s__GGB9450_SGB14840;s__Lachnospiraceae_bacterium_OM04_12BH;s__GGB9597_SGB15022;s__Enterococcus_faecium;s__GGB4651_SGB6438;s__Eubacterium_siraeum;s__GGB33469_SGB15237;s__Victivallis_lenta;s__Clostridium_butyricum;s__GGB9760_SGB15374;s__Lactiplantibacillus_plantarum;s__Oscillibacter_sp_ER4;s__Eubacterium_ventriosum;s__GGB33586_SGB53517;s__Veillonellaceae_bacterium;s__Barnesiella_intestinihominis;s__GGB3480_SGB4648;s__Oscillospiraceae_unclassified_SGB15252;s__Clostridiaceae_unclassified_SGB4771;s__Prevotella_corporis;s__Veillonella_seminalis;s__GGB4564_SGB6302;s__GGB9635_SGB15106;s__Clostridiaceae_bacterium_AF18_31LB;s__GGB3653_SGB4964;s__Enterocloster_aldenensis;s__Lactobacillus_johnsonii;s__Bifidobacterium_dentium;s__GGB79118_SGB105839;s__Rothia_mucilaginosa;s__GGB81342_SGB47944;s__GGB9545_SGB14951;s__GGB4717_SGB6533;s__Lacticaseibacillus_paracasei;s__GGB9786_SGB15409;s__Streptococcus_cristatus;s__GGB9758_SGB15368;s__GGB9766_SGB15383;s__GGB9690_SGB15196;s__GGB3632_SGB4921;s__GGB9347_SGB14313;s__Faecalicatena_fissicatena;s__Clostridiaceae_bacterium_Marseille_Q4143;s__Actinomyces_sp_ph3;s__GGB9708_SGB15233;s__GGB3345_SGB4425;s__Parabacteroides_goldsteinii;s__GGB9365_SGB14341;s__Lachnospiraceae_bacterium_CLA_AA_H215;s__Streptococcus_infantis;s__GGB9618_SGB15064;s__GGB9198_SGB14137;s__Dysgonomonas_mossii;s__GGB3061_SGB4063;s__Ruminococcus_bromii;s__GGB13489_SGB15224;s__Terrisporobacter_mayombei;s__Alistipes_finegoldii;s__Actinomyces_graevenitzii;s__GGB53380_SGB74412;s__Prevotella_buccae;s__GGB9696_SGB15212;s__Faecalibacterium_sp_HTFF;s__GGB4552_SGB6276;s__Clostridium_symbiosum;s__Vescimonas_coprocola;s__GGB6007_SGB8633;s__GGB49418_SGB69331;s__GGB6012_SGB8640;s__GGB3267_SGB4317;s__Granulicatella_SGB8255;s__Bifidobacterium_scardovii;s__Actinomyces_oris;s__GGB9253_SGB14199;s__Enterococcus_raffinosus;s__GGB2958_SGB3940;s__GGB2652_SGB3573;s__Mitsuokella_jalaludinii;s__Veillonella_atypica;s__Gemella_morbillorum;s__Limosilactobacillus_fermentum;s__GGB9813_SGB15447;s__Desulfovibrio_fairfieldensis;s__GGB9819_SGB15460;s__GGB9708_SGB15234;s__GGB4584_SGB6338;s__GGB74220_SGB4052;s__GGB6610_SGB9344;s__GGB9080_SGB14004	full_disease_post_selection	leave_one_cohort_out_after_locked_panel	True	balanced_logistic_regression	log10(relative_abundance + 1e-6), training-fold standard scaling
IBD	Kumbhari_2024_IBD	IBD__IBD__Kumbhari_2024_IBD	ok	0.790409994432983	0.7528877877656613	0.8270673690932312	5000	0.0001999600079984003	5000	True	185	185	185	2123	939	1488	635	783	156	s__GGB6567_SGB9277;s__Alistipes_sp_AF17_16;s__Coprococcus_SGB26904;s__GGB9266_SGB14215;s__GGB9271_SGB14223;s__GGB2998_SGB3989;s__GGB9290_SGB14247;s__GGB1331_SGB1787;s__GGB9707_SGB15229;s__GGB4237_SGB5728;s__Oscillospiraceae_bacterium;s__GGB5973_SGB8589;s__Wujia_chipingensis;s__GGB9747_SGB15356;s__GGB3474_SGB4637;s__GGB13404_SGB14252;s__Jutongia_huaianensis;s__GGB1530_SGB2113;s__GGB9253_SGB14198;s__GGB33665_SGB47358;s__GGB3142_SGB4155;s__Oscillibacter_sp_MSJ_31;s__Lachnospiraceae_unclassified_SGB4892;s__Clostridium_sp_AM49_4BH;s__Bacteroidales_bacterium;s__Clostridioides_difficile;s__GGB9595_SGB15018;s__GGB3619_SGB4894;s__GGB3169_SGB4183;s__Alistipes_shahii;s__GGB9082_SGB14007;s__GGB2998_SGB3988;s__GGB51884_SGB49168;s__GGB9060_SGB13977;s__Blautia_producta;s__GGB52384_SGB61014;s__GGB4586_SGB6343;s__GGB9699_SGB15216;s__GGB9616_SGB15051;s__GGB1458_SGB2021;s__GGB9760_SGB15373;s__Jilunia_laotingensis;s__Simiaoa_sunii;s__Ruminococcus_champanellensis;s__Oscillospiraceae_bacterium_Marseille_Q3528;s__Enterocloster_clostridioformis;s__GGB9531_SGB14932;s__Clostridiales_bacterium_CHKCI006;s__GGB9759_SGB15370;s__Fusobacterium_nucleatum;s__GGB6544_SGB9242;s__GGB9635_SGB15103;s__GGB3478_SGB4643;s__GGB9715_SGB15267;s__Clostridiaceae_bacterium_Marseille_Q4145;s__GGB9444_SGB14834;s__GGB1543_SGB2126;s__Ligaoa_zhengdingensis;s__Gemmiger_formicilis;s__Klebsiella_oxytoca;s__GGB2983_SGB3965;s__GGB4683_SGB6473;s__GGB9737_SGB15309;s__Erysipelatoclostridium_ramosum;s__GGB3146_SGB4159;s__Butyrivibrio_crossotus;s__GGB3730_SGB5060;s__GGB3288_SGB4342;s__GGB9258_SGB14205;s__Lachnospiraceae_bacterium_CLA_AA_H244;s__GGB6132_SGB8779;s__Streptococcus_parasanguinis;s__Alistipes_ihumii;s__GGB9712_SGB15244;s__Alistipes_SGB2300;s__Methanomassiliicoccaceae_archaeon_DOK;s__GGB3058_SGB4060;s__Enterocloster_bolteae;s__Lachnospira_sp_NSJ_43;s__GGB3616_SGB4888;s__Alistipes_putredinis;s__Faecalimonas_umbilicata;s__Lachnospiraceae_bacterium_AM48_27BH;s__GGB9534_SGB14937;s__GGB9593_SGB15015;s__GGB6001_SGB8624;s__Roseburia_lenta;s__GGB9081_SGB14005;s__GGB9088_SGB14016;s__Leuconostoc_citreum;s__Bacteroides_caecigallinarum;s__Lactobacillus_acidophilus;s__Dialister_pneumosintes;s__Streptococcus_oralis;s__Drancourtella_massiliensis;s__Butyricicoccus_SGB14985;s__GGB9450_SGB14840;s__Lachnospiraceae_bacterium_OM04_12BH;s__GGB9597_SGB15022;s__Enterococcus_faecium;s__GGB4651_SGB6438;s__Eubacterium_siraeum;s__GGB33469_SGB15237;s__Victivallis_lenta;s__Clostridium_butyricum;s__GGB9760_SGB15374;s__Lactiplantibacillus_plantarum;s__Oscillibacter_sp_ER4;s__Eubacterium_ventriosum;s__GGB33586_SGB53517;s__Veillonellaceae_bacterium;s__Barnesiella_intestinihominis;s__GGB3480_SGB4648;s__Oscillospiraceae_unclassified_SGB15252;s__Clostridiaceae_unclassified_SGB4771;s__Prevotella_corporis;s__Veillonella_seminalis;s__GGB4564_SGB6302;s__GGB9635_SGB15106;s__Clostridiaceae_bacterium_AF18_31LB;s__GGB3653_SGB4964;s__Enterocloster_aldenensis;s__Lactobacillus_johnsonii;s__Bifidobacterium_dentium;s__GGB79118_SGB105839;s__Rothia_mucilaginosa;s__GGB81342_SGB47944;s__GGB9545_SGB14951;s__GGB4717_SGB6533;s__Lacticaseibacillus_paracasei;s__GGB9786_SGB15409;s__Streptococcus_cristatus;s__GGB9758_SGB15368;s__GGB9766_SGB15383;s__GGB9690_SGB15196;s__GGB3632_SGB4921;s__GGB9347_SGB14313;s__Faecalicatena_fissicatena;s__Clostridiaceae_bacterium_Marseille_Q4143;s__Actinomyces_sp_ph3;s__GGB9708_SGB15233;s__GGB3345_SGB4425;s__Parabacteroides_goldsteinii;s__GGB9365_SGB14341;s__Lachnospiraceae_bacterium_CLA_AA_H215;s__Streptococcus_infantis;s__GGB9618_SGB15064;s__GGB9198_SGB14137;s__Dysgonomonas_mossii;s__GGB3061_SGB4063;s__Ruminococcus_bromii;s__GGB13489_SGB15224;s__Terrisporobacter_mayombei;s__Alistipes_finegoldii;s__Actinomyces_graevenitzii;s__GGB53380_SGB74412;s__Prevotella_buccae;s__GGB9696_SGB15212;s__Faecalibacterium_sp_HTFF;s__GGB4552_SGB6276;s__Clostridium_symbiosum;s__Vescimonas_coprocola;s__GGB6007_SGB8633;s__GGB49418_SGB69331;s__GGB6012_SGB8640;s__GGB3267_SGB4317;s__Granulicatella_SGB8255;s__Bifidobacterium_scardovii;s__Actinomyces_oris;s__GGB9253_SGB14199;s__Enterococcus_raffinosus;s__GGB2958_SGB3940;s__GGB2652_SGB3573;s__Mitsuokella_jalaludinii;s__Veillonella_atypica;s__Gemella_morbillorum;s__Limosilactobacillus_fermentum;s__GGB9813_SGB15447;s__Desulfovibrio_fairfieldensis;s__GGB9819_SGB15460;s__GGB9708_SGB15234;s__GGB4584_SGB6338;s__GGB74220_SGB4052;s__GGB6610_SGB9344;s__GGB9080_SGB14004	full_disease_post_selection	leave_one_cohort_out_after_locked_panel	True	balanced_logistic_regression	log10(relative_abundance + 1e-6), training-fold standard scaling
IBD	Lloyd-Price_2019_HMP2IBD	IBD__IBD__Lloyd-Price_2019_HMP2IBD	ok	0.6867874890382928	0.6461813675338596	0.7258436708321153	5000	0.0001999600079984003	5000	True	185	185	185	1777	1285	1338	439	933	352	s__GGB6567_SGB9277;s__Alistipes_sp_AF17_16;s__Coprococcus_SGB26904;s__GGB9266_SGB14215;s__GGB9271_SGB14223;s__GGB2998_SGB3989;s__GGB9290_SGB14247;s__GGB1331_SGB1787;s__GGB9707_SGB15229;s__GGB4237_SGB5728;s__Oscillospiraceae_bacterium;s__GGB5973_SGB8589;s__Wujia_chipingensis;s__GGB9747_SGB15356;s__GGB3474_SGB4637;s__GGB13404_SGB14252;s__Jutongia_huaianensis;s__GGB1530_SGB2113;s__GGB9253_SGB14198;s__GGB33665_SGB47358;s__GGB3142_SGB4155;s__Oscillibacter_sp_MSJ_31;s__Lachnospiraceae_unclassified_SGB4892;s__Clostridium_sp_AM49_4BH;s__Bacteroidales_bacterium;s__Clostridioides_difficile;s__GGB9595_SGB15018;s__GGB3619_SGB4894;s__GGB3169_SGB4183;s__Alistipes_shahii;s__GGB9082_SGB14007;s__GGB2998_SGB3988;s__GGB51884_SGB49168;s__GGB9060_SGB13977;s__Blautia_producta;s__GGB52384_SGB61014;s__GGB4586_SGB6343;s__GGB9699_SGB15216;s__GGB9616_SGB15051;s__GGB1458_SGB2021;s__GGB9760_SGB15373;s__Jilunia_laotingensis;s__Simiaoa_sunii;s__Ruminococcus_champanellensis;s__Oscillospiraceae_bacterium_Marseille_Q3528;s__Enterocloster_clostridioformis;s__GGB9531_SGB14932;s__Clostridiales_bacterium_CHKCI006;s__GGB9759_SGB15370;s__Fusobacterium_nucleatum;s__GGB6544_SGB9242;s__GGB9635_SGB15103;s__GGB3478_SGB4643;s__GGB9715_SGB15267;s__Clostridiaceae_bacterium_Marseille_Q4145;s__GGB9444_SGB14834;s__GGB1543_SGB2126;s__Ligaoa_zhengdingensis;s__Gemmiger_formicilis;s__Klebsiella_oxytoca;s__GGB2983_SGB3965;s__GGB4683_SGB6473;s__GGB9737_SGB15309;s__Erysipelatoclostridium_ramosum;s__GGB3146_SGB4159;s__Butyrivibrio_crossotus;s__GGB3730_SGB5060;s__GGB3288_SGB4342;s__GGB9258_SGB14205;s__Lachnospiraceae_bacterium_CLA_AA_H244;s__GGB6132_SGB8779;s__Streptococcus_parasanguinis;s__Alistipes_ihumii;s__GGB9712_SGB15244;s__Alistipes_SGB2300;s__Methanomassiliicoccaceae_archaeon_DOK;s__GGB3058_SGB4060;s__Enterocloster_bolteae;s__Lachnospira_sp_NSJ_43;s__GGB3616_SGB4888;s__Alistipes_putredinis;s__Faecalimonas_umbilicata;s__Lachnospiraceae_bacterium_AM48_27BH;s__GGB9534_SGB14937;s__GGB9593_SGB15015;s__GGB6001_SGB8624;s__Roseburia_lenta;s__GGB9081_SGB14005;s__GGB9088_SGB14016;s__Leuconostoc_citreum;s__Bacteroides_caecigallinarum;s__Lactobacillus_acidophilus;s__Dialister_pneumosintes;s__Streptococcus_oralis;s__Drancourtella_massiliensis;s__Butyricicoccus_SGB14985;s__GGB9450_SGB14840;s__Lachnospiraceae_bacterium_OM04_12BH;s__GGB9597_SGB15022;s__Enterococcus_faecium;s__GGB4651_SGB6438;s__Eubacterium_siraeum;s__GGB33469_SGB15237;s__Victivallis_lenta;s__Clostridium_butyricum;s__GGB9760_SGB15374;s__Lactiplantibacillus_plantarum;s__Oscillibacter_sp_ER4;s__Eubacterium_ventriosum;s__GGB33586_SGB53517;s__Veillonellaceae_bacterium;s__Barnesiella_intestinihominis;s__GGB3480_SGB4648;s__Oscillospiraceae_unclassified_SGB15252;s__Clostridiaceae_unclassified_SGB4771;s__Prevotella_corporis;s__Veillonella_seminalis;s__GGB4564_SGB6302;s__GGB9635_SGB15106;s__Clostridiaceae_bacterium_AF18_31LB;s__GGB3653_SGB4964;s__Enterocloster_aldenensis;s__Lactobacillus_johnsonii;s__Bifidobacterium_dentium;s__GGB79118_SGB105839;s__Rothia_mucilaginosa;s__GGB81342_SGB47944;s__GGB9545_SGB14951;s__GGB4717_SGB6533;s__Lacticaseibacillus_paracasei;s__GGB9786_SGB15409;s__Streptococcus_cristatus;s__GGB9758_SGB15368;s__GGB9766_SGB15383;s__GGB9690_SGB15196;s__GGB3632_SGB4921;s__GGB9347_SGB14313;s__Faecalicatena_fissicatena;s__Clostridiaceae_bacterium_Marseille_Q4143;s__Actinomyces_sp_ph3;s__GGB9708_SGB15233;s__GGB3345_SGB4425;s__Parabacteroides_goldsteinii;s__GGB9365_SGB14341;s__Lachnospiraceae_bacterium_CLA_AA_H215;s__Streptococcus_infantis;s__GGB9618_SGB15064;s__GGB9198_SGB14137;s__Dysgonomonas_mossii;s__GGB3061_SGB4063;s__Ruminococcus_bromii;s__GGB13489_SGB15224;s__Terrisporobacter_mayombei;s__Alistipes_finegoldii;s__Actinomyces_graevenitzii;s__GGB53380_SGB74412;s__Prevotella_buccae;s__GGB9696_SGB15212;s__Faecalibacterium_sp_HTFF;s__GGB4552_SGB6276;s__Clostridium_symbiosum;s__Vescimonas_coprocola;s__GGB6007_SGB8633;s__GGB49418_SGB69331;s__GGB6012_SGB8640;s__GGB3267_SGB4317;s__Granulicatella_SGB8255;s__Bifidobacterium_scardovii;s__Actinomyces_oris;s__GGB9253_SGB14199;s__Enterococcus_raffinosus;s__GGB2958_SGB3940;s__GGB2652_SGB3573;s__Mitsuokella_jalaludinii;s__Veillonella_atypica;s__Gemella_morbillorum;s__Limosilactobacillus_fermentum;s__GGB9813_SGB15447;s__Desulfovibrio_fairfieldensis;s__GGB9819_SGB15460;s__GGB9708_SGB15234;s__GGB4584_SGB6338;s__GGB74220_SGB4052;s__GGB6610_SGB9344;s__GGB9080_SGB14004	full_disease_post_selection	leave_one_cohort_out_after_locked_panel	True	balanced_logistic_regression	log10(relative_abundance + 1e-6), training-fold standard scaling
