disease	left_out_cohort	arm_id	status	auc	auc_ci_low	auc_ci_high	auc_bootstrap_n	auc_permutation_p_one_sided	auc_permutation_n	significant_auc_gt_0_5	best_k	effective_k	n_train	n_test	train_case	train_control	test_case	test_control	n_train_species_before_filter	n_ranked_after_filter	n_after_correlation_filter	selected_features	classifier	transform
CRA	Feng_2015_CRC_Austria	CRA__CRC__Feng_2015_CRC_Austria	ok	0.4071259709557582	0.3032759202971969	0.513677811550152	5000	0.9528094381123775	5000	False	131	131	1607	110	568	1039	47	63	3376	1720	200	s__GGB1144_SGB1468;s__Actinomyces_sp_oral_taxon_448;s__Schaalia_meyeri;s__Streptococcus_constellatus;s__Kingella_bonacorsii;s__Porphyromonas_sp_oral_taxon_278;s__Granulicatella_adiacens;s__Actinomyces_massiliensis;s__Gemella_sanguinis;s__Actinomyces_gerencseriae;s__Pauljensenia_hongkongensis;s__GGB9278_SGB14230;s__Granulicatella_SGB8255;s__Lautropia_mirabilis;s__Prevotella_conceptionensis;s__Actinomyces_israelii;s__Actinomyces_sp_HMT897;s__Streptococcus_infantis;s__Selenomonas_felix;s__Neisseria_bacilliformis;s__Selenomonas_SGB5896;s__Kingella_denitrificans;s__Capnocytophaga_sputigena;s__Abiotrophia_sp_HMSC24B09;s__Rothia_mucilaginosa;s__Cardiobacterium_hominis;s__Prevotella_baroniae;s__Streptococcus_oralis;s__Eubacterium_infirmum;s__Prevotella_loescheii;s__GGB12785_SGB19827;s__Tannerella_forsythia;s__Cardiobacterium_sp_Marseille_Q4385;s__Arachnia_SGB15898;s__Mogibacterium_diversum;s__Treponema_denticola;s__GGB1202_SGB1567;s__Porphyromonas_endodontalis;s__Eubacterium_sulci;s__Rothia_aeria;s__Bifidobacterium_breve;s__Prevotella_oulorum;s__Selenomonas_flueggei;s__Eikenella_halliae;s__Cardiobacterium_SGB9419;s__Peptidiphaga_SGB15895;s__Actinomyces_johnsonii;s__Selenomonas_SGB5897;s__Streptococcus_australis;s__GGB3883_SGB5265;s__Leptotrichia_wadei;s__GGB1202_SGB1566;s__Mogibacterium_timidum;s__TM7_phylum_sp_oral_taxon_348;s__Lancefieldella_rimae;s__Eubacterium_brachy;s__Tannerella_sp_oral_taxon_808;s__GGB9769_SGB15388;s__Mogibacterium_SGB3923;s__Campylobacter_SGB19316;s__Leptotrichia_sp_oral_taxon_212;s__Schaalia_odontolytica;s__Actinomyces_naeslundii;s__Parvimonas_micra;s__Abiotrophia_defectiva;s__Corynebacterium_durum;s__GGB3623_SGB4900;s__Gemella_morbillorum;s__Streptococcus_anginosus;s__Schaalia_SGB17157;s__Streptococcus_sanguinis;s__Streptococcus_cristatus;s__Actinomyces_oris;s__GGB10852_SGB17523;s__Gemella_haemolysans;s__GGB31460_SGB6499;s__Actinomyces_sp_ICM47;s__Prevotella_jejuni;s__GGB9591_SGB15013;s__TM7_phylum_sp_oral_taxon_352;s__GGB9075_SGB13997;s__Alloprevotella_tannerae;s__Slackia_equolifaciens;s__Streptococcus_mitis;s__Alloprevotella_SGB1484;s__Actinomyces_graevenitzii;s__Propionibacterium_acidifaciens;s__Porphyromonas_bobii;s__GGB4676_SGB6465;s__Selenomonas_noxia;s__Clostridium_sp_AM42_4;s__GGB4570_SGB6313;s__Schaalia_SGB17158;s__Arachnia_rubra;s__Streptococcus_gordonii;s__Prevotella_sp_HJM029;s__Candidatus_Saccharibacteria_unclassified_SGB19846;s__Selenomonas_SGB5880;s__Enterococcus_avium;s__Peptostreptococcus_stomatis;s__GGB1144_SGB1469;s__Olsenella_timonensis;s__Haemophilus_haemolyticus;s__Prevotella_pallens;s__Rothia_SGB49305;s__Streptococcus_intermedius;s__GGB3220_SGB4252;s__Fusobacterium_nucleatum;s__Gemmiger_sp_An87;s__Slackia_exigua;s__GGB12785_SGB19823;s__GGB3303_SGB4364;s__Blautia_SGB59878;s__Prevotella_veroralis;s__GGB9059_SGB13976;s__Brachyspira_aalborgi;s__Atopobium_sp_oral_taxon_416;s__Prevotella_melaninogenica;s__GGB1548_SGB2132;s__Solobacterium_SGB6829;s__GGB3152_SGB4165;s__GGB3449_SGB4601;s__Oribacterium_asaccharolyticum;s__Eubacterium_saphenum;s__Campylobacter_concisus;s__Porphyromonas_asaccharolytica;s__Olsenella_uli;s__Solobacterium_SGB6834;s__Oribacterium_sinus;s__GGB9309_SGB14270;s__GGB3883_SGB5266	balanced_logistic_regression	log10(relative_abundance + 1e-6), training-fold standard scaling
CRA	Gao_2021_CRC	CRA__CRC__Gao_2021_CRC	ok	0.5361702127659576	0.4082380319148936	0.6638297872340425	5000	0.28174365126974604	5000	False	85	85	1630	87	575	1055	40	47	3411	1753	200	s__GGB1144_SGB1468;s__Arachnia_propionica;s__Kingella_bonacorsii;s__Porphyromonas_sp_oral_taxon_278;s__Propionibacterium_acidifaciens;s__Porphyromonas_endodontalis;s__Selenomonas_noxia;s__Actinomyces_gerencseriae;s__Actinomyces_israelii;s__Prevotella_conceptionensis;s__Prevotella_oulorum;s__Porphyromonas_gingivalis;s__Selenomonas_felix;s__Neisseria_bacilliformis;s__Selenomonas_SGB5896;s__Kingella_denitrificans;s__Capnocytophaga_sputigena;s__Pauljensenia_hongkongensis;s__Rothia_mucilaginosa;s__Prevotella_baroniae;s__Prevotella_loescheii;s__Streptococcus_oralis;s__Tannerella_forsythia;s__Granulicatella_adiacens;s__Bifidobacterium_breve;s__Candidatus_Methanomethylophilus_alvus;s__Schaalia_meyeri;s__Treponema_denticola;s__Abiotrophia_sp_HMSC24B09;s__GGB1202_SGB1567;s__Rothia_aeria;s__Gemella_morbillorum;s__Streptococcus_infantis;s__Actinomyces_sp_HMT897;s__Selenomonas_flueggei;s__Eikenella_halliae;s__Granulicatella_SGB8255;s__Actinomyces_sp_oral_taxon_448;s__Aggregatibacter_sp_2125159857;s__Selenomonas_SGB5897;s__Gemella_sanguinis;s__Leptotrichia_wadei;s__Cardiobacterium_hominis;s__GGB1202_SGB1566;s__GGB3623_SGB4900;s__Eubacterium_infirmum;s__Tannerella_sp_oral_taxon_808;s__Eubacterium_saphenum;s__GGB3883_SGB5265;s__GGB31460_SGB6499;s__Actinomyces_dentalis;s__Mogibacterium_SGB3923;s__Campylobacter_SGB19316;s__Prevotella_jejuni;s__Leptotrichia_sp_oral_taxon_212;s__GGB1243_SGB1664;s__GGB9278_SGB14230;s__Porphyromonas_bobii;s__Selenomonas_SGB5880;s__Arachnia_SGB15898;s__Mogibacterium_timidum;s__Haemophilus_parainfluenzae;s__Streptococcus_australis;s__Blautia_SGB71764;s__Eubacterium_brachy;s__Prevotella_nanceiensis;s__Parvimonas_micra;s__Eubacterium_nodatum;s__GGB3449_SGB4601;s__Actinobaculum_sp_oral_taxon_183;s__Porphyromonas_somerae;s__Abiotrophia_defectiva;s__Mogibacterium_diversum;s__Slackia_exigua;s__Streptococcus_constellatus;s__Alloprevotella_SGB1484;s__Actinomyces_massiliensis;s__Eubacterium_sulci;s__Gemella_haemolysans;s__Prevotella_denticola;s__Enterococcus_avium;s__Schaalia_odontolytica;s__Clostridium_sp_AM42_4;s__Streptococcus_cristatus;s__GGB3828_SGB5197	balanced_logistic_regression	log10(relative_abundance + 1e-6), training-fold standard scaling
CRA	Lee_2023_CRC	CRA__CRA__Lee_2023_CRC	ok	0.488522967036768	0.45878725874234716	0.5175075014700287	5000	0.7704459108178364	5000	False	47	47	746	971	196	550	419	552	3231	1416	200	s__GGB1144_SGB1468;s__Porphyromonas_asaccharolytica;s__Porphyromonas_sp_oral_taxon_278;s__Actinomyces_israelii;s__Prevotella_conceptionensis;s__Actinomyces_gerencseriae;s__Neisseria_bacilliformis;s__Selenomonas_SGB5896;s__Capnocytophaga_sputigena;s__Kingella_denitrificans;s__Prevotella_baroniae;s__Prevotella_loescheii;s__GGB9104_SGB14036;s__Lautropia_mirabilis;s__Tannerella_forsythia;s__Treponema_denticola;s__GGB4580_SGB6330;s__Selenomonas_felix;s__GGB1202_SGB1567;s__Prevotella_maculosa;s__Eikenella_halliae;s__Pauljensenia_hongkongensis;s__Selenomonas_flueggei;s__GGB1202_SGB1566;s__Blautia_sp_An46;s__Phocaeicola_faecalis;s__Ruminococcus_champanellensis;s__Porphyromonas_endodontalis;s__Parabacteroides_faecis;s__Tannerella_sp_oral_taxon_808;s__Mogibacterium_SGB3923;s__GGB9380_SGB72486;s__Campylobacter_SGB19316;s__Actinomyces_sp_HMT897;s__Lachnospira_SGB5083;s__Leptotrichia_sp_oral_taxon_212;s__GGB3583_SGB4799;s__Rothia_aeria;s__Abiotrophia_sp_HMSC24B09;s__Cardiobacterium_hominis;s__Selenomonas_SGB5897;s__GGB5980_SGB8599;s__Eubacterium_infirmum;s__Propionibacterium_acidifaciens;s__Leptotrichia_wadei;s__GGB9091_SGB14020;s__Segatella_hominis	balanced_logistic_regression	log10(relative_abundance + 1e-6), training-fold standard scaling
CRA	Thomas_2019_CRC_Italy	CRA__CRC__Thomas_2019_CRC_Italy	ok	0.566951566951567	0.4237713675213675	0.7094017094017094	5000	0.16296740651869626	5000	False	183	183	1638	79	588	1050	27	52	3380	1749	200	s__GGB1144_SGB1468;s__Rothia_aeria;s__Porphyromonas_sp_oral_taxon_278;s__Actinomyces_gerencseriae;s__Bifidobacterium_breve;s__Prevotella_conceptionensis;s__Selenomonas_felix;s__Neisseria_bacilliformis;s__Propionibacterium_acidifaciens;s__Selenomonas_SGB5896;s__Actinomyces_israelii;s__Rothia_mucilaginosa;s__Kingella_denitrificans;s__Capnocytophaga_sputigena;s__Candidatus_Nanoperiomorbus_periodonticus;s__Pauljensenia_hongkongensis;s__Streptococcus_oralis;s__Prevotella_loescheii;s__Prevotella_baroniae;s__Tannerella_forsythia;s__Schaalia_meyeri;s__Abiotrophia_sp_HMSC24B09;s__Candidatus_Methanomethylophilus_alvus;s__Treponema_denticola;s__GGB1202_SGB1567;s__Porphyromonas_endodontalis;s__Prevotella_oulorum;s__Granulicatella_adiacens;s__Streptococcus_infantis;s__Selenomonas_flueggei;s__Eikenella_halliae;s__Actinomyces_sp_HMT897;s__Granulicatella_SGB8255;s__Selenomonas_SGB5897;s__Leptotrichia_wadei;s__Cardiobacterium_hominis;s__GGB1202_SGB1566;s__Actinomyces_sp_oral_taxon_448;s__GGB13402_SGB14203;s__GGB3883_SGB5265;s__Campylobacter_SGB19316;s__Abiotrophia_defectiva;s__Eubacterium_infirmum;s__Leptotrichia_sp_oral_taxon_212;s__Gemella_sanguinis;s__GGB1243_SGB1664;s__GGB9278_SGB14230;s__Porphyromonas_bobii;s__Actinomyces_dentalis;s__Arachnia_SGB15898;s__GGB3623_SGB4900;s__Gemella_morbillorum;s__Gemella_haemolysans;s__Mogibacterium_timidum;s__Prevotella_nanceiensis;s__Prevotella_jejuni;s__GGB3449_SGB4601;s__GGB31460_SGB6499;s__Blautia_SGB71764;s__GGB9243_SGB14185;s__Parvimonas_micra;s__Streptococcus_australis;s__Alloprevotella_SGB1484;s__Actinomyces_massiliensis;s__Streptococcus_constellatus;s__Enterococcus_avium;s__Clostridium_sp_AM42_4;s__Selenomonas_noxia;s__Alloprevotella_tannerae;s__Prevotella_sp_HJM029;s__GGB9082_SGB14007;s__Selenomonas_SGB5880;s__Lancefieldella_rimae;s__Eubacterium_brachy;s__Prevotella_pallens;s__Haemophilus_haemolyticus;s__Lactococcus_petauri;s__GGB12785_SGB19827;s__Eubacterium_sulci;s__Campylobacter_concisus;s__Eikenella_corrodens;s__Candidatus_Nanosynbacter_sp_HMT_352;s__Porphyromonas_somerae;s__Gemmiger_sp_An87;s__Cardiobacterium_SGB9419;s__Rothia_SGB49305;s__Enterobacter_mori;s__Brachyspira_aalborgi;s__Prevotella_melaninogenica;s__Mogibacterium_diversum;s__Prevotella_veroralis;s__GGB3303_SGB4364;s__Blautia_SGB59878;s__Streptococcus_cristatus;s__GGB3220_SGB4252;s__Comamonas_kerstersii;s__GGB3353_SGB4437;s__Scardovia_wiggsiae;s__GGB9075_SGB13997;s__Peptidiphaga_SGB15895;s__GGB9591_SGB15013;s__Fusobacterium_nucleatum;s__Streptococcus_intermedius;s__GGB9088_SGB14017;s__Oribacterium_asaccharolyticum;s__Blautia_sp_An46;s__Eubacterium_saphenum;s__Streptococcus_sanguinis;s__Actinomyces_naeslundii;s__Schaalia_odontolytica;s__GGB1568_SGB2155;s__Phocaeicola_coprophilus;s__Campylobacter_showae;s__Schaalia_SGB17157;s__Actinomyces_sp_ph3;s__Corynebacterium_durum;s__GGB3140_SGB4153;s__Porphyromonas_asaccharolytica;s__Parabacteroides_massiliensis;s__GGB9309_SGB14270;s__TM7_phylum_sp_oral_taxon_352;s__GGB9059_SGB13976;s__Slackia_exigua;s__TM7_phylum_sp_oral_taxon_348;s__Streptococcus_anginosus;s__Actinomyces_oris;s__Olsenella_uli;s__Leptotrichia_sp_oral_taxon_221;s__Megasphaera_elsdenii;s__Candidatus_Stoquefichus_sp_SB1;s__GGB2982_SGB3964;s__GGB3887_SGB5270;s__GGB9677_SGB15179;s__Arachnia_rubra;s__Aggregatibacter_sp_2125159857;s__Prevotella_denticola;s__GGB9768_SGB15386;s__GGB3185_SGB4208;s__Lachnospiraceae_bacterium_EP_SM_12S_S03;s__Streptococcus_sobrinus;s__Alistipes_indistinctus;s__GGB9512_SGB14909;s__Hydrogenoanaerobacterium_SGB53821;s__GGB9328_SGB14291;s__Filifactor_alocis;s__Streptococcus_agalactiae;s__Prevotella_SGB1675;s__Slackia_SGB14781;s__Cardiobacterium_sp_Marseille_Q4385;s__Actinomyces_johnsonii;s__GGB1690_SGB40190;s__GGB3819_SGB5184;s__GGB9256_SGB14202;s__GGB6006_SGB8630;s__GGB4708_SGB6518;s__Pseudoflavonifractor_sp_MSJ_37;s__GGB4676_SGB6465;s__Solobacterium_SGB6834;s__Olsenella_timonensis;s__Porphyromonas_SGB1983;s__Streptococcus_mitis;s__Candidatus_Saccharibacteria_unclassified_SGB19846;s__GGB9262_SGB14210;s__Neisseria_subflava;s__Mediterraneibacter_massiliensis;s__Lancefieldella_parvula;s__Bacillus_subtilis;s__Peptostreptococcus_stomatis;s__GGB74701_SGB54318;s__GGB52002_SGB72669;s__GGB79394_SGB105952;s__GGB9445_SGB14835;s__Massilimicrobiota_timonensis;s__GGB3738_SGB5072;s__Peptostreptococcus_SGB749;s__GGB9668_SGB15165;s__GGB3550_SGB4746;s__GGB3883_SGB5266;s__GGB9090_SGB14019;s__GGB9048_SGB13952;s__Streptococcus_gordonii;s__Enterocloster_hominis;s__GGB18703_SGB19793	balanced_logistic_regression	log10(relative_abundance + 1e-6), training-fold standard scaling
CRA	Yachida_2019_CRC	CRA__CRC__Yachida_2019_CRC	ok	0.5385270877446676	0.4578797190517998	0.618556008882921	5000	0.17596480703859227	5000	False	171	171	1361	356	548	813	67	289	3313	1669	200	s__Prevotella_melaninogenica;s__Streptococcus_intermedius;s__Porphyromonas_sp_oral_taxon_278;s__GGB3883_SGB5265;s__Actinomyces_gerencseriae;s__Selenomonas_SGB5897;s__Actinomyces_israelii;s__Neisseria_bacilliformis;s__Haemophilus_haemolyticus;s__Capnocytophaga_sputigena;s__Kingella_denitrificans;s__Schaalia_meyeri;s__Lachnoanaerobaculum_sp_ICM7;s__Selenomonas_SGB5896;s__Abiotrophia_sp_HMSC24B09;s__Pauljensenia_hongkongensis;s__Prevotella_loescheii;s__Olsenella_uli;s__Selenomonas_felix;s__Prevotella_baroniae;s__Mogibacterium_timidum;s__Prevotella_veroralis;s__Oribacterium_asaccharolyticum;s__Propionibacterium_acidifaciens;s__GGB1843_SGB2516;s__Actinomyces_sp_HMT897;s__Tannerella_forsythia;s__Actinomyces_sp_oral_taxon_448;s__GGB1202_SGB1567;s__GGB9090_SGB14019;s__Prevotella_maculosa;s__Lachnoanaerobaculum_orale;s__Rothia_aeria;s__Gemella_sanguinis;s__Selenomonas_flueggei;s__Leptotrichia_sp_oral_taxon_221;s__Eikenella_halliae;s__Lancefieldella_parvula;s__GGB1202_SGB1566;s__Actinomyces_dentalis;s__Schaalia_SGB17157;s__Granulicatella_adiacens;s__Tannerella_sp_oral_taxon_808;s__Campylobacter_SGB19316;s__Abiotrophia_defectiva;s__Leptotrichia_sp_oral_taxon_212;s__Eubacterium_infirmum;s__Granulicatella_SGB8239;s__Actinomyces_oris;s__Arachnia_SGB15898;s__Streptococcus_sobrinus;s__Prevotella_histicola;s__Campylobacter_concisus;s__Streptococcus_infantis;s__Solobacterium_SGB6829;s__GGB3220_SGB4252;s__Actinomyces_naeslundii;s__Streptococcus_oralis;s__GGB31460_SGB6499;s__Gemella_haemolysans;s__Rothia_mucilaginosa;s__GGB3623_SGB4900;s__Eubacterium_sulci;s__Actinomyces_massiliensis;s__Rothia_SGB49305;s__Eubacterium_brachy;s__Alloprevotella_tannerae;s__GGB9278_SGB14230;s__Mogibacterium_diversum;s__Prevotella_denticola;s__Solobacterium_SGB6834;s__Prevotella_sp_HJM029;s__Bifidobacterium_breve;s__Arachnia_rubra;s__Schaalia_odontolytica;s__GGB1568_SGB2155;s__Lancefieldella_rimae;s__Gemella_morbillorum;s__Eubacterium_saphenum;s__Anaeroglobus_geminatus;s__Schaalia_SGB17154;s__GGB3449_SGB4601;s__Schaalia_SGB17158;s__GGB9075_SGB13997;s__Neisseria_subflava;s__Lachnospiraceae_bacterium_EP_SM_12S_S03;s__Actinomyces_sp_ICM47;s__Peptidiphaga_SGB15895;s__Cardiobacterium_SGB9419;s__Streptococcus_sp_F0442;s__Aggregatibacter_sp_2125159857;s__GGB51269_SGB5061;s__GGB4676_SGB6465;s__Scardovia_wiggsiae;s__Parvimonas_micra;s__GGB9243_SGB14185;s__Butyricicoccus_faecihominis;s__Blautia_SGB71764;s__GGB9059_SGB13976;s__Fusobacterium_periodonticum;s__Leptotrichia_sp_oral_taxon_215;s__GGB9591_SGB15013;s__Granulicatella_SGB8255;s__Porphyromonas_somerae;s__Streptococcus_constellatus;s__Actinomyces_graevenitzii;s__GGB74708_SGB54312;s__Corynebacterium_durum;s__GGB4694_SGB6493;s__Solobacterium_SGB6828;s__Bulleidia_extructa;s__GGB4884_SGB6823;s__GGB9328_SGB14291;s__TM7_phylum_sp_oral_taxon_348;s__GGB3140_SGB4153;s__GGB3883_SGB5266;s__Adlercreutzia_sp_DSM_108611;s__Candidatus_Nanosynbacter_sp_HMT_352;s__Fusobacterium_nucleatum;s__GGB4708_SGB6518;s__GGB9088_SGB14017;s__GGB12785_SGB19827;s__Olsenella_timonensis;s__Lachnospiraceae_bacterium_oral_taxon_096;s__Phocaeicola_coprophilus;s__GGB1690_SGB40190;s__Actinomyces_johnsonii;s__GGB9108_SGB14041;s__GGB9256_SGB14202;s__Solobacterium_moorei;s__Blautia_sp_An46;s__GGB9817_SGB57321;s__Cardiobacterium_sp_Marseille_Q4385;s__Segatella_brasiliensis;s__GGB74665_SGB13972;s__Candidatus_Saccharibacteria_unclassified_SGB19846;s__Streptococcus_sanguinis;s__Oribacterium_sinus;s__GGB9668_SGB15165;s__Streptococcus_anginosus;s__Pseudoflavonifractor_sp_MSJ_37;s__Streptococcus_agalactiae;s__Eubacterium_nodatum;s__Coprococcus_sp_OM04_5BH;s__Porphyromonas_asaccharolytica;s__Streptococcus_cristatus;s__Enterococcus_avium;s__GGB9309_SGB14270;s__GGB6513_SGB9199;s__Blautia_SGB59878;s__GGB12785_SGB19823;s__Latilactobacillus_curvatus;s__GGB3303_SGB4364;s__GGB4774_SGB6609;s__GGB9618_SGB15065;s__GGB3738_SGB5072;s__Frisingicoccus_caecimuris;s__Parascardovia_denticolens;s__GGB9299_SGB14260;s__Eikenella_corrodens;s__Olsenella_profusa;s__Streptococcus_australis;s__Lachnospira_SGB5083;s__Raoultella_ornithinolytica;s__Prevotella_buccae;s__GGB4702_SGB6509;s__GGB3128_SGB4141;s__GGB9758_SGB15368;s__Oribacterium_parvum;s__GGB9768_SGB15386;s__Lachnoclostridium_sp_An14	balanced_logistic_regression	log10(relative_abundance + 1e-6), training-fold standard scaling
CRA	Zeller_2014_CRC_France	CRA__CRC__Zeller_2014_CRC_France	ok	0.5326599326599326	0.3676767676767677	0.6902356902356902	5000	0.34513097380523894	5000	False	96	96	1603	114	600	1003	15	99	3136	1603	200	s__Bifidobacterium_breve;s__GGB1243_SGB1664;s__GGB3623_SGB4900;s__GGB9278_SGB14230;s__GGB12798_SGB135773;s__Blautia_SGB59878;s__Clostridium_sp_AM42_4;s__Lactococcus_petauri;s__GGB3449_SGB4601;s__Blautia_SGB71764;s__GGB9075_SGB13997;s__Gemmiger_sp_An87;s__Enterobacter_mori;s__Segatella_hominis;s__Porphyromonas_asaccharolytica;s__GGB3303_SGB4364;s__Brachyspira_aalborgi;s__Haemophilus_parahaemolyticus;s__Porphyromonas_somerae;s__GGB1146_SGB1472;s__GGB31460_SGB6499;s__Enterococcus_avium;s__GGB3220_SGB4252;s__Blautia_sp_An46;s__GGB4708_SGB6518;s__Latilactobacillus_curvatus;s__GGB3353_SGB4437;s__GGB1568_SGB2155;s__GGB3257_SGB4304;s__GGB3185_SGB4208;s__Candidatus_Stoquefichus_sp_SB1;s__Porphyromonas_SGB1983;s__GGB9252_SGB14196;s__Alistipes_indistinctus;s__GGB4703_SGB6510;s__GGB74665_SGB13972;s__Prevotella_SGB1675;s__GGB1690_SGB40190;s__Streptococcus_sobrinus;s__GGB52002_SGB72669;s__Streptococcus_agalactiae;s__Streptococcus_oralis;s__GGB3738_SGB5072;s__GGB9768_SGB15386;s__Lachnospiraceae_bacterium_EP_SM_12S_S03;s__Hydrogenoanaerobacterium_SGB53821;s__Bacteroides_gallinarum;s__GGB9445_SGB14835;s__GGB3583_SGB4799;s__GGB9309_SGB14270;s__Bacillus_subtilis;s__GGB3616_SGB4890;s__GGB9591_SGB15013;s__Aggregatibacter_segnis;s__Raoultella_ornithinolytica;s__Massilimicrobiota_timonensis;s__Prevotella_histicola;s__Streptococcus_australis;s__GGB9090_SGB14019;s__Slackia_SGB14781;s__Limosilactobacillus_reuteri;s__Streptococcus_infantis;s__GGB9512_SGB14909;s__GGB9370_SGB14351;s__Phocaeicola_coprophilus;s__GGB9108_SGB14041;s__Pseudoflavonifractor_sp_MSJ_37;s__Propionibacterium_acidifaciens;s__GGB1243_SGB1663;s__GGB9668_SGB15165;s__GGB9059_SGB13976;s__GGB3828_SGB5197;s__GGB74701_SGB54318;s__GGB4774_SGB6609;s__Megasphaera_elsdenii;s__Haemophilus_parainfluenzae;s__GGB1549_SGB2133;s__GGB9093_SGB14023;s__GGB79394_SGB105952;s__GGB9256_SGB14202;s__GGB9048_SGB13952;s__GGB4580_SGB6330;s__Christensenella_minuta;s__Escherichia_marmotae;s__Bacteroides_fluxus;s__GGB3550_SGB4746;s__GGB2982_SGB3964;s__Gemmiger_SGB72777;s__GGB1526_SGB2108;s__GGB4632_SGB6410;s__Olsenella_timonensis;s__Butyricicoccus_faecihominis;s__Megamonas_funiformis;s__GGB74708_SGB54312;s__Alloscardovia_omnicolens;s__GGB9328_SGB14291	balanced_logistic_regression	log10(relative_abundance + 1e-6), training-fold standard scaling
CRC	Feng_2015_CRC_Austria	CRC__CRC__Feng_2015_CRC_Austria	ok	0.8271221532091098	0.7467218771566597	0.9030452035886819	5000	0.0001999600079984003	5000	True	24	24	1452	109	714	738	46	63	3416	1921	200	s__Fusobacterium_nucleatum;s__Parvimonas_micra;s__Peptostreptococcus_anaerobius;s__Peptostreptococcus_stomatis;s__Porphyromonas_somerae;s__Dialister_pneumosintes;s__Gemella_morbillorum;s__Porphyromonas_asaccharolytica;s__GGB4708_SGB6518;s__Prevotella_intermedia;s__Solobacterium_moorei;s__Fusobacterium_necrophorum;s__GGB9256_SGB14202;s__Porphyromonas_SGB1979;s__GGB3012_SGB4003;s__GGB3885_SGB5268;s__GGB3738_SGB5072;s__Morganella_morganii;s__Atopobium_minutum;s__Oscillibacter_ruminantium;s__Porphyromonas_SGB1977;s__Anaerococcus_obesiensis;s__Porphyromonas_uenonis;s__Criibacterium_bergeronii	balanced_logistic_regression	log10(relative_abundance + 1e-6), training-fold standard scaling
CRC	Gao_2021_CRC	CRC__CRC__Gao_2021_CRC	ok	0.8516093835242771	0.7686852154937263	0.9247135842880523	5000	0.0001999600079984003	5000	True	19	19	1475	86	721	754	39	47	3460	1941	200	s__Parvimonas_micra;s__Fusobacterium_nucleatum;s__Porphyromonas_somerae;s__Peptostreptococcus_anaerobius;s__Peptostreptococcus_stomatis;s__Gemella_morbillorum;s__GGB3885_SGB5268;s__Dialister_pneumosintes;s__GGB4708_SGB6518;s__Fusobacterium_necrophorum;s__Solobacterium_moorei;s__GGB9256_SGB14202;s__Prevotella_intermedia;s__Atopobium_minutum;s__Anaerococcus_obesiensis;s__GGB4715_SGB6529;s__Porphyromonas_SGB1979;s__Morganella_morganii;s__Eubacteriales_Family_XIII_Incertae_Sedis_unclassified_SGB3978	balanced_logistic_regression	log10(relative_abundance + 1e-6), training-fold standard scaling
CRC	Liu_2022_CRC_China	CRC__CRC__Liu_2022_CRC_China	ok	0.5955505279034691	0.5090460030165912	0.680999245852187	5000	0.017996400719856028	5000	True	95	95	1398	163	682	716	78	85	3407	1909	200	s__Peptostreptococcus_anaerobius;s__Dialister_pneumosintes;s__Peptostreptococcus_stomatis;s__Fusobacterium_nucleatum;s__Parvimonas_micra;s__Porphyromonas_somerae;s__Gemella_morbillorum;s__Porphyromonas_SGB1980;s__Prevotella_intermedia;s__Solobacterium_moorei;s__Eubacteriales_Family_XIII_Incertae_Sedis_unclassified_SGB3978;s__Atopobium_minutum;s__Porphyromonas_asaccharolytica;s__Streptococcus_dysgalactiae;s__Fusobacterium_necrophorum;s__GGB4708_SGB6518;s__Leptotrichia_sp_oral_taxon_223;s__Morganella_morganii;s__Porphyromonas_SGB1983;s__Porphyromonas_uenonis;s__Campylobacter_ureolyticus;s__GGB3885_SGB5268;s__Porphyromonas_SGB1979;s__Porphyromonas_SGB1977;s__GGB9256_SGB14202;s__Fusobacterium_gonidiaformans;s__Parvimonas_parva;s__GGB3012_SGB4003;s__Porphyromonas_SGB1982;s__Anaerococcus_obesiensis;s__GGB4715_SGB6529;s__Oscillibacter_ruminantium;s__GGB47150_SGB65079;s__Corynebacterium_casei;s__Peptostreptococcus_sp_MV1;s__Criibacterium_bergeronii;s__GGB4266_SGB5805;s__Alterileibacterium_massiliense;s__Peptoniphilus_harei;s__GGB4596_SGB6358;s__GGB3138_SGB4151;s__GGB96297_SGB123797;s__Eisenbergiella_tayi;s__Clostridium_symbiosum;s__GGB4602_SGB6365;s__GGB33512_SGB15201;s__Oribacterium_sp_oral_taxon_102;s__Ruthenibacterium_lactatiformans;s__GGB45495_SGB63167;s__Anaerotruncus_massiliensis;s__GGB9694_SGB15204;s__Bacteroides_heparinolyticus;s__Eikenella_corrodens;s__GGB38873_SGB47522;s__Porphyromonas_endodontalis;s__GGB4706_SGB6513;s__Hungatella_hathewayi;s__GGB4659_SGB6447;s__Bacteroides_nordii;s__Alistipes_SGB2302;s__GGB3490_SGB4664;s__GGB3738_SGB5072;s__GGB51269_SGB5062;s__Ruminococcus_champanellensis;s__GGB4588_SGB6347;s__Schaalia_turicensis;s__GGB4604_SGB6370;s__Prevotella_nigrescens;s__Adlercreutzia_sp_DSM_108611;s__GGB4587_SGB6346;s__Schaalia_cardiffensis;s__GGB9719_SGB53514;s__Filifactor_alocis;s__Ruminococcus_torques;s__Pseudomonas_aeruginosa;s__Peptostreptococcus_SGB749;s__GGB9303_SGB14264;s__GGB4603_SGB6367;s__GGB1387_SGB1894;s__GGB3385_SGB4473;s__Clostridium_SGB6179;s__Lactobacillus_iners;s__Extibacter_muris;s__Clostridioides_difficile;s__GGB27106_SGB6188;s__GGB9249_SGB14193;s__GGB9758_SGB15368;s__GGB9543_SGB14949;s__Lactobacillus_crispatus;s__GGB1505_SGB2085;s__GGB4299_SGB5872;s__Ligilactobacillus_ruminis;s__GGB3169_SGB4183;s__GGB9454_SGB14846;s__GGB9770_SGB15389	balanced_logistic_regression	log10(relative_abundance + 1e-6), training-fold standard scaling
CRC	Thomas_2019_CRC_Italy	CRC__CRC__Thomas_2019_CRC_Italy	ok	0.7476355611601513	0.6727616645649432	0.8210907944514502	5000	0.0001999600079984003	5000	True	18	18	1448	113	699	749	61	52	3429	1932	200	s__Fusobacterium_nucleatum;s__Parvimonas_micra;s__Peptostreptococcus_anaerobius;s__Porphyromonas_somerae;s__Dialister_pneumosintes;s__Peptostreptococcus_stomatis;s__Gemella_morbillorum;s__GGB3885_SGB5268;s__Porphyromonas_asaccharolytica;s__Fusobacterium_necrophorum;s__Prevotella_intermedia;s__GGB4708_SGB6518;s__Porphyromonas_SGB1979;s__Solobacterium_moorei;s__Fusobacterium_gonidiaformans;s__GGB9256_SGB14202;s__GGB3012_SGB4003;s__Anaerococcus_obesiensis	balanced_logistic_regression	log10(relative_abundance + 1e-6), training-fold standard scaling
CRC	Vogtmann_2016_CRC_USA	CRC__CRC__Vogtmann_2016_CRC_USA	ok	0.7069156804733728	0.6238812869822484	0.7858727810650887	5000	0.0001999600079984003	5000	True	18	18	1457	104	708	749	52	52	3413	1897	200	s__Fusobacterium_nucleatum;s__Parvimonas_micra;s__Peptostreptococcus_anaerobius;s__Porphyromonas_somerae;s__Peptostreptococcus_stomatis;s__Dialister_pneumosintes;s__Gemella_morbillorum;s__GGB3885_SGB5268;s__Fusobacterium_necrophorum;s__Prevotella_intermedia;s__Porphyromonas_asaccharolytica;s__Solobacterium_moorei;s__GGB3012_SGB4003;s__Morganella_morganii;s__Porphyromonas_uenonis;s__Eubacteriales_Family_XIII_Incertae_Sedis_unclassified_SGB3978;s__GGB3738_SGB5072;s__Atopobium_minutum	balanced_logistic_regression	log10(relative_abundance + 1e-6), training-fold standard scaling
CRC	Wirbel_2019_CRC_Germany	CRC__CRC__Wirbel_2019_CRC_Germany	ok	0.7805555555555556	0.6944444444444445	0.8586180555555554	5000	0.0001999600079984003	5000	True	62	62	1441	120	700	741	60	60	3445	1892	200	s__Peptostreptococcus_anaerobius;s__Fusobacterium_nucleatum;s__Parvimonas_micra;s__Porphyromonas_somerae;s__Peptostreptococcus_stomatis;s__GGB3885_SGB5268;s__Dialister_pneumosintes;s__Prevotella_intermedia;s__Fusobacterium_necrophorum;s__Gemella_morbillorum;s__GGB4708_SGB6518;s__Porphyromonas_asaccharolytica;s__Peptostreptococcus_sp_MV1;s__GGB3012_SGB4003;s__Solobacterium_moorei;s__Morganella_morganii;s__GGB4715_SGB6529;s__GGB3738_SGB5072;s__GGB47150_SGB65079;s__Oscillibacter_ruminantium;s__Anaerococcus_obesiensis;s__Porphyromonas_SGB1979;s__Fusobacterium_gonidiaformans;s__Criibacterium_bergeronii;s__GGB4266_SGB5805;s__GGB4604_SGB6370;s__Porphyromonas_SGB1977;s__Porphyromonas_SGB1982;s__Eubacteriales_Family_XIII_Incertae_Sedis_unclassified_SGB3978;s__Porphyromonas_SGB1983;s__GGB33665_SGB47358;s__GGB4596_SGB6358;s__Porphyromonas_uenonis;s__Atopobium_minutum;s__Bacteroides_heparinolyticus;s__Filifactor_alocis;s__GGB6001_SGB8624;s__GGB27106_SGB6188;s__GGB3490_SGB4664;s__Porphyromonas_endodontalis;s__Campylobacter_ureolyticus;s__GGB4602_SGB6365;s__GGB4659_SGB6447;s__GGB9454_SGB14846;s__Alistipes_SGB2302;s__GGB9357_SGB14332;s__GGB9249_SGB14193;s__GGB4609_SGB6383;s__GGB4706_SGB6513;s__GGB9694_SGB15204;s__Clostridium_butyricum;s__Blastocystis_sp_subtype_4;s__Ruminococcus_champanellensis;s__Schaalia_turicensis;s__GGB45495_SGB63167;s__Segatella_sinica;s__Anaerotruncus_massiliensis;s__GGB9543_SGB14949;s__GGB4588_SGB6347;s__Dialister_micraerophilus;s__GGB3169_SGB4183;s__GGB71580_SGB98325	balanced_logistic_regression	log10(relative_abundance + 1e-6), training-fold standard scaling
CRC	Yachida_2019_CRC	CRC__CRC__Yachida_2019_CRC	ok	0.6489831846051114	0.6105627390274996	0.687126661810235	5000	0.0001999600079984003	5000	True	23	23	987	574	475	512	285	289	3371	1845	200	s__Fusobacterium_nucleatum;s__Porphyromonas_somerae;s__Parvimonas_micra;s__Peptostreptococcus_anaerobius;s__GGB4266_SGB5805;s__Anaerococcus_obesiensis;s__GGB754_SGB990;s__Porphyromonas_asaccharolytica;s__Lactobacillus_iners;s__GGB3885_SGB5268;s__Dialister_pneumosintes;s__Peptostreptococcus_stomatis;s__GGB4708_SGB6518;s__Porphyromonas_SGB1979;s__Gemella_morbillorum;s__GGB753_SGB989;s__GGB3012_SGB4003;s__GGB9256_SGB14202;s__Porphyromonas_SGB1977;s__Prevotella_intermedia;s__Porphyromonas_uenonis;s__Atopobium_minutum;s__Fusobacterium_necrophorum	balanced_logistic_regression	log10(relative_abundance + 1e-6), training-fold standard scaling
CRC	Yu_2017_CRC_China	CRC__CRC__Yu_2017_CRC_China	ok	0.8203203203203203	0.7481231231231231	0.8851351351351351	5000	0.0001999600079984003	5000	True	16	16	1433	128	686	747	74	54	3449	1929	200	s__Fusobacterium_nucleatum;s__Porphyromonas_somerae;s__Parvimonas_micra;s__Peptostreptococcus_anaerobius;s__Peptostreptococcus_stomatis;s__Porphyromonas_asaccharolytica;s__Dialister_pneumosintes;s__Fusobacterium_necrophorum;s__GGB3885_SGB5268;s__Gemella_morbillorum;s__GGB4708_SGB6518;s__GGB3738_SGB5072;s__Prevotella_intermedia;s__Solobacterium_moorei;s__Atopobium_minutum;s__Porphyromonas_SGB1979	balanced_logistic_regression	log10(relative_abundance + 1e-6), training-fold standard scaling
CRC	Zeller_2014_CRC_France	CRC__CRC__Zeller_2014_CRC_France	ok	0.7190365190365191	0.6402486402486403	0.7981371406371406	5000	0.0001999600079984003	5000	True	16	16	1397	164	695	702	65	99	3212	1725	200	s__Fusobacterium_nucleatum;s__Parvimonas_micra;s__Peptostreptococcus_anaerobius;s__Porphyromonas_somerae;s__Peptostreptococcus_stomatis;s__Gemella_morbillorum;s__Selenomonas_SGB5896;s__Alloprevotella_sp_oral_taxon_473;s__Fusobacterium_necrophorum;s__Dialister_pneumosintes;s__Solobacterium_moorei;s__Prevotella_intermedia;s__GGB3885_SGB5268;s__Prevotella_nigrescens;s__Porphyromonas_asaccharolytica;s__Alloprevotella_tannerae	balanced_logistic_regression	log10(relative_abundance + 1e-6), training-fold standard scaling
IBD	Braun_2024_Crohn	IBD__IBD__Braun_2024_Crohn	ok	0.5798319327731093	0.3921568627450981	0.7647058823529411	5000	0.20355928814237154	5000	False	147	147	3024	38	2254	770	17	21	2796	1536	200	s__GGB6567_SGB9277;s__Coprococcus_SGB26904;s__Alistipes_sp_AF17_16;s__GGB9271_SGB14223;s__GGB9266_SGB14215;s__GGB2998_SGB3989;s__GGB9290_SGB14247;s__GGB3474_SGB4637;s__GGB1331_SGB1787;s__GGB9707_SGB15229;s__GGB4237_SGB5728;s__Oscillospiraceae_bacterium;s__GGB5973_SGB8589;s__Wujia_chipingensis;s__GGB1530_SGB2113;s__GGB13404_SGB14252;s__GGB9253_SGB14198;s__GGB9747_SGB15356;s__Jutongia_huaianensis;s__GGB33665_SGB47358;s__Bacteroidales_bacterium;s__GGB3142_SGB4155;s__Lachnospiraceae_unclassified_SGB4892;s__Clostridium_sp_AM49_4BH;s__Oscillibacter_sp_MSJ_31;s__GGB3619_SGB4894;s__GGB9595_SGB15018;s__Clostridioides_difficile;s__Alistipes_shahii;s__GGB3169_SGB4183;s__GGB9082_SGB14007;s__GGB2998_SGB3988;s__GGB52384_SGB61014;s__GGB9060_SGB13977;s__GGB4586_SGB6343;s__GGB9699_SGB15216;s__GGB51884_SGB49168;s__Blautia_producta;s__GGB1458_SGB2021;s__Jilunia_laotingensis;s__GGB9760_SGB15373;s__GGB9616_SGB15051;s__Oscillospiraceae_bacterium_Marseille_Q3528;s__Ruminococcus_champanellensis;s__GGB9531_SGB14932;s__Simiaoa_sunii;s__Fusobacterium_nucleatum;s__GGB9759_SGB15370;s__GGB9635_SGB15103;s__GGB6544_SGB9242;s__Clostridiales_bacterium_CHKCI006;s__GGB9715_SGB15267;s__GGB9786_SGB15409;s__GGB3478_SGB4643;s__Clostridiaceae_bacterium_Marseille_Q4145;s__GGB9444_SGB14834;s__Ligaoa_zhengdingensis;s__GGB1543_SGB2126;s__Enterocloster_clostridioformis;s__GGB2983_SGB3965;s__Gemmiger_formicilis;s__Lachnospiraceae_bacterium_CLA_AA_H244;s__GGB4683_SGB6473;s__Drancourtella_massiliensis;s__GGB9737_SGB15309;s__GGB3730_SGB5060;s__GGB3146_SGB4159;s__Klebsiella_oxytoca;s__GGB9258_SGB14205;s__Butyrivibrio_crossotus;s__GGB3058_SGB4060;s__Alistipes_SGB2300;s__Streptococcus_parasanguinis;s__Alistipes_ihumii;s__GGB3288_SGB4342;s__Erysipelatoclostridium_ramosum;s__GGB3616_SGB4888;s__GGB9534_SGB14937;s__Alistipes_putredinis;s__Enterocloster_bolteae;s__GGB9593_SGB15015;s__Roseburia_lenta;s__Methanomassiliicoccaceae_archaeon_DOK;s__GGB9712_SGB15244;s__GGB9081_SGB14005;s__GGB6001_SGB8624;s__GGB9088_SGB14016;s__Faecalimonas_umbilicata;s__Lachnospira_sp_NSJ_43;s__Bacteroides_caecigallinarum;s__Lachnospiraceae_bacterium_OM04_12BH;s__Leuconostoc_citreum;s__GGB6132_SGB8779;s__Eubacterium_siraeum;s__Lachnospiraceae_bacterium_AM48_27BH;s__Lactobacillus_acidophilus;s__Butyricicoccus_SGB14985;s__Dialister_pneumosintes;s__GGB9450_SGB14840;s__Streptococcus_oralis;s__GGB4651_SGB6438;s__GGB33469_SGB15237;s__Oscillospiraceae_unclassified_SGB15252;s__GGB9597_SGB15022;s__GGB9760_SGB15374;s__Victivallis_lenta;s__GGB3480_SGB4648;s__Enterococcus_faecium;s__Eubacterium_ventriosum;s__Oscillibacter_sp_ER4;s__Clostridiaceae_unclassified_SGB4771;s__GGB33586_SGB53517;s__GGB3653_SGB4964;s__GGB6012_SGB8640;s__GGB4564_SGB6302;s__Lactiplantibacillus_plantarum;s__Clostridium_butyricum;s__Prevotella_corporis;s__Clostridiaceae_bacterium_AF18_31LB;s__GGB9545_SGB14951;s__Dysgonomonas_mossii;s__Aggregatibacter_segnis;s__Veillonellaceae_bacterium;s__Parabacteroides_goldsteinii;s__Barnesiella_intestinihominis;s__Lactobacillus_johnsonii;s__Veillonella_seminalis;s__GGB81342_SGB47944;s__GGB79118_SGB105839;s__GGB9758_SGB15368;s__GGB9365_SGB14341;s__GGB3632_SGB4921;s__Rothia_mucilaginosa;s__Clostridiaceae_bacterium_Marseille_Q4143;s__GGB6007_SGB8633;s__GGB9347_SGB14313;s__Bifidobacterium_dentium;s__GGB9708_SGB15233;s__Streptococcus_cristatus;s__GGB3061_SGB4063;s__Lacticaseibacillus_paracasei;s__GGB9635_SGB15106;s__GGB9618_SGB15064;s__Alistipes_finegoldii;s__Enterocloster_aldenensis;s__Gemella_morbillorum;s__GGB3345_SGB4425	balanced_logistic_regression	log10(relative_abundance + 1e-6), training-fold standard scaling
IBD	Bushman_2020_pediatric_Cdiff_IBD	IBD__IBD__Bushman_2020_pediatric_Cdiff_IBD	ok	0.8560126582278481	0.7850738396624473	0.9198312236286921	5000	0.0001999600079984003	5000	True	184	184	2935	127	2192	743	79	48	2786	1527	200	s__GGB6567_SGB9277;s__Coprococcus_SGB26904;s__Alistipes_sp_AF17_16;s__GGB9266_SGB14215;s__GGB9271_SGB14223;s__GGB2998_SGB3989;s__GGB9290_SGB14247;s__GGB1331_SGB1787;s__GGB4237_SGB5728;s__GGB9707_SGB15229;s__GGB5973_SGB8589;s__Jutongia_huaianensis;s__GGB1530_SGB2113;s__Oscillospiraceae_bacterium;s__GGB33665_SGB47358;s__Bacteroidales_bacterium;s__GGB3474_SGB4637;s__Wujia_chipingensis;s__GGB9253_SGB14198;s__GGB9747_SGB15356;s__GGB13404_SGB14252;s__Lachnospiraceae_unclassified_SGB4892;s__GGB9595_SGB15018;s__GGB3169_SGB4183;s__GGB2998_SGB3988;s__Clostridium_sp_AM49_4BH;s__Oscillibacter_sp_MSJ_31;s__GGB3619_SGB4894;s__GGB51884_SGB49168;s__GGB9060_SGB13977;s__GGB3142_SGB4155;s__GGB52384_SGB61014;s__GGB4586_SGB6343;s__Blautia_producta;s__GGB9616_SGB15051;s__GGB1458_SGB2021;s__Jilunia_laotingensis;s__Alistipes_shahii;s__Clostridioides_difficile;s__GGB9082_SGB14007;s__Parabacteroides_goldsteinii;s__GGB9635_SGB15103;s__GGB6544_SGB9242;s__Ruminococcus_champanellensis;s__Clostridiaceae_bacterium_Marseille_Q4145;s__Clostridiales_bacterium_CHKCI006;s__Oscillospiraceae_bacterium_Marseille_Q3528;s__GGB9760_SGB15373;s__GGB9699_SGB15216;s__GGB9444_SGB14834;s__GGB1543_SGB2126;s__GGB9759_SGB15370;s__Simiaoa_sunii;s__Butyrivibrio_crossotus;s__GGB3288_SGB4342;s__GGB9258_SGB14205;s__GGB9531_SGB14932;s__GGB3058_SGB4060;s__Alistipes_SGB2300;s__GGB3478_SGB4643;s__GGB2983_SGB3965;s__Methanomassiliicoccaceae_archaeon_DOK;s__Enterocloster_clostridioformis;s__GGB3730_SGB5060;s__GGB3616_SGB4888;s__GGB9715_SGB15267;s__Butyricicoccus_SGB14985;s__GGB9712_SGB15244;s__Streptococcus_parasanguinis;s__Gemmiger_formicilis;s__Enterocloster_bolteae;s__Fusobacterium_nucleatum;s__Roseburia_lenta;s__Erysipelatoclostridium_ramosum;s__GGB9593_SGB15015;s__GGB4683_SGB6473;s__Lachnospiraceae_bacterium_AM48_27BH;s__Ligaoa_zhengdingensis;s__GGB9081_SGB14005;s__GGB6001_SGB8624;s__Lachnospira_sp_NSJ_43;s__GGB9088_SGB14016;s__GGB9737_SGB15309;s__Bacteroides_caecigallinarum;s__GGB9597_SGB15022;s__Lachnospiraceae_bacterium_OM04_12BH;s__Lachnospiraceae_bacterium_CLA_AA_H244;s__Klebsiella_oxytoca;s__Leuconostoc_citreum;s__GGB4651_SGB6438;s__GGB3146_SGB4159;s__GGB33469_SGB15237;s__GGB6132_SGB8779;s__GGB9450_SGB14840;s__Drancourtella_massiliensis;s__Faecalimonas_umbilicata;s__Alistipes_putredinis;s__Alistipes_ihumii;s__Oscillospiraceae_unclassified_SGB15252;s__GGB9760_SGB15374;s__GGB4564_SGB6302;s__Clostridiaceae_unclassified_SGB4771;s__Lactobacillus_acidophilus;s__Clostridiaceae_bacterium_AF18_31LB;s__GGB79118_SGB105839;s__GGB3653_SGB4964;s__Enterococcus_faecium;s__Streptococcus_oralis;s__GGB9635_SGB15106;s__Dialister_pneumosintes;s__GGB9534_SGB14937;s__Victivallis_lenta;s__Veillonella_seminalis;s__GGB3345_SGB4425;s__Lactobacillus_johnsonii;s__GGB3632_SGB4921;s__GGB81342_SGB47944;s__GGB3480_SGB4648;s__Oscillibacter_sp_ER4;s__Eubacterium_ventriosum;s__GGB33586_SGB53517;s__Lachnospiraceae_bacterium_CLA_AA_H215;s__Clostridiaceae_bacterium_Marseille_Q4143;s__Streptococcus_cristatus;s__Prevotella_corporis;s__Lactiplantibacillus_plantarum;s__Enterocloster_aldenensis;s__GGB9690_SGB15196;s__Barnesiella_intestinihominis;s__Clostridium_butyricum;s__GGB9198_SGB14137;s__Bifidobacterium_dentium;s__Streptococcus_infantis;s__GGB3267_SGB4317;s__GGB4717_SGB6533;s__GGB49418_SGB69331;s__GGB6012_SGB8640;s__GGB6007_SGB8633;s__Rothia_mucilaginosa;s__Clostridium_symbiosum;s__GGB9819_SGB15460;s__GGB4584_SGB6338;s__Faecalicatena_fissicatena;s__GGB6610_SGB9344;s__GGB74220_SGB4052;s__GGB4605_SGB6378;s__Bifidobacterium_scardovii;s__Faecalibacterium_sp_HTFF;s__Actinomyces_sp_ph3;s__Terrisporobacter_mayombei;s__Actinomyces_graevenitzii;s__Enterocloster_lavalensis;s__Mitsuokella_jalaludinii;s__Eubacterium_siraeum;s__Veillonellaceae_bacterium;s__GGB9766_SGB15383;s__GGB2652_SGB3573;s__Enterococcus_avium;s__GGB9365_SGB14341;s__GGB9786_SGB15409;s__GGB9813_SGB15447;s__GGB51269_SGB5061;s__GGB3175_SGB4191;s__Dysgonomonas_mossii;s__GGB9618_SGB15064;s__Ruminococcus_bromii;s__Prevotella_buccae;s__Actinomyces_oris;s__Enterococcus_raffinosus;s__Lawsonibacter_SGB15145;s__Limosilactobacillus_fermentum;s__Staphylococcus_epidermidis;s__GGB3534_SGB4722;s__GGB13489_SGB15224;s__Gemmiger_sp_An50;s__Granulicatella_SGB8255;s__Lactobacillus_gasseri;s__GGB9715_SGB15260;s__GGB9758_SGB15368;s__GGB53380_SGB74412;s__Veillonella_atypica;s__GGB9347_SGB14313;s__GGB9253_SGB14199;s__Butyricimonas_faecihominis	balanced_logistic_regression	log10(relative_abundance + 1e-6), training-fold standard scaling
IBD	Damman_2015_FMT_UC	IBD__IBD__Damman_2015_FMT_UC	ok	0.7272727272727273	0.5454545454545454	0.8878787878787879	5000	0.013597280543891222	5000	True	198	198	3021	41	2241	780	30	11	2789	1524	200	s__GGB6567_SGB9277;s__Alistipes_sp_AF17_16;s__Coprococcus_SGB26904;s__GGB9271_SGB14223;s__GGB9266_SGB14215;s__GGB9595_SGB15018;s__GGB2998_SGB3989;s__GGB9290_SGB14247;s__GGB1331_SGB1787;s__GGB9707_SGB15229;s__GGB4237_SGB5728;s__Oscillospiraceae_bacterium;s__GGB13404_SGB14252;s__Wujia_chipingensis;s__GGB9747_SGB15356;s__GGB5973_SGB8589;s__Jutongia_huaianensis;s__GGB1530_SGB2113;s__GGB9253_SGB14198;s__GGB3474_SGB4637;s__GGB33665_SGB47358;s__Lachnospiraceae_unclassified_SGB4892;s__Oscillibacter_sp_MSJ_31;s__Bacteroidales_bacterium;s__GGB3142_SGB4155;s__Clostridium_sp_AM49_4BH;s__Clostridioides_difficile;s__GGB4598_SGB6360;s__GGB3169_SGB4183;s__GGB3619_SGB4894;s__Alistipes_shahii;s__GGB2998_SGB3988;s__GGB9060_SGB13977;s__Blautia_producta;s__GGB2983_SGB3965;s__GGB52384_SGB61014;s__GGB51884_SGB49168;s__GGB9082_SGB14007;s__GGB9616_SGB15051;s__GGB9699_SGB15216;s__GGB9253_SGB14199;s__Jilunia_laotingensis;s__GGB4586_SGB6343;s__GGB1458_SGB2021;s__GGB9760_SGB15373;s__GGB3616_SGB4888;s__Simiaoa_sunii;s__Ruminococcus_champanellensis;s__GGB3478_SGB4643;s__Enterocloster_clostridioformis;s__GGB3730_SGB5060;s__Oscillospiraceae_bacterium_Marseille_Q3528;s__Clostridiales_bacterium_CHKCI006;s__GGB6544_SGB9242;s__GGB9759_SGB15370;s__GGB9531_SGB14932;s__GGB9715_SGB15267;s__Fusobacterium_nucleatum;s__GGB9444_SGB14834;s__GGB1543_SGB2126;s__GGB4683_SGB6473;s__Clostridiaceae_bacterium_Marseille_Q4145;s__Klebsiella_oxytoca;s__Gemmiger_formicilis;s__GGB9635_SGB15103;s__GGB3058_SGB4060;s__Lachnospira_sp_NSJ_43;s__Erysipelatoclostridium_ramosum;s__GGB9737_SGB15309;s__Ligaoa_zhengdingensis;s__Lachnospiraceae_bacterium_CLA_AA_H244;s__GGB6132_SGB8779;s__Streptococcus_parasanguinis;s__Enterocloster_bolteae;s__Clostridiaceae_unclassified_SGB4771;s__Alistipes_SGB2300;s__Methanomassiliicoccaceae_archaeon_DOK;s__Alistipes_ihumii;s__Butyrivibrio_crossotus;s__GGB9712_SGB15244;s__GGB3146_SGB4159;s__Lachnospiraceae_bacterium_AM48_27BH;s__GGB9258_SGB14205;s__Roseburia_lenta;s__Streptococcus_oralis;s__Alistipes_putredinis;s__Faecalimonas_umbilicata;s__GGB9534_SGB14937;s__GGB3288_SGB4342;s__GGB4651_SGB6438;s__Lachnospiraceae_bacterium_OM04_12BH;s__GGB6001_SGB8624;s__GGB9347_SGB14313;s__GGB9088_SGB14016;s__Leuconostoc_citreum;s__Bacteroides_caecigallinarum;s__Butyricicoccus_SGB14985;s__Eubacterium_ventriosum;s__GGB9450_SGB14840;s__Drancourtella_massiliensis;s__Lactobacillus_acidophilus;s__GGB9593_SGB15015;s__GGB9081_SGB14005;s__Dialister_pneumosintes;s__Barnesiella_intestinihominis;s__Enterococcus_faecium;s__Clostridium_butyricum;s__Oscillibacter_sp_ER4;s__Victivallis_lenta;s__GGB33469_SGB15237;s__Eubacterium_siraeum;s__GGB4717_SGB6533;s__Veillonellaceae_bacterium;s__Lachnospiraceae_bacterium_CLA_AA_H215;s__Lactiplantibacillus_plantarum;s__GGB3480_SGB4648;s__GGB9597_SGB15022;s__Oscillospiraceae_unclassified_SGB15252;s__Clostridiaceae_bacterium_AF18_31LB;s__GGB9760_SGB15374;s__Prevotella_corporis;s__Veillonella_seminalis;s__GGB4564_SGB6302;s__Lactobacillus_johnsonii;s__Enterocloster_aldenensis;s__Lacticaseibacillus_paracasei;s__GGB79118_SGB105839;s__Faecalicatena_fissicatena;s__GGB33586_SGB53517;s__GGB3653_SGB4964;s__GGB81342_SGB47944;s__Rothia_mucilaginosa;s__Lawsonibacter_SGB15145;s__GGB9635_SGB15106;s__GGB4591_SGB6350;s__Bifidobacterium_dentium;s__Vescimonas_coprocola;s__Streptococcus_cristatus;s__GGB9758_SGB15368;s__GGB3632_SGB4921;s__GGB9766_SGB15383;s__GGB9365_SGB14341;s__GGB4584_SGB6338;s__Actinomyces_sp_ph3;s__Faecalibacterium_sp_HTFF;s__Actinomyces_oris;s__Roseburia_sp_AM59_24XD;s__Streptococcus_infantis;s__GGB9786_SGB15409;s__GGB3616_SGB4890;s__GGB3061_SGB4063;s__Dysgonomonas_mossii;s__Clostridiaceae_bacterium_Marseille_Q4143;s__Parabacteroides_goldsteinii;s__GGB9708_SGB15233;s__GGB9198_SGB14137;s__GGB9545_SGB14951;s__GGB9690_SGB15196;s__Lachnospiraceae_bacterium_OF09_6;s__GGB53380_SGB74412;s__Prevotella_buccae;s__GGB13489_SGB15224;s__Actinomyces_graevenitzii;s__Clostridium_symbiosum;s__GGB6007_SGB8633;s__GGB6012_SGB8640;s__GGB3267_SGB4317;s__Veillonella_atypica;s__Alistipes_finegoldii;s__GGB4552_SGB6276;s__Terrisporobacter_mayombei;s__Bifidobacterium_scardovii;s__Enterococcus_raffinosus;s__GGB2652_SGB3573;s__Mitsuokella_jalaludinii;s__Limosilactobacillus_fermentum;s__GGB9813_SGB15447;s__Granulicatella_SGB8255;s__GGB3345_SGB4425;s__GGB9495_SGB14892;s__GGB74220_SGB4052;s__GGB6610_SGB9344;s__GGB31460_SGB6499;s__GGB4605_SGB6378;s__Ruminococcus_bromii;s__GGB51269_SGB5061;s__Staphylococcus_epidermidis;s__GGB9819_SGB15460;s__Gemmiger_sp_An50;s__GGB9618_SGB15064;s__GGB3175_SGB4191;s__Clostridium_saccharogumia;s__GGB3176_SGB4194;s__Desulfovibrio_fairfieldensis;s__GGB9627_SGB15081;s__GGB9696_SGB15212;s__GGB9708_SGB15234;s__Aggregatibacter_segnis	balanced_logistic_regression	log10(relative_abundance + 1e-6), training-fold standard scaling
IBD	Douglas_2018_child_Crohn	IBD__IBD__Douglas_2018_child_Crohn	ok	0.3597222222222223	0.18888888888888888	0.5416666666666666	5000	0.9394121175764847	5000	False	137	137	3024	38	2253	771	18	20	2813	1543	200	s__GGB6567_SGB9277;s__Alistipes_sp_AF17_16;s__Coprococcus_SGB26904;s__GGB9266_SGB14215;s__GGB9271_SGB14223;s__GGB2998_SGB3989;s__GGB9290_SGB14247;s__GGB1331_SGB1787;s__GGB9707_SGB15229;s__Oscillospiraceae_bacterium;s__GGB4237_SGB5728;s__GGB5973_SGB8589;s__Wujia_chipingensis;s__GGB3474_SGB4637;s__GGB9747_SGB15356;s__GGB13404_SGB14252;s__Jutongia_huaianensis;s__GGB1530_SGB2113;s__GGB9253_SGB14198;s__GGB33665_SGB47358;s__Clostridium_sp_AM49_4BH;s__Oscillibacter_sp_MSJ_31;s__GGB3142_SGB4155;s__Lachnospiraceae_unclassified_SGB4892;s__Bacteroidales_bacterium;s__Alistipes_shahii;s__GGB9595_SGB15018;s__GGB3169_SGB4183;s__Clostridioides_difficile;s__GGB3619_SGB4894;s__GGB2998_SGB3988;s__GGB9082_SGB14007;s__GGB51884_SGB49168;s__GGB9060_SGB13977;s__GGB52384_SGB61014;s__GGB9699_SGB15216;s__GGB4586_SGB6343;s__Blautia_producta;s__GGB9760_SGB15373;s__GGB9616_SGB15051;s__GGB1458_SGB2021;s__Jilunia_laotingensis;s__Simiaoa_sunii;s__Oscillospiraceae_bacterium_Marseille_Q3528;s__Ruminococcus_champanellensis;s__GGB9531_SGB14932;s__GGB9759_SGB15370;s__GGB3478_SGB4643;s__GGB9635_SGB15103;s__GGB9715_SGB15267;s__GGB6544_SGB9242;s__Gemmiger_formicilis;s__Clostridiaceae_bacterium_Marseille_Q4145;s__Clostridiales_bacterium_CHKCI006;s__Fusobacterium_nucleatum;s__Enterocloster_clostridioformis;s__GGB9444_SGB14834;s__GGB1543_SGB2126;s__Ligaoa_zhengdingensis;s__GGB2983_SGB3965;s__GGB4683_SGB6473;s__Lachnospiraceae_bacterium_CLA_AA_H244;s__GGB9737_SGB15309;s__Klebsiella_oxytoca;s__GGB3730_SGB5060;s__Alistipes_ihumii;s__Butyrivibrio_crossotus;s__GGB3146_SGB4159;s__GGB3288_SGB4342;s__GGB9712_SGB15244;s__GGB9258_SGB14205;s__GGB6132_SGB8779;s__GGB3058_SGB4060;s__Lachnospira_sp_NSJ_43;s__Alistipes_SGB2300;s__Methanomassiliicoccaceae_archaeon_DOK;s__Lachnospiraceae_bacterium_AM48_27BH;s__Erysipelatoclostridium_ramosum;s__GGB3616_SGB4888;s__GGB9534_SGB14937;s__Streptococcus_parasanguinis;s__Alistipes_putredinis;s__GGB9593_SGB15015;s__Roseburia_lenta;s__Enterocloster_bolteae;s__GGB9081_SGB14005;s__GGB6001_SGB8624;s__GGB9088_SGB14016;s__Faecalimonas_umbilicata;s__Bacteroides_caecigallinarum;s__Lachnospiraceae_bacterium_OM04_12BH;s__Leuconostoc_citreum;s__Eubacterium_siraeum;s__GGB9597_SGB15022;s__Dialister_pneumosintes;s__Drancourtella_massiliensis;s__Lactobacillus_acidophilus;s__GGB4651_SGB6438;s__Butyricicoccus_SGB14985;s__Streptococcus_oralis;s__GGB33469_SGB15237;s__GGB9450_SGB14840;s__Victivallis_lenta;s__Eubacterium_ventriosum;s__GGB9760_SGB15374;s__Oscillibacter_sp_ER4;s__GGB33586_SGB53517;s__Clostridiaceae_bacterium_AF18_31LB;s__Enterococcus_faecium;s__GGB3480_SGB4648;s__GGB3653_SGB4964;s__Clostridiaceae_unclassified_SGB4771;s__Clostridium_butyricum;s__Prevotella_corporis;s__Oscillospiraceae_unclassified_SGB15252;s__Lactiplantibacillus_plantarum;s__GGB4564_SGB6302;s__GGB9635_SGB15106;s__Veillonellaceae_bacterium;s__GGB9545_SGB14951;s__Veillonella_seminalis;s__Clostridiaceae_bacterium_Marseille_Q4143;s__GGB4717_SGB6533;s__Barnesiella_intestinihominis;s__GGB9786_SGB15409;s__Lactobacillus_johnsonii;s__GGB9766_SGB15383;s__GGB9690_SGB15196;s__GGB81342_SGB47944;s__GGB79118_SGB105839;s__Faecalicatena_fissicatena;s__GGB9758_SGB15368;s__Bifidobacterium_dentium;s__GGB9708_SGB15233;s__GGB3345_SGB4425;s__GGB3632_SGB4921;s__GGB9365_SGB14341	balanced_logistic_regression	log10(relative_abundance + 1e-6), training-fold standard scaling
IBD	Franzosa_2018_IBD	IBD__IBD__Franzosa_2018_IBD	ok	0.9086454703832751	0.8555095818815331	0.9539443597560975	5000	0.0001999600079984003	5000	True	185	185	2842	220	2107	735	164	56	2761	1460	200	s__GGB6567_SGB9277;s__Coprococcus_SGB26904;s__GGB9290_SGB14247;s__GGB9271_SGB14223;s__Alistipes_sp_AF17_16;s__GGB2998_SGB3989;s__GGB9266_SGB14215;s__GGB9707_SGB15229;s__GGB5973_SGB8589;s__Jutongia_huaianensis;s__Oscillospiraceae_bacterium;s__GGB1530_SGB2113;s__GGB4237_SGB5728;s__Lachnospiraceae_unclassified_SGB4892;s__Bacteroidales_bacterium;s__GGB6132_SGB8779;s__GGB3474_SGB4637;s__GGB9747_SGB15356;s__GGB13404_SGB14252;s__Wujia_chipingensis;s__GGB9595_SGB15018;s__GGB9253_SGB14198;s__Oscillibacter_sp_MSJ_31;s__Clostridium_sp_AM49_4BH;s__GGB33665_SGB47358;s__Clostridioides_difficile;s__GGB3169_SGB4183;s__GGB51884_SGB49168;s__GGB9082_SGB14007;s__GGB52384_SGB61014;s__GGB3142_SGB4155;s__GGB9060_SGB13977;s__Alistipes_shahii;s__GGB4586_SGB6343;s__GGB2998_SGB3988;s__GGB3619_SGB4894;s__GGB6544_SGB9242;s__GGB9699_SGB15216;s__GGB9635_SGB15103;s__Jilunia_laotingensis;s__GGB1458_SGB2021;s__Methanomassiliicoccaceae_archaeon_DOK;s__Blautia_producta;s__Ruminococcus_champanellensis;s__GGB9052_SGB13957;s__GGB3730_SGB5060;s__GGB9616_SGB15051;s__GGB9715_SGB15267;s__GGB9531_SGB14932;s__GGB51269_SGB5061;s__GGB1543_SGB2126;s__Simiaoa_sunii;s__GGB9444_SGB14834;s__GGB9760_SGB15373;s__Fusobacterium_nucleatum;s__Klebsiella_oxytoca;s__Alistipes_SGB2300;s__Enterocloster_clostridioformis;s__Butyrivibrio_crossotus;s__GGB3058_SGB4060;s__Streptococcus_parasanguinis;s__Bacteroides_caecigallinarum;s__GGB3616_SGB4888;s__Clostridiales_bacterium_CHKCI006;s__Lactobacillus_acidophilus;s__GGB9759_SGB15370;s__GGB3288_SGB4342;s__GGB3478_SGB4643;s__Lachnospiraceae_bacterium_CLA_AA_H244;s__Oscillospiraceae_bacterium_Marseille_Q3528;s__GGB6001_SGB8624;s__GGB9088_SGB14016;s__GGB9534_SGB14937;s__Alistipes_putredinis;s__Alistipes_ihumii;s__Ligaoa_zhengdingensis;s__Roseburia_lenta;s__GGB9258_SGB14205;s__Lachnospira_sp_NSJ_43;s__GGB3146_SGB4159;s__GGB9737_SGB15309;s__Enterocloster_bolteae;s__GGB4683_SGB6473;s__Blautia_marasmi;s__Enterococcus_faecium;s__Rothia_mucilaginosa;s__Erysipelatoclostridium_ramosum;s__Gemmiger_formicilis;s__GGB2983_SGB3965;s__Eubacterium_sp_An11;s__Clostridiaceae_bacterium_Marseille_Q4145;s__GGB9593_SGB15015;s__GGB9450_SGB14840;s__Lachnospiraceae_bacterium_AM48_27BH;s__GGB9545_SGB14951;s__Eubacterium_siraeum;s__Victivallis_lenta;s__Drancourtella_massiliensis;s__GGB9081_SGB14005;s__Dialister_pneumosintes;s__Bifidobacterium_dentium;s__GGB1680_SGB2312;s__GGB33469_SGB15237;s__Clostridium_butyricum;s__GGB4599_SGB6362;s__GGB4605_SGB6378;s__Actinomyces_oris;s__Butyricicoccus_SGB14985;s__Faecalimonas_umbilicata;s__GGB9597_SGB15022;s__GGB3632_SGB4921;s__GGB3267_SGB4317;s__Lachnospiraceae_bacterium_OM04_12BH;s__GGB9712_SGB15244;s__Eubacterium_ventriosum;s__GGB4717_SGB6533;s__Veillonellaceae_bacterium;s__Lactobacillus_johnsonii;s__Dysgonomonas_mossii;s__GGB9708_SGB15233;s__Clostridiaceae_unclassified_SGB4771;s__GGB33586_SGB53517;s__Barnesiella_intestinihominis;s__Enterocloster_aldenensis;s__Lactiplantibacillus_plantarum;s__Streptococcus_oralis;s__Actinomyces_sp_ph3;s__Lacticaseibacillus_paracasei;s__Alistipes_montrealensis;s__Oscillospiraceae_unclassified_SGB15252;s__GGB9696_SGB15212;s__GGB4552_SGB6276;s__GGB6519_SGB9208;s__Prevotella_buccae;s__GGB6007_SGB8633;s__Oscillibacter_sp_ER4;s__Veillonella_seminalis;s__GGB81342_SGB47944;s__GGB41473_SGB58537;s__Terrisporobacter_mayombei;s__Clostridiaceae_bacterium_AF18_31LB;s__GGB79118_SGB105839;s__GGB4651_SGB6438;s__GGB9198_SGB14137;s__Mitsuokella_jalaludinii;s__Prevotella_corporis;s__GGB4564_SGB6302;s__GGB74220_SGB4052;s__GGB6610_SGB9344;s__GGB3345_SGB4425;s__GGB6012_SGB8640;s__Enterococcus_raffinosus;s__GGB9819_SGB15460;s__Streptococcus_infantis;s__Actinomyces_graevenitzii;s__Alistipes_finegoldii;s__GGB9495_SGB14892;s__GGB9813_SGB15447;s__GGB4571_SGB6321;s__Desulfovibrio_fairfieldensis;s__Parabacteroides_goldsteinii;s__GGB9618_SGB15064;s__GGB9602_SGB15031;s__Streptococcus_cristatus;s__Vescimonas_coprocola;s__Granulicatella_SGB8255;s__Clostridium_sp_AF32_12BH;s__GGB3480_SGB4648;s__Staphylococcus_epidermidis;s__Bifidobacterium_scardovii;s__GGB51269_SGB5062;s__Eikenella_corrodens;s__GGB3001_SGB3992;s__Faecalibacterium_sp_HTFF;s__Aggregatibacter_segnis;s__Clostridium_symbiosum;s__Lactococcus_lactis;s__Veillonella_atypica;s__Gemmiger_sp_An50;s__Ruminococcus_bromii;s__GGB9760_SGB15374;s__Faecalicatena_fissicatena;s__GGB9347_SGB14313;s__Leuconostoc_citreum;s__GGB4605_SGB6376	balanced_logistic_regression	log10(relative_abundance + 1e-6), training-fold standard scaling
IBD	Hall_2017_IBD	IBD__IBD__Hall_2017_IBD	ok	0.7056283502084574	0.6307242033948779	0.7787745681953543	5000	0.0001999600079984003	5000	True	41	41	2805	257	2087	718	184	73	2800	1512	200	s__GGB6567_SGB9277;s__Coprococcus_SGB26904;s__GGB9271_SGB14223;s__GGB9266_SGB14215;s__Alistipes_sp_AF17_16;s__GGB9290_SGB14247;s__GGB2998_SGB3989;s__GGB1331_SGB1787;s__Oscillospiraceae_bacterium;s__GGB4237_SGB5728;s__GGB9707_SGB15229;s__GGB5973_SGB8589;s__GGB51884_SGB49168;s__GGB3474_SGB4637;s__GGB1530_SGB2113;s__Wujia_chipingensis;s__Clostridium_sp_AM49_4BH;s__GGB9616_SGB15051;s__GGB9747_SGB15356;s__GGB9595_SGB15018;s__GGB3169_SGB4183;s__Clostridioides_difficile;s__Jilunia_laotingensis;s__GGB13404_SGB14252;s__Jutongia_huaianensis;s__GGB9082_SGB14007;s__GGB33665_SGB47358;s__GGB3142_SGB4155;s__GGB9060_SGB13977;s__Oscillibacter_sp_MSJ_31;s__GGB52384_SGB61014;s__GGB3619_SGB4894;s__Alistipes_shahii;s__GGB4586_SGB6343;s__GGB1458_SGB2021;s__Clostridiaceae_bacterium_Marseille_Q4145;s__Simiaoa_sunii;s__GGB4651_SGB6438;s__GGB9253_SGB14198;s__GGB9635_SGB15103;s__GGB6544_SGB9242	balanced_logistic_regression	log10(relative_abundance + 1e-6), training-fold standard scaling
IBD	He_2017_Crohn	IBD__IBD__He_2017_Crohn	ok	0.7898295120517342	0.7060552616108172	0.8644988242210464	5000	0.0001999600079984003	5000	True	145	145	2945	117	2208	737	63	54	2664	1505	200	s__GGB6567_SGB9277;s__Coprococcus_SGB26904;s__GGB9271_SGB14223;s__GGB9266_SGB14215;s__GGB2998_SGB3989;s__Alistipes_sp_AF17_16;s__GGB9290_SGB14247;s__GGB4237_SGB5728;s__GGB9707_SGB15229;s__Oscillospiraceae_bacterium;s__GGB5973_SGB8589;s__GGB3474_SGB4637;s__GGB1530_SGB2113;s__GGB13404_SGB14252;s__Jutongia_huaianensis;s__GGB9253_SGB14198;s__GGB9747_SGB15356;s__Lachnospiraceae_unclassified_SGB4892;s__Bacteroidales_bacterium;s__GGB3142_SGB4155;s__GGB33665_SGB47358;s__Oscillibacter_sp_MSJ_31;s__Wujia_chipingensis;s__Clostridium_sp_AM49_4BH;s__GGB9595_SGB15018;s__GGB3169_SGB4183;s__Alistipes_shahii;s__GGB9082_SGB14007;s__GGB9060_SGB13977;s__Jilunia_laotingensis;s__GGB3619_SGB4894;s__GGB52384_SGB61014;s__GGB4586_SGB6343;s__GGB2998_SGB3988;s__GGB9616_SGB15051;s__GGB51884_SGB49168;s__Blautia_producta;s__GGB9699_SGB15216;s__Ruminococcus_champanellensis;s__Clostridioides_difficile;s__GGB3478_SGB4643;s__GGB9531_SGB14932;s__GGB9760_SGB15373;s__GGB1458_SGB2021;s__GGB6544_SGB9242;s__Ligaoa_zhengdingensis;s__GGB9759_SGB15370;s__Clostridiales_bacterium_CHKCI006;s__Streptococcus_oralis;s__Streptococcus_parasanguinis;s__Enterocloster_clostridioformis;s__GGB3146_SGB4159;s__Enterocloster_bolteae;s__Leuconostoc_citreum;s__GGB9258_SGB14205;s__Butyrivibrio_crossotus;s__GGB6132_SGB8779;s__GGB3058_SGB4060;s__Oscillospiraceae_bacterium_Marseille_Q3528;s__GGB9737_SGB15309;s__Granulicatella_SGB8255;s__Gemella_morbillorum;s__Methanomassiliicoccaceae_archaeon_DOK;s__Actinomyces_sp_ph3;s__Fusobacterium_nucleatum;s__GGB9635_SGB15103;s__GGB3730_SGB5060;s__Clostridiaceae_bacterium_Marseille_Q4145;s__Lachnospiraceae_bacterium_CLA_AA_H244;s__Peptostreptococcus_stomatis;s__GGB9715_SGB15267;s__Gemella_sanguinis;s__GGB1543_SGB2126;s__Erysipelatoclostridium_ramosum;s__Simiaoa_sunii;s__Alistipes_ihumii;s__Faecalimonas_umbilicata;s__Alistipes_putredinis;s__Klebsiella_oxytoca;s__GGB9081_SGB14005;s__GGB6001_SGB8624;s__GGB9088_SGB14016;s__GGB3616_SGB4888;s__Bacteroides_caecigallinarum;s__GGB9444_SGB14834;s__GGB9534_SGB14937;s__Eubacterium_siraeum;s__Lachnospira_sp_NSJ_43;s__Victivallis_lenta;s__Drancourtella_massiliensis;s__Butyricicoccus_SGB14985;s__GGB2983_SGB3965;s__GGB33586_SGB53517;s__GGB3480_SGB4648;s__GGB4683_SGB6473;s__Enterococcus_faecium;s__GGB9450_SGB14840;s__GGB33469_SGB15237;s__Lactobacillus_acidophilus;s__GGB79118_SGB105839;s__Dialister_pneumosintes;s__GGB4651_SGB6438;s__Enterocloster_aldenensis;s__GGB3653_SGB4964;s__GGB2958_SGB3940;s__Barnesiella_intestinihominis;s__GGB9712_SGB15244;s__Lachnospiraceae_bacterium_OM04_12BH;s__Clostridium_butyricum;s__Rothia_mucilaginosa;s__Lactiplantibacillus_plantarum;s__Lancefieldella_parvula;s__Streptococcus_mitis;s__GGB9545_SGB14951;s__GGB3061_SGB4063;s__GGB9198_SGB14137;s__GGB13489_SGB15224;s__GGB9708_SGB15233;s__GGB9690_SGB15196;s__Prevotella_corporis;s__Butyricimonas_synergistica;s__Gemmiger_formicilis;s__Faecalibacterium_sp_HTFF;s__Dysgonomonas_mossii;s__Veillonella_seminalis;s__GGB81342_SGB47944;s__GGB9766_SGB15383;s__GGB9786_SGB15409;s__GGB9635_SGB15106;s__Alistipes_finegoldii;s__GGB9365_SGB14341;s__GGB9513_SGB14911;s__Veillonellaceae_bacterium;s__GGB9760_SGB15374;s__Citrobacter_braakii;s__GGB9347_SGB14313;s__Lactobacillus_johnsonii;s__Granulicatella_adiacens;s__Veillonella_atypica;s__Parabacteroides_goldsteinii;s__Prevotella_sp_885;s__Neisseria_subflava;s__Clostridiaceae_unclassified_SGB4771;s__GGB9597_SGB15022;s__GGB3267_SGB4317	balanced_logistic_regression	log10(relative_abundance + 1e-6), training-fold standard scaling
IBD	Kumbhari_2024_IBD	IBD__IBD__Kumbhari_2024_IBD	ok	0.6741493925401972	0.6289864549562826	0.7195576268133739	5000	0.0001999600079984003	5000	True	25	25	2123	939	1488	635	783	156	2621	1339	200	s__GGB9266_SGB14215;s__Alistipes_sp_AF17_16;s__GGB6567_SGB9277;s__Oscillospiraceae_bacterium;s__Coprococcus_SGB26904;s__GGB2998_SGB3989;s__Ruminococcus_champanellensis;s__GGB9271_SGB14223;s__GGB3169_SGB4183;s__Wujia_chipingensis;s__GGB9707_SGB15229;s__GGB9290_SGB14247;s__GGB9060_SGB13977;s__Clostridium_sp_AM49_4BH;s__GGB51884_SGB49168;s__GGB4586_SGB6343;s__GGB9616_SGB15052;s__Jutongia_huaianensis;s__GGB4237_SGB5728;s__GGB9082_SGB14007;s__GGB5973_SGB8589;s__Dialister_pneumosintes;s__GGB33665_SGB47358;s__GGB3474_SGB4637;s__GGB1530_SGB2113	balanced_logistic_regression	log10(relative_abundance + 1e-6), training-fold standard scaling
IBD	Lloyd-Price_2019_HMP2IBD	IBD__IBD__Lloyd-Price_2019_HMP2IBD	ok	0.7223749756406509	0.6866959511716848	0.7558726584575659	5000	0.0001999600079984003	5000	True	17	17	1777	1285	1338	439	933	352	2721	1393	200	s__Lachnospiraceae_unclassified_SGB4892;s__GGB9253_SGB14198;s__GGB3142_SGB4155;s__Blautia_producta;s__Alistipes_sp_AF17_16;s__Enterocloster_clostridioformis;s__GGB9616_SGB15062;s__Alistipes_ihumii;s__GGB9747_SGB15356;s__Clostridioides_difficile;s__Oscillibacter_sp_MSJ_31;s__Bacteroidales_bacterium;s__GGB9737_SGB15309;s__GGB9290_SGB14247;s__GGB9691_SGB15198;s__GGB3619_SGB4894;s__GGB9760_SGB15373	balanced_logistic_regression	log10(relative_abundance + 1e-6), training-fold standard scaling
