disease	final_k	final_effective_k	feature_rank	species	full_disease_score	full_disease_log2fc	full_disease_p_value	full_disease_detected	full_disease_mean_abund	nested_selection_count	nested_selection_frequency	median_nested_feature_rank	final_k_mean_inner_auc	final_k_sd_inner_auc	final_k_n_inner_evaluations	feature_selection_scope	model_family
CRA	143	143	1	s__GGB1144_SGB1468	43.2393778329495	-14.54278107393335	0.0010635220313211634	19	0.015318153839505206	4	0.6666666666666666	1.0	0.5267890280829142	0.069855779549261	30	full_disease_post_selection	balanced_logistic_regression
CRA	143	143	2	s__Arachnia_propionica	28.585587355479703	-10.068039409195036	0.00144797002849625	18	0.0006883168358853899	1	0.16666666666666666	2.0	0.5267890280829142	0.069855779549261	30	full_disease_post_selection	balanced_logistic_regression
CRA	143	143	3	s__Kingella_bonacorsii	28.551616439766995	-10.05607461911115	0.00144797002849625	18	0.000682626681263468	2	0.3333333333333333	4.0	0.5267890280829142	0.069855779549261	30	full_disease_post_selection	balanced_logistic_regression
CRA	143	143	4	s__Porphyromonas_sp_oral_taxon_278	28.166501620863254	-13.025384549015737	0.00687968705661099	13	0.005350454321751359	5	0.8333333333333334	3.0	0.5267890280829142	0.069855779549261	30	full_disease_post_selection	balanced_logistic_regression
CRA	143	143	5	s__Actinomyces_gerencseriae	25.388878611460825	-8.942136610313433	0.00144797002849625	18	0.0003150495053100821	5	0.8333333333333334	6.0	0.5267890280829142	0.069855779549261	30	full_disease_post_selection	balanced_logistic_regression
CRA	143	143	6	s__Actinomyces_israelii	24.334277761845637	-9.468356069170502	0.0026911420426054197	16	0.0004540011588283085	5	0.8333333333333334	9.0	0.5267890280829142	0.069855779549261	30	full_disease_post_selection	balanced_logistic_regression
CRA	143	143	7	s__Lautropia_mirabilis	24.133961701325006	-11.214671213790135	0.007046949358282535	18	0.012266522659178406	2	0.3333333333333333	14.0	0.5267890280829142	0.069855779549261	30	full_disease_post_selection	balanced_logistic_regression
CRA	143	143	8	s__Prevotella_conceptionensis	23.492116525721347	-10.218704978113466	0.0050242053102049645	14	0.0007641584212128582	4	0.6666666666666666	8.0	0.5267890280829142	0.069855779549261	30	full_disease_post_selection	balanced_logistic_regression
CRA	143	143	9	s__Selenomonas_felix	22.66341247456266	-11.190905777500195	0.009437062025115829	12	0.0014997670325533588	5	0.8333333333333334	18.0	0.5267890280829142	0.069855779549261	30	full_disease_post_selection	balanced_logistic_regression
CRA	143	143	10	s__Neisseria_bacilliformis	22.425949537720275	-11.073649579110072	0.009437062025115829	12	0.0013826441911499931	5	0.8333333333333334	8.0	0.5267890280829142	0.069855779549261	30	full_disease_post_selection	balanced_logistic_regression
CRA	143	143	11	s__Selenomonas_SGB5896	22.041199153499004	-9.587578446408939	0.0050242053102049645	14	0.0004931683159693934	5	0.8333333333333334	14.0	0.5267890280829142	0.069855779549261	30	full_disease_post_selection	balanced_logistic_regression
CRA	143	143	12	s__Kingella_denitrificans	21.625292282417874	-11.460203129383324	0.012972086989078662	11	0.0018076819806247429	5	0.8333333333333334	13.0	0.5267890280829142	0.069855779549261	30	full_disease_post_selection	balanced_logistic_regression
CRA	143	143	13	s__Capnocytophaga_sputigena	21.586974970546088	-9.982732234433456	0.00687968705661099	13	0.0006487594633192328	5	0.8333333333333334	14.0	0.5267890280829142	0.069855779549261	30	full_disease_post_selection	balanced_logistic_regression
CRA	143	143	14	s__Pauljensenia_hongkongensis	21.087938699267703	-9.223658789294118	0.00517264213232852	19	0.0013135934600490755	5	0.8333333333333334	16.0	0.5267890280829142	0.069855779549261	30	full_disease_post_selection	balanced_logistic_regression
CRA	143	143	15	s__Prevotella_baroniae	20.300733496409638	-10.024244745347751	0.009437062025115829	12	0.0006677169536105338	5	0.8333333333333334	20.0	0.5267890280829142	0.069855779549261	30	full_disease_post_selection	balanced_logistic_regression
CRA	143	143	16	s__Prevotella_loescheii	19.612831148515642	-9.684567256092956	0.009437062025115829	12	0.0005275072760708591	5	0.8333333333333334	18.0	0.5267890280829142	0.069855779549261	30	full_disease_post_selection	balanced_logistic_regression
CRA	143	143	17	s__Bifidobacterium_breve	19.167024681994544	-5.252179160050292	0.00022420929583311783	86	0.055790770798921585	5	0.8333333333333334	25.0	0.5267890280829142	0.069855779549261	30	full_disease_post_selection	balanced_logistic_regression
CRA	143	143	18	s__Schaalia_meyeri	18.76540234328558	-7.497944575283185	0.003142395148873249	38	0.0057278218171364	4	0.6666666666666666	16.5	0.5267890280829142	0.069855779549261	30	full_disease_post_selection	balanced_logistic_regression
CRA	143	143	19	s__Tannerella_forsythia	18.75495391600412	-9.93908317549272	0.012972086989078662	11	0.0006294059323067747	5	0.8333333333333334	23.0	0.5267890280829142	0.069855779549261	30	full_disease_post_selection	balanced_logistic_regression
CRA	143	143	20	s__Abiotrophia_sp_HMSC24B09	18.585746113857077	-10.198621188134148	0.015052958418228629	20	0.00393143276257243	5	0.8333333333333334	24.0	0.5267890280829142	0.069855779549261	30	full_disease_post_selection	balanced_logistic_regression
CRA	143	143	21	s__Candidatus_Methanomethylophilus_alvus	18.31189264864494	-10.477473587308472	0.017875608671224515	10	0.0009144088203544702	2	0.3333333333333333	24.5	0.5267890280829142	0.069855779549261	30	full_disease_post_selection	balanced_logistic_regression
CRA	143	143	22	s__Treponema_denticola	18.290431445712667	-9.031582988464582	0.009437062025115829	12	0.00033524169618262214	4	0.6666666666666666	26.0	0.5267890280829142	0.069855779549261	30	full_disease_post_selection	balanced_logistic_regression
CRA	143	143	23	s__Rothia_aeria	18.149075642578715	-6.766957713805097	0.002079631320427087	22	0.003984216685849201	5	0.8333333333333334	33.0	0.5267890280829142	0.069855779549261	30	full_disease_post_selection	balanced_logistic_regression
CRA	143	143	24	s__GGB1202_SGB1567	18.103458150917564	-9.593826595382076	0.012972086989078662	11	0.000495311589566131	5	0.8333333333333334	29.0	0.5267890280829142	0.069855779549261	30	full_disease_post_selection	balanced_logistic_regression
CRA	143	143	25	s__Rothia_mucilaginosa	17.936960224753292	-5.765455855409776	0.0007742688339538654	303	0.10364478826522827	4	0.6666666666666666	22.0	0.5267890280829142	0.069855779549261	30	full_disease_post_selection	balanced_logistic_regression
CRA	143	143	26	s__Streptococcus_oralis	17.93504145937022	-2.719054281829361	2.53480057225882e-07	275	0.015619581565260887	5	0.8333333333333334	28.0	0.5267890280829142	0.069855779549261	30	full_disease_post_selection	balanced_logistic_regression
CRA	143	143	27	s__Propionibacterium_acidifaciens	17.704999550488566	-7.705817122714638	0.005039477231213185	28	0.0010006523225456476	6	1.0	34.0	0.5267890280829142	0.069855779549261	30	full_disease_post_selection	balanced_logistic_regression
CRA	143	143	28	s__Porphyromonas_endodontalis	17.33780251261426	-9.922171234863475	0.017890409562314743	15	0.001665567841901415	4	0.6666666666666666	27.0	0.5267890280829142	0.069855779549261	30	full_disease_post_selection	balanced_logistic_regression
CRA	143	143	29	s__Granulicatella_adiacens	17.152055857908568	-5.583714757156536	0.0008476184373373081	98	0.003948054276406765	4	0.6666666666666666	26.0	0.5267890280829142	0.069855779549261	30	full_disease_post_selection	balanced_logistic_regression
CRA	143	143	30	s__Actinomyces_sp_HMT897	16.874535054140047	-9.652965485795585	0.017859977328014868	15	0.0006589924217811035	5	0.8333333333333334	32.0	0.5267890280829142	0.069855779549261	30	full_disease_post_selection	balanced_logistic_regression
CRA	143	143	31	s__Prevotella_oulorum	16.799779796312784	-8.918400080271056	0.01307010136357426	16	0.0004918870123753614	3	0.5	27.0	0.5267890280829142	0.069855779549261	30	full_disease_post_selection	balanced_logistic_regression
CRA	143	143	32	s__Selenomonas_flueggei	16.371109070308297	-8.675777774221265	0.012972086989078662	11	0.00026182877143924156	5	0.8333333333333334	35.0	0.5267890280829142	0.069855779549261	30	full_disease_post_selection	balanced_logistic_regression
CRA	143	143	33	s__Streptococcus_infantis	16.198142529341826	-5.13114001652247	0.0006968984308161306	81	0.002433622721582651	5	0.8333333333333334	33.0	0.5267890280829142	0.069855779549261	30	full_disease_post_selection	balanced_logistic_regression
CRA	143	143	34	s__Eikenella_halliae	16.143412134578313	-8.555111041535193	0.012972086989078662	11	0.00024076878490771536	5	0.8333333333333334	36.0	0.5267890280829142	0.069855779549261	30	full_disease_post_selection	balanced_logistic_regression
CRA	143	143	35	s__Actinomyces_sp_oral_taxon_448	16.044944356699585	-3.919277384367433	8.056535602086539e-05	51	0.0006187419829321005	4	0.6666666666666666	33.0	0.5267890280829142	0.069855779549261	30	full_disease_post_selection	balanced_logistic_regression
CRA	143	143	36	s__Selenomonas_SGB5897	15.378147089071156	-8.79696661944377	0.017859977328014868	15	0.0007217064849101007	5	0.8333333333333334	40.0	0.5267890280829142	0.069855779549261	30	full_disease_post_selection	balanced_logistic_regression
CRA	143	143	37	s__Granulicatella_SGB8255	15.044579387871194	-3.1987377489256037	1.980227940926242e-05	358	0.01636137254536152	4	0.6666666666666666	35.0	0.5267890280829142	0.069855779549261	30	full_disease_post_selection	balanced_logistic_regression
CRA	143	143	38	s__Leptotrichia_wadei	14.889424619760034	-7.378015825120306	0.009592249897868485	17	0.0012156377271147001	4	0.6666666666666666	43.5	0.5267890280829142	0.069855779549261	30	full_disease_post_selection	balanced_logistic_regression
CRA	143	143	39	s__Gemella_sanguinis	14.632764795235039	-2.829433365635156	6.735627740792724e-06	209	0.005815899930894375	4	0.6666666666666666	37.5	0.5267890280829142	0.069855779549261	30	full_disease_post_selection	balanced_logistic_regression
CRA	143	143	40	s__Cardiobacterium_hominis	14.474654748038004	-8.979614146976742	0.024437343677429	14	0.0005237740202557109	4	0.6666666666666666	38.0	0.5267890280829142	0.069855779549261	30	full_disease_post_selection	balanced_logistic_regression
CRA	143	143	41	s__GGB1202_SGB1566	14.227744721150478	-8.140655818540134	0.017875608671224515	10	0.00018048922471098936	5	0.8333333333333334	39.0	0.5267890280829142	0.069855779549261	30	full_disease_post_selection	balanced_logistic_regression
CRA	143	143	42	s__Eubacterium_infirmum	13.351148496530415	-6.623119717049442	0.009641852392912575	17	0.0001340069880850893	5	0.8333333333333334	43.0	0.5267890280829142	0.069855779549261	30	full_disease_post_selection	balanced_logistic_regression
CRA	143	143	43	s__GGB3883_SGB5265	13.189202105562327	-7.344473313259272	0.016002972633788297	28	0.005149772932813853	4	0.6666666666666666	44.5	0.5267890280829142	0.069855779549261	30	full_disease_post_selection	balanced_logistic_regression
CRA	143	143	44	s__Tannerella_sp_oral_taxon_808	12.902296059746696	-7.382276827733424	0.017875608671224515	10	0.00010643564290749468	4	0.6666666666666666	45.0	0.5267890280829142	0.069855779549261	30	full_disease_post_selection	balanced_logistic_regression
CRA	143	143	45	s__Mogibacterium_SGB3923	12.678123649812868	-7.254012602220329	0.017875608671224515	10	9.732673317031261e-05	3	0.5	52.0	0.5267890280829142	0.069855779549261	30	full_disease_post_selection	balanced_logistic_regression
CRA	143	143	46	s__Campylobacter_SGB19316	12.607593952334351	-7.21365778324227	0.017875608671224515	10	9.46243452001797e-05	5	0.8333333333333334	44.0	0.5267890280829142	0.069855779549261	30	full_disease_post_selection	balanced_logistic_regression
CRA	143	143	47	s__Leptotrichia_sp_oral_taxon_212	12.251917336932372	-7.010151091133637	0.017875608671224515	10	8.20908550770783e-05	5	0.8333333333333334	46.0	0.5267890280829142	0.069855779549261	30	full_disease_post_selection	balanced_logistic_regression
CRA	143	143	48	s__GGB1243_SGB1664	11.98298917375887	-11.310013389127734	0.08719617658567899	10	0.0061608038494991545	3	0.5	46.0	0.5267890280829142	0.069855779549261	30	full_disease_post_selection	balanced_logistic_regression
CRA	143	143	49	s__GGB9278_SGB14230	11.958846416079908	-8.10706655298516	0.033487775519399285	13	0.002606913200039883	5	0.8333333333333334	47.0	0.5267890280829142	0.069855779549261	30	full_disease_post_selection	balanced_logistic_regression
CRA	143	143	50	s__Arachnia_SGB15898	11.157539394009346	-6.934422647977264	0.024603253309539483	14	0.0006023121688843921	4	0.6666666666666666	50.0	0.5267890280829142	0.069855779549261	30	full_disease_post_selection	balanced_logistic_regression
CRA	143	143	51	s__Actinomyces_dentalis	11.136915337207105	-6.07121775688198	0.014642699196480645	36	0.001710867858491838	3	0.5	49.0	0.5267890280829142	0.069855779549261	30	full_disease_post_selection	balanced_logistic_regression
CRA	143	143	52	s__GGB3623_SGB4900	10.98398954136135	-8.440391288205607	0.04996201264768876	16	0.012012661752699461	5	0.8333333333333334	51.0	0.5267890280829142	0.069855779549261	30	full_disease_post_selection	balanced_logistic_regression
CRA	143	143	53	s__Mogibacterium_timidum	10.684438715291437	-4.958068797673884	0.0069990755412108535	35	0.0009488526534901506	4	0.6666666666666666	53.5	0.5267890280829142	0.069855779549261	30	full_disease_post_selection	balanced_logistic_regression
CRA	143	143	54	s__Streptococcus_australis	10.140328229952779	-1.9492262804074758	6.277261308932689e-06	554	0.02522745542228222	5	0.8333333333333334	62.0	0.5267890280829142	0.069855779549261	30	full_disease_post_selection	balanced_logistic_regression
CRA	143	143	55	s__GGB10852_SGB17523	9.884463614040152	-6.1348025006353435	0.024478729930031057	14	0.00019820035059909765	1	0.16666666666666666	74.0	0.5267890280829142	0.069855779549261	30	full_disease_post_selection	balanced_logistic_regression
CRA	143	143	56	s__Streptococcus_constellatus	9.697783308504361	-2.8023613015927924	0.00034627853836746345	77	0.0011147932382300496	4	0.6666666666666666	70.0	0.5267890280829142	0.069855779549261	30	full_disease_post_selection	balanced_logistic_regression
CRA	143	143	57	s__Prevotella_jejuni	9.664385641863477	-8.011571144938017	0.06218658876222007	23	0.015972836280992036	3	0.5	56.0	0.5267890280829142	0.069855779549261	30	full_disease_post_selection	balanced_logistic_regression
CRA	143	143	58	s__Abiotrophia_defectiva	9.601615373350626	-5.891866524221844	0.023461798097301603	45	0.0025538555771036776	4	0.6666666666666666	55.0	0.5267890280829142	0.069855779549261	30	full_disease_post_selection	balanced_logistic_regression
CRA	143	143	59	s__Gemella_morbillorum	9.558448824660696	-3.5442039561044085	0.002009447798781553	70	0.0020899067167192698	4	0.6666666666666666	60.0	0.5267890280829142	0.069855779549261	30	full_disease_post_selection	balanced_logistic_regression
CRA	143	143	60	s__GGB3449_SGB4601	9.549644978767892	-5.653405218657747	0.020455764179745317	19	0.00016018637301513938	5	0.8333333333333334	69.0	0.5267890280829142	0.069855779549261	30	full_disease_post_selection	balanced_logistic_regression
CRA	143	143	61	s__GGB31460_SGB6499	9.54137755480759	-6.6717208524858185	0.03714307000086958	21	0.0029457134848821804	5	0.8333333333333334	58.0	0.5267890280829142	0.069855779549261	30	full_disease_post_selection	balanced_logistic_regression
CRA	143	143	62	s__Blautia_SGB71764	9.500456277044435	-7.4238632525842965	0.05251477631966676	13	0.000645323261669567	4	0.6666666666666666	61.5	0.5267890280829142	0.069855779549261	30	full_disease_post_selection	balanced_logistic_regression
CRA	143	143	63	s__Eubacterium_sulci	9.442027117364697	-2.3882438502861896	0.00011129039066308776	240	0.00581777561455965	4	0.6666666666666666	70.5	0.5267890280829142	0.069855779549261	30	full_disease_post_selection	balanced_logistic_regression
CRA	143	143	64	s__Mogibacterium_diversum	9.397144704321217	-1.72372603193866	3.534734736826375e-06	393	0.006940122228115797	4	0.6666666666666666	71.0	0.5267890280829142	0.069855779549261	30	full_disease_post_selection	balanced_logistic_regression
CRA	143	143	65	s__Alloprevotella_tannerae	9.34585745632562	-4.811243195835005	0.011415547786069338	21	0.007862952815685541	3	0.5	69.0	0.5267890280829142	0.069855779549261	30	full_disease_post_selection	balanced_logistic_regression
CRA	143	143	66	s__Porphyromonas_bobii	9.065234544756176	-9.683139481471368	0.11582773270187557	31	0.08697913831323138	3	0.5	58.0	0.5267890280829142	0.069855779549261	30	full_disease_post_selection	balanced_logistic_regression
CRA	143	143	67	s__Alloprevotella_SGB1484	9.02902667558659	-6.768892781064158	0.046355376114716226	12	0.0016285031848143944	3	0.5	76.0	0.5267890280829142	0.069855779549261	30	full_disease_post_selection	balanced_logistic_regression
CRA	143	143	68	s__Actinomyces_massiliensis	8.99855719608849	-4.627735011441518	0.011363609729659314	21	0.0003415783341014899	4	0.6666666666666666	64.0	0.5267890280829142	0.069855779549261	30	full_disease_post_selection	balanced_logistic_regression
CRA	143	143	69	s__Gemella_haemolysans	8.803873176731353	-4.3032669940144395	0.008997927347294444	49	0.001201426914923805	4	0.6666666666666666	67.5	0.5267890280829142	0.069855779549261	30	full_disease_post_selection	balanced_logistic_regression
CRA	143	143	70	s__Selenomonas_noxia	8.771524036923946	-5.191762327499634	0.02044053768654537	19	0.0005049446694600767	3	0.5	68.0	0.5267890280829142	0.069855779549261	30	full_disease_post_selection	balanced_logistic_regression
CRA	143	143	71	s__Lactococcus_petauri	8.562753846882567	-7.145665975349606	0.06334113630680324	11	0.002946086249861543	2	0.3333333333333333	42.5	0.5267890280829142	0.069855779549261	30	full_disease_post_selection	balanced_logistic_regression
CRA	143	143	72	s__Enterococcus_avium	8.502223661686923	-4.752571203177648	0.016256495750427633	24	0.0009036517236449571	5	0.8333333333333334	81.0	0.5267890280829142	0.069855779549261	30	full_disease_post_selection	balanced_logistic_regression
CRA	143	143	73	s__Clostridium_sp_AM42_4	8.486901418881219	-2.2981390942666198	0.00020279467421945268	135	0.0038735235575586557	4	0.6666666666666666	75.0	0.5267890280829142	0.069855779549261	30	full_disease_post_selection	balanced_logistic_regression
CRA	143	143	74	s__Eubacterium_brachy	8.38357237798542	-2.818109228237413	0.001059518206899834	73	0.0010493302225489123	4	0.6666666666666666	65.5	0.5267890280829142	0.069855779549261	30	full_disease_post_selection	balanced_logistic_regression
CRA	143	143	75	s__Prevotella_sp_HJM029	7.998055229042565	-7.551402639962764	0.0872673615201173	10	0.0006597087912187718	3	0.5	72.0	0.5267890280829142	0.069855779549261	30	full_disease_post_selection	balanced_logistic_regression
CRA	143	143	76	s__Selenomonas_SGB5880	7.9697721598874285	-6.590401745920913	0.061759004277153653	23	0.002134717528413478	3	0.5	72.0	0.5267890280829142	0.069855779549261	30	full_disease_post_selection	balanced_logistic_regression
CRA	143	143	77	s__Schaalia_SGB17157	7.836397933592458	-4.010732070121954	0.011120984540113713	142	0.013865811750292778	3	0.5	70.0	0.5267890280829142	0.069855779549261	30	full_disease_post_selection	balanced_logistic_regression
CRA	143	143	78	s__Streptococcus_intermedius	7.835329485071009	-3.4684941160296794	0.00550808055495921	36	0.00045786254537576865	3	0.5	103.0	0.5267890280829142	0.069855779549261	30	full_disease_post_selection	balanced_logistic_regression
CRA	143	143	79	s__GGB1144_SGB1469	7.719640508943325	-6.60384332243634	0.0677701407062239	15	0.005355061248266754	1	0.16666666666666666	101.0	0.5267890280829142	0.069855779549261	30	full_disease_post_selection	balanced_logistic_regression
CRA	143	143	80	s__Parvimonas_micra	7.703114040331113	-2.6122106439976647	0.0011249005186730677	101	0.002867967588827014	4	0.6666666666666666	65.5	0.5267890280829142	0.069855779549261	30	full_disease_post_selection	balanced_logistic_regression
CRA	143	143	81	s__Haemophilus_haemolyticus	7.562622381855338	-5.254663366092634	0.0363730044235773	25	0.0012976528717550445	3	0.5	76.0	0.5267890280829142	0.069855779549261	30	full_disease_post_selection	balanced_logistic_regression
CRA	143	143	82	s__Prevotella_pallens	7.55108582246054	-7.736093240135018	0.10566106025887487	28	0.014038765262346578	2	0.3333333333333333	89.5	0.5267890280829142	0.069855779549261	30	full_disease_post_selection	balanced_logistic_regression
CRA	143	143	83	s__GGB12785_SGB19827	7.550407092994412	-5.304571024968581	0.037724436307876766	17	0.00044467093138547367	3	0.5	78.0	0.5267890280829142	0.069855779549261	30	full_disease_post_selection	balanced_logistic_regression
CRA	143	143	84	s__Schaalia_odontolytica	7.521811711004471	-4.266911717503234	0.01726541568664426	309	0.028367560356855392	4	0.6666666666666666	78.5	0.5267890280829142	0.069855779549261	30	full_disease_post_selection	balanced_logistic_regression
CRA	143	143	85	s__Porphyromonas_somerae	7.277259887814189	4.547558818197394	0.02510406202461201	12	0.001032999367453158	4	0.6666666666666666	77.0	0.5267890280829142	0.069855779549261	30	full_disease_post_selection	balanced_logistic_regression
CRA	143	143	86	s__Lancefieldella_rimae	7.2274074178127625	-3.6116535091928506	0.00997390504753567	45	0.001154269091784954	3	0.5	73.0	0.5267890280829142	0.069855779549261	30	full_disease_post_selection	balanced_logistic_regression
CRA	143	143	87	s__Gemmiger_sp_An87	7.174873041767115	3.8810461381974513	0.014167879182646398	40	0.010779097490805925	3	0.5	84.0	0.5267890280829142	0.069855779549261	30	full_disease_post_selection	balanced_logistic_regression
CRA	143	143	88	s__GGB3303_SGB4364	7.1025183508314385	-2.976007783668499	0.004105897806477998	33	0.010457221826513492	4	0.6666666666666666	102.0	0.5267890280829142	0.069855779549261	30	full_disease_post_selection	balanced_logistic_regression
CRA	143	143	89	s__Cardiobacterium_SGB9419	7.095213332206955	-5.928086046518049	0.06355053917700831	11	0.0003507280182966666	3	0.5	85.0	0.5267890280829142	0.069855779549261	30	full_disease_post_selection	balanced_logistic_regression
CRA	143	143	90	s__Enterobacter_mori	6.932776656070137	-5.94924605833668	0.06834078885777192	15	0.0009141292998272422	2	0.3333333333333333	50.0	0.5267890280829142	0.069855779549261	30	full_disease_post_selection	balanced_logistic_regression
CRA	143	143	91	s__Actinomyces_oris	6.882701101811012	-4.170832305422204	0.02237700312844258	149	0.0064994350540026995	3	0.5	73.0	0.5267890280829142	0.069855779549261	30	full_disease_post_selection	balanced_logistic_regression
CRA	143	143	92	s__Brachyspira_aalborgi	6.836850117455861	-2.49577780056879	0.0018223617441949131	40	0.022796604573785236	3	0.5	88.0	0.5267890280829142	0.069855779549261	30	full_disease_post_selection	balanced_logistic_regression
CRA	143	143	93	s__Prevotella_melaninogenica	6.809652262954587	-8.325850330479703	0.1520923574158295	33	0.05165923643041181	3	0.5	89.0	0.5267890280829142	0.069855779549261	30	full_disease_post_selection	balanced_logistic_regression
CRA	143	143	94	s__Blautia_SGB59878	6.806172556919789	7.4577749306567	0.1222847627494255	19	0.0022502737826879675	4	0.6666666666666666	103.0	0.5267890280829142	0.069855779549261	30	full_disease_post_selection	balanced_logistic_regression
CRA	143	143	95	s__GGB3220_SGB4252	6.7922472214559715	2.6354009446532687	0.002646611615497384	17	0.015280233002628483	4	0.6666666666666666	75.5	0.5267890280829142	0.069855779549261	30	full_disease_post_selection	balanced_logistic_regression
CRA	143	143	96	s__Prevotella_veroralis	6.776435589804921	-5.65835786005834	0.06344576636055262	11	0.0009813977757454717	3	0.5	91.0	0.5267890280829142	0.069855779549261	30	full_disease_post_selection	balanced_logistic_regression
CRA	143	143	97	s__Blautia_sp_An46	6.714337721221622	-3.3394392053192252	0.009758481860644486	17	0.00027068141966094856	4	0.6666666666666666	65.5	0.5267890280829142	0.069855779549261	30	full_disease_post_selection	balanced_logistic_regression
CRA	143	143	98	s__GGB1548_SGB2132	6.616535170982622	-6.257499721311479	0.0876240548786237	10	0.0011390157326124067	1	0.16666666666666666	119.0	0.5267890280829142	0.069855779549261	30	full_disease_post_selection	balanced_logistic_regression
CRA	143	143	99	s__Streptococcus_cristatus	6.612113507383769	-2.8851241271223604	0.0051074677780764246	103	0.001819936209358275	4	0.6666666666666666	89.0	0.5267890280829142	0.069855779549261	30	full_disease_post_selection	balanced_logistic_regression
CRA	143	143	100	s__Campylobacter_concisus	6.608400436735135	-3.955473941966812	0.021345332275287163	69	0.0027843446005135775	3	0.5	80.0	0.5267890280829142	0.069855779549261	30	full_disease_post_selection	balanced_logistic_regression
CRA	143	143	101	s__Porphyromonas_asaccharolytica	6.567214607211754	1.652062544130501	0.00010588669639646839	21	0.00012082119792466983	5	0.8333333333333334	118.0	0.5267890280829142	0.069855779549261	30	full_disease_post_selection	balanced_logistic_regression
CRA	143	143	102	s__Streptococcus_sanguinis	6.427790537500704	-2.997709243741362	0.007174085752339237	239	0.005286441184580326	3	0.5	108.0	0.5267890280829142	0.069855779549261	30	full_disease_post_selection	balanced_logistic_regression
CRA	143	143	103	s__Streptococcus_anginosus	6.408677500961838	-1.7880165976501483	0.0002604736185529973	226	0.008288794197142124	3	0.5	125.0	0.5267890280829142	0.069855779549261	30	full_disease_post_selection	balanced_logistic_regression
CRA	143	143	104	s__GGB9075_SGB13997	6.403176703599121	-5.483357911373869	0.06795991967029648	15	0.0022464006860439716	4	0.6666666666666666	82.5	0.5267890280829142	0.069855779549261	30	full_disease_post_selection	balanced_logistic_regression
CRA	143	143	105	s__Actinomyces_naeslundii	6.369323013022301	-4.682853252346928	0.04363782221430045	59	0.0016117064796335805	3	0.5	63.0	0.5267890280829142	0.069855779549261	30	full_disease_post_selection	balanced_logistic_regression
CRA	143	143	106	s__Peptidiphaga_SGB15895	6.348942916469026	-4.757104854969625	0.04627825703808596	12	0.0001973092599935183	3	0.5	88.0	0.5267890280829142	0.069855779549261	30	full_disease_post_selection	balanced_logistic_regression
CRA	143	143	107	s__Rothia_SGB49305	6.213503626200743	-5.229227853055085	0.06482975694133455	95	0.006256866734474897	3	0.5	86.0	0.5267890280829142	0.069855779549261	30	full_disease_post_selection	balanced_logistic_regression
CRA	143	143	108	s__Oribacterium_asaccharolyticum	6.135204607072451	-4.718687733389909	0.05009649113017413	20	0.0003445777401793748	3	0.5	105.0	0.5267890280829142	0.069855779549261	30	full_disease_post_selection	balanced_logistic_regression
CRA	143	143	109	s__Eubacterium_saphenum	6.1104308322473875	-5.869079067574751	0.09096568240633447	14	0.0008238497436364997	4	0.6666666666666666	93.0	0.5267890280829142	0.069855779549261	30	full_disease_post_selection	balanced_logistic_regression
CRA	143	143	110	s__Slackia_exigua	5.783472971579291	-4.644442222632575	0.0568531190518275	27	0.0017556846141815186	3	0.5	110.0	0.5267890280829142	0.069855779549261	30	full_disease_post_selection	balanced_logistic_regression
CRA	143	143	111	s__GGB1568_SGB2155	5.649495208041844	-3.985037041820378	0.038222878811124295	21	0.00692808965015473	3	0.5	76.0	0.5267890280829142	0.069855779549261	30	full_disease_post_selection	balanced_logistic_regression
CRA	143	143	112	s__Streptococcus_agalactiae	5.568580941766807	-3.9018959511011775	0.03739838894449737	17	0.000262853814263616	3	0.5	142.0	0.5267890280829142	0.069855779549261	30	full_disease_post_selection	balanced_logistic_regression
CRA	143	143	113	s__Campylobacter_showae	5.4941088157741405	-5.1925010004029595	0.08748124097866225	10	0.0003982644162564411	1	0.16666666666666666	113.0	0.5267890280829142	0.069855779549261	30	full_disease_post_selection	balanced_logistic_regression
CRA	143	143	114	s__GGB4676_SGB6465	5.480111986200276	-3.0402191208930627	0.015756585194384845	47	0.006985608488321304	3	0.5	93.0	0.5267890280829142	0.069855779549261	30	full_disease_post_selection	balanced_logistic_regression
CRA	143	143	115	s__GGB9309_SGB14270	5.446986298535483	1.7474991222318241	0.0007638071828682461	31	0.0015259289510068622	4	0.6666666666666666	125.0	0.5267890280829142	0.069855779549261	30	full_disease_post_selection	balanced_logistic_regression
CRA	143	143	116	s__GGB9243_SGB14185	5.439719917543294	-5.215914132395413	0.09059243702135199	14	0.0007881537406207928	2	0.3333333333333333	78.0	0.5267890280829142	0.069855779549261	30	full_disease_post_selection	balanced_logistic_regression
CRA	143	143	117	s__GGB3140_SGB4153	5.435475534146408	-4.5440864619588845	0.06365545489434149	11	0.0014667093966576072	2	0.3333333333333333	116.0	0.5267890280829142	0.069855779549261	30	full_disease_post_selection	balanced_logistic_regression
CRA	143	143	118	s__Fusobacterium_nucleatum	5.354823060113393	-3.324452790966814	0.02450542832572702	52	0.0044540357775986195	3	0.5	108.0	0.5267890280829142	0.069855779549261	30	full_disease_post_selection	balanced_logistic_regression
CRA	143	143	119	s__Streptococcus_sobrinus	5.278398698825234	-2.293099663885577	0.004990443301921054	48	0.001681298715993762	3	0.5	51.0	0.5267890280829142	0.069855779549261	30	full_disease_post_selection	balanced_logistic_regression
CRA	143	143	120	s__TM7_phylum_sp_oral_taxon_348	5.256209168814063	-2.2768248405239304	0.004913954932484534	66	0.0006007978809066117	3	0.5	114.0	0.5267890280829142	0.069855779549261	30	full_disease_post_selection	balanced_logistic_regression
CRA	143	143	121	s__Alistipes_indistinctus	5.256097832827618	0.8124665642026999	3.393893832015708e-07	710	0.04845212399959564	2	0.3333333333333333	87.5	0.5267890280829142	0.069855779549261	30	full_disease_post_selection	balanced_logistic_regression
CRA	143	143	122	s__Olsenella_uli	5.111878609395647	-5.090912334373169	0.09905623669342871	35	0.0023615783386481096	3	0.5	127.0	0.5267890280829142	0.069855779549261	30	full_disease_post_selection	balanced_logistic_regression
CRA	143	143	123	s__Olsenella_timonensis	5.10039862397002	-4.189036854203494	0.060595657934180806	34	0.003857332415473048	4	0.6666666666666666	112.5	0.5267890280829142	0.069855779549261	30	full_disease_post_selection	balanced_logistic_regression
CRA	143	143	124	s__Candidatus_Stoquefichus_sp_SB1	5.04270596162082	3.571939226342416	0.038747579998976774	21	9.632498620361515e-05	2	0.3333333333333333	80.5	0.5267890280829142	0.069855779549261	30	full_disease_post_selection	balanced_logistic_regression
CRA	143	143	125	s__Leptotrichia_sp_oral_taxon_221	5.011032329206695	-3.8616314627735258	0.05039110637423197	16	0.0002723937136041834	2	0.3333333333333333	82.0	0.5267890280829142	0.069855779549261	30	full_disease_post_selection	balanced_logistic_regression
CRA	143	143	126	s__GGB4694_SGB6493	4.995362002943817	-4.721133593940125	0.08748124097866225	10	0.0047890505987779825	1	0.16666666666666666	109.0	0.5267890280829142	0.069855779549261	30	full_disease_post_selection	balanced_logistic_regression
CRA	143	143	127	s__Hydrogenoanaerobacterium_SGB53821	4.979736111184671	1.3952773488868015	0.0002697794263759289	220	0.006971927359700203	2	0.3333333333333333	94.5	0.5267890280829142	0.069855779549261	30	full_disease_post_selection	balanced_logistic_regression
CRA	143	143	128	s__GGB9059_SGB13976	4.979024153336526	-1.834810619297923	0.0019335560091154216	111	0.08076570183038712	4	0.6666666666666666	107.0	0.5267890280829142	0.069855779549261	30	full_disease_post_selection	balanced_logistic_regression
CRA	143	143	129	s__GGB3887_SGB5270	4.939560192819073	-4.749883068625457	0.09121519895941893	14	0.0003640128114546449	1	0.16666666666666666	132.0	0.5267890280829142	0.069855779549261	30	full_disease_post_selection	balanced_logistic_regression
CRA	143	143	130	s__Arachnia_rubra	4.917259389150106	-5.378907029065953	0.12185005156454845	13	0.00022850319883234508	3	0.5	94.0	0.5267890280829142	0.069855779549261	30	full_disease_post_selection	balanced_logistic_regression
CRA	143	143	131	s__Aggregatibacter_sp_2125159857	4.896243885670487	-3.4386314906579982	0.03767968352172955	21	0.0011511182140247884	3	0.5	91.0	0.5267890280829142	0.069855779549261	30	full_disease_post_selection	balanced_logistic_regression
CRA	143	143	132	s__Pseudoflavonifractor_sp_MSJ_37	4.882122832798597	-2.036720570928937	0.004008208446687036	29	8.26441464596428e-05	3	0.5	141.0	0.5267890280829142	0.069855779549261	30	full_disease_post_selection	balanced_logistic_regression
CRA	143	143	133	s__GGB9088_SGB14017	4.873894351413118	-3.1631243402268496	0.02878407761347618	22	0.001473756623454392	2	0.3333333333333333	112.5	0.5267890280829142	0.069855779549261	30	full_disease_post_selection	balanced_logistic_regression
CRA	143	143	134	s__GGB9768_SGB15386	4.869518258995293	3.792018999642319	0.05198177604221977	13	0.0012581887228132226	3	0.5	137.0	0.5267890280829142	0.069855779549261	30	full_disease_post_selection	balanced_logistic_regression
CRA	143	143	135	s__Scardovia_wiggsiae	4.865385294115581	-1.9966354211614612	0.0036577092780577373	53	0.0006068433867767453	2	0.3333333333333333	96.0	0.5267890280829142	0.069855779549261	30	full_disease_post_selection	balanced_logistic_regression
CRA	143	143	136	s__Prevotella_denticola	4.83242926056212	-5.54705315331498	0.13453324650042559	20	0.0031820442527532578	3	0.5	80.0	0.5267890280829142	0.069855779549261	30	full_disease_post_selection	balanced_logistic_regression
CRA	143	143	137	s__GGB9591_SGB15013	4.83117974748058	-3.7364255752039917	0.05093370903314058	20	0.0020834479115395678	4	0.6666666666666666	90.0	0.5267890280829142	0.069855779549261	30	full_disease_post_selection	balanced_logistic_regression
CRA	143	143	138	s__GGB3257_SGB4304	4.795953810957944	-4.535708953309141	0.0876240548786237	10	0.0011802853771795106	1	0.16666666666666666	29.0	0.5267890280829142	0.069855779549261	30	full_disease_post_selection	balanced_logistic_regression
CRA	143	143	139	s__GGB3185_SGB4208	4.756861410155721	-3.9767613193909197	0.06365545489434149	11	0.0020779382903128862	2	0.3333333333333333	84.0	0.5267890280829142	0.069855779549261	30	full_disease_post_selection	balanced_logistic_regression
CRA	143	143	140	s__Lachnospiraceae_bacterium_EP_SM_12S_S03	4.752512165402956	1.2798789448646064	0.00019353146929292393	39	0.0035110425250686112	3	0.5	86.0	0.5267890280829142	0.069855779549261	30	full_disease_post_selection	balanced_logistic_regression
CRA	143	143	141	s__TM7_phylum_sp_oral_taxon_352	4.7207397972570355	-1.7515619626719487	0.0020176299018141186	418	0.011557658202946186	2	0.3333333333333333	100.5	0.5267890280829142	0.069855779549261	30	full_disease_post_selection	balanced_logistic_regression
CRA	143	143	142	s__Lancefieldella_parvula	4.686553133563443	-2.887344769486085	0.023815768435043058	163	0.00959188211709261	2	0.3333333333333333	102.0	0.5267890280829142	0.069855779549261	30	full_disease_post_selection	balanced_logistic_regression
CRA	143	143	143	s__Phocaeicola_coprophilus	4.684608389018235	-2.25765247101246	0.008414145043778411	81	0.086548812687397	3	0.5	112.0	0.5267890280829142	0.069855779549261	30	full_disease_post_selection	balanced_logistic_regression
CRC	18	18	1	s__Fusobacterium_nucleatum	98.14454771174874	3.007736514602321	2.3405121889663783e-33	316	0.019011255353689194	9	1.0	1.0	0.7431851954150691	0.08987092315583471	72	full_disease_post_selection	balanced_logistic_regression
CRC	18	18	2	s__Parvimonas_micra	91.44906315917075	2.919873825073584	4.791649870578001e-32	402	0.04107091203331947	9	1.0	2.0	0.7431851954150691	0.08987092315583471	72	full_disease_post_selection	balanced_logistic_regression
CRC	18	18	3	s__Peptostreptococcus_anaerobius	79.69711216989997	7.112090811590109	6.224995081990508e-12	70	0.0061935484409332275	9	1.0	3.0	0.7431851954150691	0.08987092315583471	72	full_disease_post_selection	balanced_logistic_regression
CRC	18	18	4	s__Porphyromonas_somerae	73.12050222414625	6.995601004545417	3.52896142107631e-11	67	0.01794484257698059	9	1.0	4.0	0.7431851954150691	0.08987092315583471	72	full_disease_post_selection	balanced_logistic_regression
CRC	18	18	5	s__Peptostreptococcus_stomatis	65.42606516328905	2.172246777324298	7.602179992154841e-31	294	0.033290453255176544	9	1.0	5.0	0.7431851954150691	0.08987092315583471	72	full_disease_post_selection	balanced_logistic_regression
CRC	18	18	6	s__Dialister_pneumosintes	53.17302371903646	2.1404989623758777	1.4407753984359219e-25	208	0.018386930227279663	9	1.0	7.0	0.7431851954150691	0.08987092315583471	72	full_disease_post_selection	balanced_logistic_regression
CRC	18	18	7	s__Gemella_morbillorum	50.86417697577419	1.951093290426198	8.519934490651102e-27	367	0.02386333793401718	9	1.0	7.0	0.7431851954150691	0.08987092315583471	72	full_disease_post_selection	balanced_logistic_regression
CRC	18	18	8	s__GGB3885_SGB5268	41.78422456257049	8.765471512074134	1.7103670315461238e-05	21	0.0010201088152825832	9	1.0	9.0	0.7431851954150691	0.08987092315583471	72	full_disease_post_selection	balanced_logistic_regression
CRC	18	18	9	s__Porphyromonas_asaccharolytica	41.37657212867335	5.654427656853146	4.813363233728981e-08	48	0.02328582853078842	8	0.8888888888888888	10.0	0.7431851954150691	0.08987092315583471	72	full_disease_post_selection	balanced_logistic_regression
CRC	18	18	10	s__Fusobacterium_necrophorum	39.924582937183644	9.902527751949602	9.294877580110141e-05	18	0.008187988397379243	9	1.0	10.0	0.7431851954150691	0.08987092315583471	72	full_disease_post_selection	balanced_logistic_regression
CRC	18	18	11	s__Prevotella_intermedia	39.3234283824034	2.7165010734890327	3.3438081508816098e-15	105	0.07994163036346436	9	1.0	11.0	0.7431851954150691	0.08987092315583471	72	full_disease_post_selection	balanced_logistic_regression
CRC	18	18	12	s__Solobacterium_moorei	37.647654315692634	2.790368488688066	3.2210975660209446e-14	225	0.011350756511092186	8	0.8888888888888888	11.5	0.7431851954150691	0.08987092315583471	72	full_disease_post_selection	balanced_logistic_regression
CRC	18	18	13	s__GGB4708_SGB6518	37.23785735775504	-12.737575203337297	0.001192710567973777	11	0.0035039526285110833	7	0.7777777777777778	11.0	0.7431851954150691	0.08987092315583471	72	full_disease_post_selection	balanced_logistic_regression
CRC	18	18	14	s__Porphyromonas_SGB1979	30.61820599473309	8.895764339382621	0.00036150513497481174	22	0.002094208864178353	7	0.7777777777777778	16.0	0.7431851954150691	0.08987092315583471	72	full_disease_post_selection	balanced_logistic_regression
CRC	18	18	15	s__GGB9256_SGB14202	28.766954971200942	-9.840019535105652	0.001192710567973777	11	0.000469782180883692	5	0.5555555555555556	16.0	0.7431851954150691	0.08987092315583471	72	full_disease_post_selection	balanced_logistic_regression
CRC	18	18	16	s__GGB3012_SGB4003	27.015868860972056	7.315745449006351	0.0002028437707604179	13	7.707879578481112e-05	6	0.6666666666666666	16.0	0.7431851954150691	0.08987092315583471	72	full_disease_post_selection	balanced_logistic_regression
CRC	18	18	17	s__Atopobium_minutum	27.007889173647875	9.819242840907327	0.001776208698162418	16	0.004496566166147307	7	0.7777777777777778	18.0	0.7431851954150691	0.08987092315583471	72	full_disease_post_selection	balanced_logistic_regression
CRC	18	18	18	s__Anaerococcus_obesiensis	26.94148090981656	3.7448159462959616	6.392363345779127e-08	59	0.0014602946615175324	6	0.6666666666666666	19.5	0.7431851954150691	0.08987092315583471	72	full_disease_post_selection	balanced_logistic_regression
IBD	185	185	1	s__GGB6567_SGB9277	249.05930040611221	-14.876466075815983	1.8120443189203737e-17	25	0.007769970621142335	8	0.8888888888888888	1.0	0.7467505562380456	0.13382360426204473	72	full_disease_post_selection	balanced_logistic_regression
IBD	185	185	2	s__Alistipes_sp_AF17_16	240.94525601887182	-3.5249552711210788	4.424741708375702e-69	311	0.01356876222084089	9	1.0	3.0	0.7467505562380456	0.13382360426204473	72	full_disease_post_selection	balanced_logistic_regression
IBD	185	185	3	s__Coprococcus_SGB26904	233.26686501851847	-15.09045494302171	3.4841189146895404e-16	23	0.009012357997911806	8	0.8888888888888888	2.0	0.7467505562380456	0.13382360426204473	72	full_disease_post_selection	balanced_logistic_regression
IBD	185	185	4	s__GGB9266_SGB14215	219.80103694795386	-9.13132319607729	8.48980879307067e-25	39	0.00564906596295227	8	0.8888888888888888	4.0	0.7467505562380456	0.13382360426204473	72	full_disease_post_selection	balanced_logistic_regression
IBD	185	185	5	s__GGB9271_SGB14223	218.40155989495776	-14.128791433595032	3.4841189146895404e-16	23	0.004627400370400489	8	0.8888888888888888	4.0	0.7467505562380456	0.13382360426204473	72	full_disease_post_selection	balanced_logistic_regression
IBD	185	185	6	s__GGB2998_SGB3989	209.66406153001816	-4.643729845313442	7.080813440183655e-46	111	0.0016356956199388892	8	0.8888888888888888	6.0	0.7467505562380456	0.13382360426204473	72	full_disease_post_selection	balanced_logistic_regression
IBD	185	185	7	s__GGB9290_SGB14247	201.1985259033577	-7.565946218030841	2.5548063154088747e-27	55	0.0013799150885549052	9	1.0	7.0	0.7467505562380456	0.13382360426204473	72	full_disease_post_selection	balanced_logistic_regression
IBD	185	185	8	s__GGB1331_SGB1787	174.17464621002014	-11.267672292625775	3.4841189146895404e-16	23	0.0006366525092335561	5	0.5555555555555556	8.0	0.7467505562380456	0.13382360426204473	72	full_disease_post_selection	balanced_logistic_regression
IBD	185	185	9	s__GGB9707_SGB15229	157.55827317717103	-2.129865413067422	1.0576456979382486e-74	507	0.011826404298187746	8	0.8888888888888888	10.0	0.7467505562380456	0.13382360426204473	72	full_disease_post_selection	balanced_logistic_regression
IBD	185	185	10	s__GGB4237_SGB5728	147.6253081255453	-13.932271315772255	2.53556831834961e-11	18	0.05727000969190942	8	0.8888888888888888	11.0	0.7467505562380456	0.13382360426204473	72	full_disease_post_selection	balanced_logistic_regression
IBD	185	185	11	s__Oscillospiraceae_bacterium	146.29447313246126	-2.306162751138393	3.661927382290123e-64	588	0.06965157732433461	8	0.8888888888888888	10.5	0.7467505562380456	0.13382360426204473	72	full_disease_post_selection	balanced_logistic_regression
IBD	185	185	12	s__GGB5973_SGB8589	132.90949408719428	-11.45239680438028	2.480928607890192e-12	17	0.0007236544750176143	8	0.8888888888888888	12.0	0.7467505562380456	0.13382360426204473	72	full_disease_post_selection	balanced_logistic_regression
IBD	185	185	13	s__Wujia_chipingensis	130.01227239971675	-2.2487028620429186	1.525674724566867e-58	351	0.12475853340313915	8	0.8888888888888888	15.0	0.7467505562380456	0.13382360426204473	72	full_disease_post_selection	balanced_logistic_regression
IBD	185	185	14	s__GGB9747_SGB15356	129.82858929604097	-2.9092512441999507	2.3653605321623838e-45	184	0.02695249579846859	8	0.8888888888888888	17.5	0.7467505562380456	0.13382360426204473	72	full_disease_post_selection	balanced_logistic_regression
IBD	185	185	15	s__GGB3474_SGB4637	129.47646540301687	-5.587670389755261	6.732695835932006e-24	45	0.0006804866115559576	8	0.8888888888888888	15.5	0.7467505562380456	0.13382360426204473	72	full_disease_post_selection	balanced_logistic_regression
IBD	185	185	16	s__GGB13404_SGB14252	125.72061652544556	-2.2883626419951986	1.1505614148815817e-55	274	0.002725009805555974	7	0.7777777777777778	16.0	0.7467505562380456	0.13382360426204473	72	full_disease_post_selection	balanced_logistic_regression
IBD	185	185	17	s__Jutongia_huaianensis	124.68827578572576	-5.803971672921243	3.286519704248802e-22	62	0.018928406274094898	8	0.8888888888888888	17.0	0.7467505562380456	0.13382360426204473	72	full_disease_post_selection	balanced_logistic_regression
IBD	185	185	18	s__GGB1530_SGB2113	124.48313691062987	-12.865148385426085	2.1086464700039292e-10	14	0.0019271195051640485	8	0.8888888888888888	15.0	0.7467505562380456	0.13382360426204473	72	full_disease_post_selection	balanced_logistic_regression
IBD	185	185	19	s__GGB9253_SGB14198	122.0738517875851	-4.10615106462687	1.864228015219539e-30	80	0.0009514402353982207	8	0.8888888888888888	19.0	0.7467505562380456	0.13382360426204473	72	full_disease_post_selection	balanced_logistic_regression
IBD	185	185	20	s__GGB33665_SGB47358	121.02330721526633	-9.892101900761253	5.829943496917031e-13	23	0.0006344121476151122	8	0.8888888888888888	21.0	0.7467505562380456	0.13382360426204473	72	full_disease_post_selection	balanced_logistic_regression
IBD	185	185	21	s__GGB3142_SGB4155	116.006200018752	-6.885470182936705	1.4191612010739406e-17	58	0.0018855682684278637	8	0.8888888888888888	24.0	0.7467505562380456	0.13382360426204473	72	full_disease_post_selection	balanced_logistic_regression
IBD	185	185	22	s__Oscillibacter_sp_MSJ_31	115.91474454533923	-1.689422576484003	2.4433835445739944e-69	637	0.08971338719129562	8	0.8888888888888888	23.0	0.7467505562380456	0.13382360426204473	72	full_disease_post_selection	balanced_logistic_regression
IBD	185	185	23	s__Lachnospiraceae_unclassified_SGB4892	115.29683655002279	-13.747294046346259	4.103227766947725e-09	12	0.0035521196107763937	7	0.7777777777777778	22.0	0.7467505562380456	0.13382360426204473	72	full_disease_post_selection	balanced_logistic_regression
IBD	185	185	24	s__Clostridium_sp_AM49_4BH	113.86350624530193	-1.6349052559599535	2.263177455893285e-70	735	0.09282547353754807	8	0.8888888888888888	24.0	0.7467505562380456	0.13382360426204473	72	full_disease_post_selection	balanced_logistic_regression
IBD	185	185	25	s__Bacteroidales_bacterium	112.14525317236556	-4.814884870188019	5.112546814498769e-24	81	0.02051000975806614	7	0.7777777777777778	19.0	0.7467505562380456	0.13382360426204473	72	full_disease_post_selection	balanced_logistic_regression
IBD	185	185	26	s__Clostridioides_difficile	105.79132443252382	13.436177634554843	1.3377747850317985e-08	90	0.008219875859942273	8	0.8888888888888888	27.5	0.7467505562380456	0.13382360426204473	72	full_disease_post_selection	balanced_logistic_regression
IBD	185	185	27	s__GGB9595_SGB15018	103.34145324628469	-6.814109552177694	6.826494347942261e-16	30	0.0007329131297509848	7	0.7777777777777778	23.0	0.7467505562380456	0.13382360426204473	72	full_disease_post_selection	balanced_logistic_regression
IBD	185	185	28	s__GGB3619_SGB4894	102.74111684299666	-2.592087642386902	2.3098242920225078e-40	226	0.007085107266902924	8	0.8888888888888888	30.0	0.7467505562380456	0.13382360426204473	72	full_disease_post_selection	balanced_logistic_regression
IBD	185	185	29	s__GGB3169_SGB4183	102.73582125881676	-6.6685961097723325	3.927243655030694e-16	28	0.0024667406898140325	8	0.8888888888888888	26.5	0.7467505562380456	0.13382360426204473	72	full_disease_post_selection	balanced_logistic_regression
IBD	185	185	30	s__Alistipes_shahii	101.03910413974312	-1.4038411474387238	1.0634917222224254e-72	1250	0.25025030970573425	7	0.7777777777777778	31.0	0.7467505562380456	0.13382360426204473	72	full_disease_post_selection	balanced_logistic_regression
IBD	185	185	31	s__GGB9082_SGB14007	95.39722486740392	-8.036250553557267	1.3462912884452837e-12	20	0.0004904866128841173	8	0.8888888888888888	30.0	0.7467505562380456	0.13382360426204473	72	full_disease_post_selection	balanced_logistic_regression
IBD	185	185	32	s__GGB2998_SGB3988	95.02322362469832	-1.3719809496552304	5.4976799623619855e-70	414	0.005166211616540109	6	0.6666666666666666	32.0	0.7467505562380456	0.13382360426204473	72	full_disease_post_selection	balanced_logistic_regression
IBD	185	185	33	s__GGB51884_SGB49168	94.1147325339063	-3.77981703163485	1.2610257776478618e-25	105	0.001026685163899581	8	0.8888888888888888	31.0	0.7467505562380456	0.13382360426204473	72	full_disease_post_selection	balanced_logistic_regression
IBD	185	185	34	s__GGB9060_SGB13977	91.50260273742545	-5.332832483511896	6.944706161065059e-18	40	0.0029433278894841343	8	0.8888888888888888	31.0	0.7467505562380456	0.13382360426204473	72	full_disease_post_selection	balanced_logistic_regression
IBD	185	185	35	s__Blautia_producta	89.73635304040344	3.3134648987776743	8.273270139085492e-28	792	0.10496821377889862	7	0.7777777777777778	37.0	0.7467505562380456	0.13382360426204473	72	full_disease_post_selection	balanced_logistic_regression
IBD	185	185	36	s__GGB52384_SGB61014	89.15364223276562	-8.132477775200304	1.0897698254451141e-11	16	7.223383314740417e-05	7	0.7777777777777778	32.0	0.7467505562380456	0.13382360426204473	72	full_disease_post_selection	balanced_logistic_regression
IBD	185	185	37	s__GGB4586_SGB6343	87.17248894199271	-6.776846223922863	1.3699956118590573e-13	24	0.0002923905965035683	8	0.8888888888888888	34.0	0.7467505562380456	0.13382360426204473	72	full_disease_post_selection	balanced_logistic_regression
IBD	185	185	38	s__GGB9699_SGB15216	85.47048617967107	-1.330005184508247	5.454756657673394e-65	939	0.05233244225382805	6	0.6666666666666666	38.0	0.7467505562380456	0.13382360426204473	72	full_disease_post_selection	balanced_logistic_regression
IBD	185	185	39	s__GGB9616_SGB15051	81.98802928666004	-2.735160120789017	1.0578504582390052e-30	171	0.004941303043073903	7	0.7777777777777778	39.0	0.7467505562380456	0.13382360426204473	72	full_disease_post_selection	balanced_logistic_regression
IBD	185	185	40	s__GGB1458_SGB2021	80.50934363681264	-8.089630111372765	1.116438993712423e-10	17	0.009550525792092717	7	0.7777777777777778	41.0	0.7467505562380456	0.13382360426204473	72	full_disease_post_selection	balanced_logistic_regression
IBD	185	185	41	s__GGB9760_SGB15373	79.63119524386369	-1.4446338348467649	7.550514561861188e-56	662	0.025655800476670265	7	0.7777777777777778	43.0	0.7467505562380456	0.13382360426204473	72	full_disease_post_selection	balanced_logistic_regression
IBD	185	185	42	s__Jilunia_laotingensis	78.57138423300502	-3.4849321312921284	2.844307272808154e-23	68	0.004606136472611052	7	0.7777777777777778	40.0	0.7467505562380456	0.13382360426204473	72	full_disease_post_selection	balanced_logistic_regression
IBD	185	185	43	s__Simiaoa_sunii	73.9186161581986	-1.5834209365975496	2.075728675369195e-47	926	0.20238704979419708	7	0.7777777777777778	47.0	0.7467505562380456	0.13382360426204473	72	full_disease_post_selection	balanced_logistic_regression
IBD	185	185	44	s__Ruminococcus_champanellensis	73.75382830009406	-4.603628020374568	9.532309958641963e-17	29	0.0024768060054550962	7	0.7777777777777778	44.0	0.7467505562380456	0.13382360426204473	72	full_disease_post_selection	balanced_logistic_regression
IBD	185	185	45	s__Oscillospiraceae_bacterium_Marseille_Q3528	72.38070022970035	-1.62049365945004	2.158708042263631e-45	616	0.0067928380295371555	6	0.6666666666666666	49.5	0.7467505562380456	0.13382360426204473	72	full_disease_post_selection	balanced_logistic_regression
IBD	185	185	46	s__Enterocloster_clostridioformis	70.87176008362479	3.0302268014490807	4.090143513163364e-24	911	0.2360952809624725	7	0.7777777777777778	56.0	0.7467505562380456	0.13382360426204473	72	full_disease_post_selection	balanced_logistic_regression
IBD	185	185	47	s__GGB9531_SGB14932	70.4531339067685	-2.093596907185053	2.2299622429441955e-34	363	0.006136499028354074	6	0.6666666666666666	47.5	0.7467505562380456	0.13382360426204473	72	full_disease_post_selection	balanced_logistic_regression
IBD	185	185	48	s__Clostridiales_bacterium_CHKCI006	70.24265558342826	10.081760429250727	1.078201872164195e-07	79	0.0008030143616256381	6	0.6666666666666666	52.0	0.7467505562380456	0.13382360426204473	72	full_disease_post_selection	balanced_logistic_regression
IBD	185	185	49	s__GGB9759_SGB15370	69.91906642017013	-2.892193297128055	6.682006469228616e-25	149	0.0037792064093303433	6	0.6666666666666666	50.0	0.7467505562380456	0.13382360426204473	72	full_disease_post_selection	balanced_logistic_regression
IBD	185	185	50	s__Fusobacterium_nucleatum	69.20166766500931	7.21955212569306	2.5982935429343095e-10	188	0.09070548967573203	6	0.6666666666666666	56.5	0.7467505562380456	0.13382360426204473	72	full_disease_post_selection	balanced_logistic_regression
IBD	185	185	51	s__GGB6544_SGB9242	69.01974703798437	-11.655979979325325	1.1983899973919832e-06	13	0.0017922828205499816	7	0.7777777777777778	45.0	0.7467505562380456	0.13382360426204473	72	full_disease_post_selection	balanced_logistic_regression
IBD	185	185	52	s__GGB9635_SGB15103	68.90991394048174	-3.2947640208874063	1.2162679988552364e-21	57	0.00339845528713276	7	0.7777777777777778	49.0	0.7467505562380456	0.13382360426204473	72	full_disease_post_selection	balanced_logistic_regression
IBD	185	185	53	s__GGB3478_SGB4643	68.00584885338927	-2.150729880989449	2.3995048644143977e-32	279	0.02452507180575501	6	0.6666666666666666	51.5	0.7467505562380456	0.13382360426204473	72	full_disease_post_selection	balanced_logistic_regression
IBD	185	185	54	s__GGB9715_SGB15267	67.65436611055345	-1.9911201072629678	1.0518972447523498e-34	257	0.02577060734677347	6	0.6666666666666666	54.5	0.7467505562380456	0.13382360426204473	72	full_disease_post_selection	balanced_logistic_regression
IBD	185	185	55	s__Clostridiaceae_bacterium_Marseille_Q4145	65.77980561356745	-1.611110118849707	1.4830484268018637e-41	452	0.00400398433016981	7	0.7777777777777778	55.0	0.7467505562380456	0.13382360426204473	72	full_disease_post_selection	balanced_logistic_regression
IBD	185	185	56	s__GGB9444_SGB14834	65.50962626192644	-5.532817152232434	1.4448026690994913e-12	27	0.0002057152174615163	6	0.6666666666666666	56.5	0.7467505562380456	0.13382360426204473	72	full_disease_post_selection	balanced_logistic_regression
IBD	185	185	57	s__GGB1543_SGB2126	65.37180034795665	-9.26153514502286	8.741405228334599e-08	29	0.07521210376062698	6	0.6666666666666666	58.0	0.7467505562380456	0.13382360426204473	72	full_disease_post_selection	balanced_logistic_regression
IBD	185	185	58	s__Ligaoa_zhengdingensis	64.65720495588174	-3.2797595519205505	1.9319609448045018e-20	129	0.00026781842083019157	6	0.6666666666666666	64.5	0.7467505562380456	0.13382360426204473	72	full_disease_post_selection	balanced_logistic_regression
IBD	185	185	59	s__Gemmiger_formicilis	64.47974147006478	-0.9285248896234897	3.604730414799624e-70	1215	0.31374940276145935	6	0.6666666666666666	67.0	0.7467505562380456	0.13382360426204473	72	full_disease_post_selection	balanced_logistic_regression
IBD	185	185	60	s__Klebsiella_oxytoca	64.37462445364653	10.506438918220386	7.461760893649882e-07	83	0.053519735232195643	6	0.6666666666666666	66.0	0.7467505562380456	0.13382360426204473	72	full_disease_post_selection	balanced_logistic_regression
IBD	185	185	61	s__GGB2983_SGB3965	63.190666223406	-2.685476693404364	2.9477291629824555e-24	101	0.001413592418359506	6	0.6666666666666666	60.5	0.7467505562380456	0.13382360426204473	72	full_disease_post_selection	balanced_logistic_regression
IBD	185	185	62	s__GGB4683_SGB6473	62.565168962609775	-3.286361108767461	9.16601157477225e-20	96	0.015557240302097186	6	0.6666666666666666	69.5	0.7467505562380456	0.13382360426204473	72	full_disease_post_selection	balanced_logistic_regression
IBD	185	185	63	s__GGB9737_SGB15309	61.559128805678	-3.125285596417797	2.0085619046401714e-20	75	0.0019837002063896702	7	0.7777777777777778	65.0	0.7467505562380456	0.13382360426204473	72	full_disease_post_selection	balanced_logistic_regression
IBD	185	185	64	s__Erysipelatoclostridium_ramosum	60.99318923605143	2.164580265409011	6.6401260054087e-29	923	0.1838490515947342	6	0.6666666666666666	75.0	0.7467505562380456	0.13382360426204473	72	full_disease_post_selection	balanced_logistic_regression
IBD	185	185	65	s__GGB3146_SGB4159	60.99147784368275	-5.434114214163577	5.972962473511549e-12	26	0.0002608131909296452	6	0.6666666666666666	74.0	0.7467505562380456	0.13382360426204473	72	full_disease_post_selection	balanced_logistic_regression
IBD	185	185	66	s__Butyrivibrio_crossotus	60.756108064977106	-3.8866415920873827	2.3333045278292107e-16	73	0.04693485003698205	6	0.6666666666666666	63.0	0.7467505562380456	0.13382360426204473	72	full_disease_post_selection	balanced_logistic_regression
IBD	185	185	67	s__GGB3730_SGB5060	60.56482986159713	-2.3229926783879606	8.474468960727769e-27	148	0.004723037200839825	6	0.6666666666666666	64.5	0.7467505562380456	0.13382360426204473	72	full_disease_post_selection	balanced_logistic_regression
IBD	185	185	68	s__GGB3288_SGB4342	60.41697466791614	-5.807149609865072	3.945543288886539e-11	31	0.0004277335040247026	5	0.5555555555555556	69.0	0.7467505562380456	0.13382360426204473	72	full_disease_post_selection	balanced_logistic_regression
IBD	185	185	69	s__GGB9258_SGB14205	60.11434057603659	-5.823773457469631	4.761785203421213e-11	20	0.0008630699018511622	6	0.6666666666666666	70.0	0.7467505562380456	0.13382360426204473	72	full_disease_post_selection	balanced_logistic_regression
IBD	185	185	70	s__Lachnospiraceae_bacterium_CLA_AA_H244	60.091759577052414	-0.9345294833028528	4.994004772246441e-65	1448	0.2727472484111786	6	0.6666666666666666	69.0	0.7467505562380456	0.13382360426204473	72	full_disease_post_selection	balanced_logistic_regression
IBD	185	185	71	s__GGB6132_SGB8779	59.89755548304119	-6.0235782870836605	1.1380261102479881e-10	17	0.000800486629862876	6	0.6666666666666666	72.0	0.7467505562380456	0.13382360426204473	72	full_disease_post_selection	balanced_logistic_regression
IBD	185	185	72	s__Streptococcus_parasanguinis	59.50405806064216	3.8056458345779878	2.3135142894559953e-16	1337	0.2262447822036927	6	0.6666666666666666	71.0	0.7467505562380456	0.13382360426204473	72	full_disease_post_selection	balanced_logistic_regression
IBD	185	185	73	s__Alistipes_ihumii	59.30504392179646	-2.0668348518724504	2.0246967057786254e-29	562	0.04622438947782623	7	0.7777777777777778	75.0	0.7467505562380456	0.13382360426204473	72	full_disease_post_selection	balanced_logistic_regression
IBD	185	185	74	s__GGB9712_SGB15244	59.28893917753227	-2.517335583361666	2.8038226735392736e-24	163	0.007283687122583761	6	0.6666666666666666	82.0	0.7467505562380456	0.13382360426204473	72	full_disease_post_selection	balanced_logistic_regression
IBD	185	185	75	s__Alistipes_SGB2300	58.8722632448091	-6.4992935558902944	8.7447146085335e-10	18	0.0001379882419590761	5	0.5555555555555556	72.0	0.7467505562380456	0.13382360426204473	72	full_disease_post_selection	balanced_logistic_regression
IBD	185	185	76	s__Methanomassiliicoccaceae_archaeon_DOK	58.8590667090275	-8.989152086051758	2.832775921428033e-07	14	0.0011390006546220656	6	0.6666666666666666	69.5	0.7467505562380456	0.13382360426204473	72	full_disease_post_selection	balanced_logistic_regression
IBD	185	185	77	s__GGB3058_SGB4060	58.643869310876234	-3.0964521009881105	1.1506771395789525e-19	66	0.0012311691725372619	6	0.6666666666666666	63.0	0.7467505562380456	0.13382360426204473	72	full_disease_post_selection	balanced_logistic_regression
IBD	185	185	78	s__Enterocloster_bolteae	58.48051570189222	2.5719255602543836	1.828019081056121e-23	1735	0.3241271674633026	6	0.6666666666666666	77.0	0.7467505562380456	0.13382360426204473	72	full_disease_post_selection	balanced_logistic_regression
IBD	185	185	79	s__Lachnospira_sp_NSJ_43	56.79127520540673	-1.3099169477155055	4.4173923850744453e-44	633	0.12522927196758563	6	0.6666666666666666	80.0	0.7467505562380456	0.13382360426204473	72	full_disease_post_selection	balanced_logistic_regression
IBD	185	185	80	s__GGB3616_SGB4888	56.14418747113545	-7.4233285823456825	2.73395750097824e-08	20	0.0005487197897777784	6	0.6666666666666666	71.0	0.7467505562380456	0.13382360426204473	72	full_disease_post_selection	balanced_logistic_regression
IBD	185	185	81	s__Alistipes_putredinis	55.217248700626556	-0.9288484504552885	3.5733003961353166e-60	1547	1.6037259101867676	6	0.6666666666666666	80.5	0.7467505562380456	0.13382360426204473	72	full_disease_post_selection	balanced_logistic_regression
IBD	185	185	82	s__Faecalimonas_umbilicata	54.880643031750544	2.311049322908546	1.7903721347987683e-24	548	0.21646686895862963	6	0.6666666666666666	88.5	0.7467505562380456	0.13382360426204473	72	full_disease_post_selection	balanced_logistic_regression
IBD	185	185	83	s__Lachnospiraceae_bacterium_AM48_27BH	53.95825099917132	-0.9497671515740488	1.5416153418400147e-57	712	0.019986841827630997	5	0.5555555555555556	82.0	0.7467505562380456	0.13382360426204473	72	full_disease_post_selection	balanced_logistic_regression
IBD	185	185	84	s__GGB9534_SGB14937	53.63660730213377	-1.389576156091509	2.5163478880454588e-39	528	0.011145708686683556	6	0.6666666666666666	83.0	0.7467505562380456	0.13382360426204473	72	full_disease_post_selection	balanced_logistic_regression
IBD	185	185	85	s__GGB9593_SGB15015	53.19548127838365	-3.829767017716489	1.2882468312818589e-14	28	0.0005000359235802248	5	0.5555555555555556	83.0	0.7467505562380456	0.13382360426204473	72	full_disease_post_selection	balanced_logistic_regression
IBD	185	185	86	s__GGB6001_SGB8624	52.14425440710369	-8.806064852658205	1.1983899973919832e-06	13	0.00044690071795090724	6	0.6666666666666666	83.5	0.7467505562380456	0.13382360426204473	72	full_disease_post_selection	balanced_logistic_regression
IBD	185	185	87	s__Roseburia_lenta	52.13726564703117	-1.778784608986174	4.891075855716219e-30	233	0.010547214248759798	5	0.5555555555555556	82.0	0.7467505562380456	0.13382360426204473	72	full_disease_post_selection	balanced_logistic_regression
IBD	185	185	88	s__GGB9081_SGB14005	52.02529509937106	-8.169524777312946	4.283365983959753e-07	22	0.0017349510165454564	6	0.6666666666666666	85.5	0.7467505562380456	0.13382360426204473	72	full_disease_post_selection	balanced_logistic_regression
IBD	185	185	89	s__GGB9088_SGB14016	51.72584582705577	-7.661695391416844	1.7732654241940084e-07	12	7.120509491488215e-05	6	0.6666666666666666	84.5	0.7467505562380456	0.13382360426204473	72	full_disease_post_selection	balanced_logistic_regression
IBD	185	185	90	s__Leuconostoc_citreum	51.47784065119237	12.144240415013792	5.76941319179332e-05	53	0.011209317696030457	6	0.6666666666666666	92.0	0.7467505562380456	0.13382360426204473	72	full_disease_post_selection	balanced_logistic_regression
IBD	185	185	91	s__Bacteroides_caecigallinarum	50.78319298411291	-10.806516247890999	1.998427033084884e-05	19	0.10244221064967124	6	0.6666666666666666	87.0	0.7467505562380456	0.13382360426204473	72	full_disease_post_selection	balanced_logistic_regression
IBD	185	185	92	s__Lactobacillus_acidophilus	50.50802668393697	7.01501811378848	6.309803199635136e-08	141	0.13125194583185604	6	0.6666666666666666	98.0	0.7467505562380456	0.13382360426204473	72	full_disease_post_selection	balanced_logistic_regression
IBD	185	185	93	s__Dialister_pneumosintes	50.43580398788228	4.383007698393177	3.11086166685339e-12	174	0.02820909212021637	7	0.7777777777777778	100.0	0.7467505562380456	0.13382360426204473	72	full_disease_post_selection	balanced_logistic_regression
IBD	185	185	94	s__Streptococcus_oralis	50.41427456970959	6.973825417753779	5.9010688844880376e-08	207	0.02312348735320901	6	0.6666666666666666	100.0	0.7467505562380456	0.13382360426204473	72	full_disease_post_selection	balanced_logistic_regression
IBD	185	185	95	s__Drancourtella_massiliensis	50.40336238968909	5.316898405573477	3.312521718948507e-10	150	0.015325868726364452	6	0.6666666666666666	95.5	0.7467505562380456	0.13382360426204473	72	full_disease_post_selection	balanced_logistic_regression
IBD	185	185	96	s__Butyricicoccus_SGB14985	50.26171960644768	4.726289843691705	2.320087210870283e-11	195	0.010700633556607582	6	0.6666666666666666	97.0	0.7467505562380456	0.13382360426204473	72	full_disease_post_selection	balanced_logistic_regression
IBD	185	185	97	s__GGB9450_SGB14840	49.23258705385663	12.801132659546546	0.0001425754535226102	41	0.00529268445784091	6	0.6666666666666666	98.0	0.7467505562380456	0.13382360426204473	72	full_disease_post_selection	balanced_logistic_regression
IBD	185	185	98	s__Lachnospiraceae_bacterium_OM04_12BH	48.87686766008117	-1.6194595092873658	6.592394770360629e-31	340	0.0066400653348069145	6	0.6666666666666666	91.0	0.7467505562380456	0.13382360426204473	72	full_disease_post_selection	balanced_logistic_regression
IBD	185	185	99	s__GGB9597_SGB15022	48.45707815974569	-4.3905310675472	9.189224105029186e-12	42	0.0014418060016504457	6	0.6666666666666666	107.0	0.7467505562380456	0.13382360426204473	72	full_disease_post_selection	balanced_logistic_regression
IBD	185	185	100	s__Enterococcus_faecium	47.35518980544142	4.3053676281551505	1.00206926212358e-11	246	0.25194582367504237	6	0.6666666666666666	106.5	0.7467505562380456	0.13382360426204473	72	full_disease_post_selection	balanced_logistic_regression
IBD	185	185	101	s__GGB4651_SGB6438	47.331421955657035	-2.2312016652835043	6.117693972662713e-22	101	0.05004148609227138	7	0.7777777777777778	98.0	0.7467505562380456	0.13382360426204473	72	full_disease_post_selection	balanced_logistic_regression
IBD	185	185	102	s__Eubacterium_siraeum	47.20700533614935	-1.1868065203911615	1.6731584579278344e-40	915	0.36474552750587463	6	0.6666666666666666	95.0	0.7467505562380456	0.13382360426204473	72	full_disease_post_selection	balanced_logistic_regression
IBD	185	185	103	s__GGB33469_SGB15237	46.87638902179566	-2.340783811278235	9.420449020737057e-21	118	0.0015774820371563115	6	0.6666666666666666	101.5	0.7467505562380456	0.13382360426204473	72	full_disease_post_selection	balanced_logistic_regression
IBD	185	185	104	s__Victivallis_lenta	46.47712714679459	-2.0132253925679833	8.205555023352116e-24	168	0.0036341313060357402	6	0.6666666666666666	104.5	0.7467505562380456	0.13382360426204473	72	full_disease_post_selection	balanced_logistic_regression
IBD	185	185	105	s__Clostridium_butyricum	46.330450791682814	11.268222518114333	7.733889472078446e-05	71	0.04804167497895999	6	0.6666666666666666	111.0	0.7467505562380456	0.13382360426204473	72	full_disease_post_selection	balanced_logistic_regression
IBD	185	185	106	s__GGB9760_SGB15374	45.032954345107726	-1.4633705796313374	1.6849065762536412e-31	311	0.0193492651738758	6	0.6666666666666666	112.5	0.7467505562380456	0.13382360426204473	72	full_disease_post_selection	balanced_logistic_regression
IBD	185	185	107	s__Lactiplantibacillus_plantarum	44.871759119600135	6.779145475377844	2.403882163412388e-07	96	0.027450277738868222	6	0.6666666666666666	116.0	0.7467505562380456	0.13382360426204473	72	full_disease_post_selection	balanced_logistic_regression
IBD	185	185	108	s__Oscillibacter_sp_ER4	44.41544088788373	-1.011561466856121	1.2366338180229203e-44	899	0.2718227505683899	5	0.5555555555555556	110.0	0.7467505562380456	0.13382360426204473	72	full_disease_post_selection	balanced_logistic_regression
IBD	185	185	109	s__Eubacterium_ventriosum	44.0512926719273	-0.9893933348341095	2.9957533892029934e-45	1020	0.12331385165452957	5	0.5555555555555556	109.0	0.7467505562380456	0.13382360426204473	72	full_disease_post_selection	balanced_logistic_regression
IBD	185	185	110	s__GGB33586_SGB53517	44.02786882895229	-1.4667228354383226	9.597731185673196e-31	554	0.007056708043458342	6	0.6666666666666666	116.5	0.7467505562380456	0.13382360426204473	72	full_disease_post_selection	balanced_logistic_regression
IBD	185	185	111	s__Veillonellaceae_bacterium	44.011517414308074	4.504689205244736	1.6976412296117423e-10	209	0.011193386699417244	6	0.6666666666666666	121.0	0.7467505562380456	0.13382360426204473	72	full_disease_post_selection	balanced_logistic_regression
IBD	185	185	112	s__Barnesiella_intestinihominis	43.642315808766774	-1.0191833532222638	1.5106854337067047e-43	782	0.3376879096031189	6	0.6666666666666666	123.5	0.7467505562380456	0.13382360426204473	72	full_disease_post_selection	balanced_logistic_regression
IBD	185	185	113	s__GGB3480_SGB4648	43.598749175113234	-1.611876478379699	8.944863182810385e-28	300	0.021633210284889393	6	0.6666666666666666	113.0	0.7467505562380456	0.13382360426204473	72	full_disease_post_selection	balanced_logistic_regression
IBD	185	185	114	s__Oscillospiraceae_unclassified_SGB15252	43.26681369704492	-3.5755427786080123	7.929309464683836e-13	40	0.0017368027368467058	5	0.5555555555555556	115.0	0.7467505562380456	0.13382360426204473	72	full_disease_post_selection	balanced_logistic_regression
IBD	185	185	115	s__Clostridiaceae_unclassified_SGB4771	43.238750761475806	-1.306544383820783	8.054666883438559e-34	303	0.005907838022815256	6	0.6666666666666666	111.5	0.7467505562380456	0.13382360426204473	72	full_disease_post_selection	balanced_logistic_regression
IBD	185	185	116	s__Prevotella_corporis	42.908373443823365	-4.019960128913935	2.1192005253858474e-11	111	0.008352325346927581	6	0.6666666666666666	120.5	0.7467505562380456	0.13382360426204473	72	full_disease_post_selection	balanced_logistic_regression
IBD	185	185	117	s__Veillonella_seminalis	42.6678234647869	15.419215608827479	0.0017092874102241184	28	0.03249738713818921	6	0.6666666666666666	123.5	0.7467505562380456	0.13382360426204473	72	full_disease_post_selection	balanced_logistic_regression
IBD	185	185	118	s__GGB4564_SGB6302	42.55602021795788	-4.927554223235703	2.310279245360185e-09	28	0.0008127759549232835	5	0.5555555555555556	117.0	0.7467505562380456	0.13382360426204473	72	full_disease_post_selection	balanced_logistic_regression
IBD	185	185	119	s__GGB9635_SGB15106	42.43979586792955	-1.8364946921008862	7.778249758921953e-24	268	0.08399993181228638	5	0.5555555555555556	129.0	0.7467505562380456	0.13382360426204473	72	full_disease_post_selection	balanced_logistic_regression
IBD	185	185	120	s__Clostridiaceae_bacterium_AF18_31LB	42.39895132400773	-0.8773921353597138	4.744841782612946e-49	1226	0.046523128658950204	5	0.5555555555555556	119.0	0.7467505562380456	0.13382360426204473	72	full_disease_post_selection	balanced_logistic_regression
IBD	185	185	121	s__GGB3653_SGB4964	42.16984261827136	-0.9747146500329696	5.448310954975329e-44	980	0.08973075760841097	5	0.5555555555555556	111.0	0.7467505562380456	0.13382360426204473	72	full_disease_post_selection	balanced_logistic_regression
IBD	185	185	122	s__Enterocloster_aldenensis	41.96047701397926	1.8436442560828536	1.7397314108762528e-23	1091	0.074623703956604	5	0.5555555555555556	125.0	0.7467505562380456	0.13382360426204473	72	full_disease_post_selection	balanced_logistic_regression
IBD	185	185	123	s__Lactobacillus_johnsonii	41.95505190966723	15.635158531819394	0.002073105660498522	27	0.037744625371588916	6	0.6666666666666666	125.0	0.7467505562380456	0.13382360426204473	72	full_disease_post_selection	balanced_logistic_regression
IBD	185	185	124	s__Bifidobacterium_dentium	41.83405989748607	3.3424469915028716	3.04793522831236e-13	283	0.0592447123532618	5	0.5555555555555556	133.0	0.7467505562380456	0.13382360426204473	72	full_disease_post_selection	balanced_logistic_regression
IBD	185	185	125	s__GGB79118_SGB105839	41.73695428670549	6.164097510976523	1.6944370009924705e-07	104	0.0023084193164452146	6	0.6666666666666666	128.0	0.7467505562380456	0.13382360426204473	72	full_disease_post_selection	balanced_logistic_regression
IBD	185	185	126	s__Rothia_mucilaginosa	41.72608963896614	5.297739280151274	1.329825883847097e-08	216	0.006116492536482179	5	0.5555555555555556	132.0	0.7467505562380456	0.13382360426204473	72	full_disease_post_selection	balanced_logistic_regression
IBD	185	185	127	s__GGB81342_SGB47944	41.34047216982898	12.653565932901037	0.0005406294655662267	34	0.004778014211954593	6	0.6666666666666666	128.5	0.7467505562380456	0.13382360426204473	72	full_disease_post_selection	balanced_logistic_regression
IBD	185	185	128	s__GGB9545_SGB14951	41.20840144543719	-3.582455290964827	3.141706453413682e-12	39	0.0004056988891902587	5	0.5555555555555556	120.0	0.7467505562380456	0.13382360426204473	72	full_disease_post_selection	balanced_logistic_regression
IBD	185	185	129	s__GGB4717_SGB6533	40.75125400458996	-3.843688564457454	2.4996605767212664e-11	25	0.0010095460474284902	4	0.4444444444444444	119.5	0.7467505562380456	0.13382360426204473	72	full_disease_post_selection	balanced_logistic_regression
IBD	185	185	130	s__Lacticaseibacillus_paracasei	40.4737364733091	5.456701631071699	3.826030009481971e-08	161	0.01949213278964013	3	0.3333333333333333	128.0	0.7467505562380456	0.13382360426204473	72	full_disease_post_selection	balanced_logistic_regression
IBD	185	185	131	s__GGB9786_SGB15409	40.44411491834258	-4.180141026211754	2.112044986657854e-10	19	0.0002266165890802698	5	0.5555555555555556	128.0	0.7467505562380456	0.13382360426204473	72	full_disease_post_selection	balanced_logistic_regression
IBD	185	185	132	s__Streptococcus_cristatus	39.89584045514165	9.37032175135447	5.524837390748048e-05	46	0.0004901208381670704	4	0.4444444444444444	138.5	0.7467505562380456	0.13382360426204473	72	full_disease_post_selection	balanced_logistic_regression
IBD	185	185	133	s__GGB9758_SGB15368	39.88359735992228	-0.8768982477833162	3.292068337237525e-46	426	0.1606462299823761	4	0.4444444444444444	135.5	0.7467505562380456	0.13382360426204473	72	full_disease_post_selection	balanced_logistic_regression
IBD	185	185	134	s__GGB9766_SGB15383	39.67746099018198	-2.4007456428151226	2.970750631641265e-17	133	0.0017473579242650314	4	0.4444444444444444	134.0	0.7467505562380456	0.13382360426204473	72	full_disease_post_selection	balanced_logistic_regression
IBD	185	185	135	s__GGB9690_SGB15196	39.57671860994943	-2.726969671383951	3.0685212243672773e-15	80	0.002849134571196671	4	0.4444444444444444	128.0	0.7467505562380456	0.13382360426204473	72	full_disease_post_selection	balanced_logistic_regression
IBD	185	185	136	s__GGB3632_SGB4921	39.51704436022453	-8.454943840934076	2.1191503891765635e-05	11	0.0014115512565874503	5	0.5555555555555556	132.0	0.7467505562380456	0.13382360426204473	72	full_disease_post_selection	balanced_logistic_regression
IBD	185	185	137	s__GGB9347_SGB14313	39.45926622519938	-2.201245827366593	1.186121561070128e-18	98	0.02720506489276886	5	0.5555555555555556	136.0	0.7467505562380456	0.13382360426204473	72	full_disease_post_selection	balanced_logistic_regression
IBD	185	185	138	s__Faecalicatena_fissicatena	38.94836676735337	-0.8863570449551201	1.142814337554416e-44	782	0.07998520880937576	4	0.4444444444444444	137.0	0.7467505562380456	0.13382360426204473	72	full_disease_post_selection	balanced_logistic_regression
IBD	185	185	139	s__Clostridiaceae_bacterium_Marseille_Q4143	38.729764833743104	-0.917684683384295	6.255520217347608e-43	1007	0.02694280863472312	4	0.4444444444444444	128.5	0.7467505562380456	0.13382360426204473	72	full_disease_post_selection	balanced_logistic_regression
IBD	185	185	140	s__Actinomyces_sp_ph3	38.62307309262039	8.333125571489306	2.318014940498834e-05	129	0.009377220784450694	4	0.4444444444444444	135.5	0.7467505562380456	0.13382360426204473	72	full_disease_post_selection	balanced_logistic_regression
IBD	185	185	141	s__GGB9708_SGB15233	38.56831256080812	-1.3102206092292006	3.66032561704843e-30	193	0.016789889023924788	5	0.5555555555555556	134.0	0.7467505562380456	0.13382360426204473	72	full_disease_post_selection	balanced_logistic_regression
IBD	185	185	142	s__GGB3345_SGB4425	38.4935509947667	-1.2685349493866969	4.5199735803029775e-31	206	0.02307916073197244	5	0.5555555555555556	147.0	0.7467505562380456	0.13382360426204473	72	full_disease_post_selection	balanced_logistic_regression
IBD	185	185	143	s__Parabacteroides_goldsteinii	38.23514424360364	-1.3726060164950356	1.3936168302979901e-28	333	0.05055795982480049	5	0.5555555555555556	140.0	0.7467505562380456	0.13382360426204473	72	full_disease_post_selection	balanced_logistic_regression
IBD	185	185	144	s__GGB9365_SGB14341	38.10893531008398	-1.4814449472046267	1.8873465674906814e-26	414	0.03879520909599613	5	0.5555555555555556	137.0	0.7467505562380456	0.13382360426204473	72	full_disease_post_selection	balanced_logistic_regression
IBD	185	185	145	s__Lachnospiraceae_bacterium_CLA_AA_H215	38.092203885739224	-2.0225756769450434	1.467225997127413e-19	177	0.002016293284030481	2	0.2222222222222222	118.0	0.7467505562380456	0.13382360426204473	72	full_disease_post_selection	balanced_logistic_regression
IBD	185	185	146	s__Streptococcus_infantis	37.864046301069315	9.84515928805046	0.00014257543619845605	41	0.0006814402488605037	3	0.3333333333333333	148.0	0.7467505562380456	0.13382360426204473	72	full_disease_post_selection	balanced_logistic_regression
IBD	185	185	147	s__GGB9618_SGB15064	37.80130038548549	-5.321950377182354	7.890377012567808e-08	31	0.0007733246127531604	4	0.4444444444444444	163.5	0.7467505562380456	0.13382360426204473	72	full_disease_post_selection	balanced_logistic_regression
IBD	185	185	148	s__GGB9198_SGB14137	37.657456018093136	-1.6797293165730487	3.8128420899376945e-23	134	0.006105277612161128	4	0.4444444444444444	137.5	0.7467505562380456	0.13382360426204473	72	full_disease_post_selection	balanced_logistic_regression
IBD	185	185	149	s__Dysgonomonas_mossii	37.49495182764579	-5.583768880273721	1.927574924869083e-07	41	0.03901848819964515	5	0.5555555555555556	124.0	0.7467505562380456	0.13382360426204473	72	full_disease_post_selection	balanced_logistic_regression
IBD	185	185	150	s__GGB3061_SGB4063	37.309343111691824	-2.279038665709474	4.2594911371636487e-17	189	0.001619696277119207	3	0.3333333333333333	140.0	0.7467505562380456	0.13382360426204473	72	full_disease_post_selection	balanced_logistic_regression
IBD	185	185	151	s__Ruminococcus_bromii	36.70329248954085	-1.0454796461054572	7.823107577285468e-36	1040	0.8834415805360216	3	0.3333333333333333	180.0	0.7467505562380456	0.13382360426204473	72	full_disease_post_selection	balanced_logistic_regression
IBD	185	185	152	s__GGB13489_SGB15224	36.483508286598976	-1.5435600214160046	2.312409768639175e-24	310	0.013338935332026467	3	0.3333333333333333	162.0	0.7467505562380456	0.13382360426204473	72	full_disease_post_selection	balanced_logistic_regression
IBD	185	185	153	s__Terrisporobacter_mayombei	36.25516810391344	7.359583977202248	1.1850816857585301e-05	75	0.009154725377622793	3	0.3333333333333333	150.0	0.7467505562380456	0.13382360426204473	72	full_disease_post_selection	balanced_logistic_regression
IBD	185	185	154	s__Alistipes_finegoldii	36.13460424518983	-0.8055066681352681	1.382239085470804e-45	1111	0.3477233946323395	4	0.4444444444444444	150.0	0.7467505562380456	0.13382360426204473	72	full_disease_post_selection	balanced_logistic_regression
IBD	185	185	155	s__Actinomyces_graevenitzii	35.93963796645996	5.785530140914286	6.137819089332168e-07	151	0.003153559825250192	3	0.3333333333333333	155.0	0.7467505562380456	0.13382360426204473	72	full_disease_post_selection	balanced_logistic_regression
IBD	185	185	156	s__GGB53380_SGB74412	35.81810998408803	-4.685999363100096	2.271735841377011e-08	18	8.23873292458877e-05	2	0.2222222222222222	170.0	0.7467505562380456	0.13382360426204473	72	full_disease_post_selection	balanced_logistic_regression
IBD	185	185	157	s__Prevotella_buccae	35.74875892075327	9.114685158936629	0.00011964503933764067	56	0.07966599562025922	3	0.3333333333333333	161.0	0.7467505562380456	0.13382360426204473	72	full_disease_post_selection	balanced_logistic_regression
IBD	185	185	158	s__GGB9696_SGB15212	35.504670164694915	-6.82236653422281	6.249470664736911e-06	14	0.0007591966130076661	2	0.2222222222222222	163.5	0.7467505562380456	0.13382360426204473	72	full_disease_post_selection	balanced_logistic_regression
IBD	185	185	159	s__Faecalibacterium_sp_HTFF	35.46641170627624	-1.3095560497228667	8.265055732740097e-28	931	0.13823895801165714	4	0.4444444444444444	146.5	0.7467505562380456	0.13382360426204473	72	full_disease_post_selection	balanced_logistic_regression
IBD	185	185	160	s__GGB4552_SGB6276	35.39257900468818	-1.655955922178224	4.237538982800634e-22	185	0.024872429850341306	2	0.2222222222222222	151.0	0.7467505562380456	0.13382360426204473	72	full_disease_post_selection	balanced_logistic_regression
IBD	185	185	161	s__Clostridium_symbiosum	35.391666549576804	1.776583411244845	1.1989887232233971e-20	1220	0.17102664709091187	3	0.3333333333333333	164.0	0.7467505562380456	0.13382360426204473	72	full_disease_post_selection	balanced_logistic_regression
IBD	185	185	162	s__Vescimonas_coprocola	35.31031518135071	-0.8062193428389218	1.5945905834258472e-44	1110	0.1339757280606407	2	0.2222222222222222	151.0	0.7467505562380456	0.13382360426204473	72	full_disease_post_selection	balanced_logistic_regression
IBD	185	185	163	s__GGB6007_SGB8633	35.16377363497897	-5.051230955296526	1.0928857376010403e-07	19	0.0023397256225948376	4	0.4444444444444444	136.5	0.7467505562380456	0.13382360426204473	72	full_disease_post_selection	balanced_logistic_regression
IBD	185	185	164	s__GGB49418_SGB69331	35.159504520531144	-4.046344720771276	2.0455055929931236e-09	24	7.030045734966328e-05	1	0.1111111111111111	136.0	0.7467505562380456	0.13382360426204473	72	full_disease_post_selection	balanced_logistic_regression
IBD	185	185	165	s__GGB6012_SGB8640	35.1251283775374	-3.315801764595772	2.5512309588854536e-11	25	0.007827844536664958	4	0.4444444444444444	144.0	0.7467505562380456	0.13382360426204473	72	full_disease_post_selection	balanced_logistic_regression
IBD	185	185	166	s__GGB3267_SGB4317	35.08972662488976	-2.578998155336613	2.4777226339413892e-14	73	0.0491540137158888	4	0.4444444444444444	139.5	0.7467505562380456	0.13382360426204473	72	full_disease_post_selection	balanced_logistic_regression
IBD	185	185	167	s__Granulicatella_SGB8255	34.763561712322854	5.524296828773138	5.095101903903259e-07	358	0.014333073296320335	4	0.4444444444444444	171.0	0.7467505562380456	0.13382360426204473	72	full_disease_post_selection	balanced_logistic_regression
IBD	185	185	168	s__Bifidobacterium_scardovii	34.735519470180186	12.944694897557607	0.002073105660498522	27	0.005846531676635837	3	0.3333333333333333	170.0	0.7467505562380456	0.13382360426204473	72	full_disease_post_selection	balanced_logistic_regression
IBD	185	185	169	s__Actinomyces_oris	34.642354564442755	4.589519163721726	2.830459762214547e-08	249	0.003926561063420793	3	0.3333333333333333	146.0	0.7467505562380456	0.13382360426204473	72	full_disease_post_selection	balanced_logistic_regression
IBD	185	185	170	s__GGB9253_SGB14199	34.52039874049284	-4.181501464598045	5.552630442815879e-09	19	5.3125408336154905e-05	2	0.2222222222222222	112.0	0.7467505562380456	0.13382360426204473	72	full_disease_post_selection	balanced_logistic_regression
IBD	185	185	171	s__Enterococcus_raffinosus	34.4292583965914	12.076912768938346	0.0014098324085483904	29	0.003203497654346264	3	0.3333333333333333	169.0	0.7467505562380456	0.13382360426204473	72	full_disease_post_selection	balanced_logistic_regression
IBD	185	185	172	s__GGB2958_SGB3940	34.37409895152978	-3.148993958421295	1.213681689707132e-11	36	0.0010733670799956936	1	0.1111111111111111	105.0	0.7467505562380456	0.13382360426204473	72	full_disease_post_selection	balanced_logistic_regression
IBD	185	185	173	s__GGB2652_SGB3573	34.33559997369791	-2.2726869547312845	7.799641577411526e-16	108	0.001222854337821837	2	0.2222222222222222	165.5	0.7467505562380456	0.13382360426204473	72	full_disease_post_selection	balanced_logistic_regression
IBD	185	185	174	s__Mitsuokella_jalaludinii	34.26101878770457	13.180358820486747	0.002515362877347315	26	0.006884121386009843	3	0.3333333333333333	153.0	0.7467505562380456	0.13382360426204473	72	full_disease_post_selection	balanced_logistic_regression
IBD	185	185	175	s__Veillonella_atypica	34.18817322804625	4.075826555143337	4.0923021201678535e-09	733	0.20989686860044057	4	0.4444444444444444	173.0	0.7467505562380456	0.13382360426204473	72	full_disease_post_selection	balanced_logistic_regression
IBD	185	185	176	s__Gemella_morbillorum	34.08989568262094	8.279746439211397	7.633738054581438e-05	111	0.02403744931958395	2	0.2222222222222222	104.0	0.7467505562380456	0.13382360426204473	72	full_disease_post_selection	balanced_logistic_regression
IBD	185	185	177	s__Limosilactobacillus_fermentum	33.99236404635061	3.772532914920875	9.76144236327383e-10	145	0.0519893042898268	2	0.2222222222222222	173.5	0.7467505562380456	0.13382360426204473	72	full_disease_post_selection	balanced_logistic_regression
IBD	185	185	178	s__GGB9813_SGB15447	33.83499032868189	11.530720503622318	0.0011632305813682434	30	0.0021936022247668967	3	0.3333333333333333	161.0	0.7467505562380456	0.13382360426204473	72	full_disease_post_selection	balanced_logistic_regression
IBD	185	185	179	s__Desulfovibrio_fairfieldensis	33.736500031306576	-1.8177451476371078	2.7572603292041837e-19	77	0.004810431075269012	2	0.2222222222222222	177.0	0.7467505562380456	0.13382360426204473	72	full_disease_post_selection	balanced_logistic_regression
IBD	185	185	180	s__GGB9819_SGB15460	33.528388971892554	-3.689215534331294	8.16180292735131e-10	60	0.002538602200448075	3	0.3333333333333333	153.0	0.7467505562380456	0.13382360426204473	72	full_disease_post_selection	balanced_logistic_regression
IBD	185	185	181	s__GGB9708_SGB15234	33.46386443256999	-0.9280522660713169	8.74723815170531e-37	588	0.13476291298866272	1	0.1111111111111111	197.0	0.7467505562380456	0.13382360426204473	72	full_disease_post_selection	balanced_logistic_regression
IBD	185	185	182	s__GGB4584_SGB6338	33.29587977574474	-2.141225170446171	2.8189502720217174e-16	62	0.005008752462816085	2	0.2222222222222222	142.5	0.7467505562380456	0.13382360426204473	72	full_disease_post_selection	balanced_logistic_regression
IBD	185	185	183	s__GGB74220_SGB4052	33.222700512073736	-3.7468996262740797	1.3592046753286871e-09	20	0.0019645591057802945	3	0.3333333333333333	148.0	0.7467505562380456	0.13382360426204473	72	full_disease_post_selection	balanced_logistic_regression
IBD	185	185	184	s__GGB6610_SGB9344	33.18496471536314	-2.7528014904115072	8.810999502560588e-13	38	0.006184781134602064	3	0.3333333333333333	149.0	0.7467505562380456	0.13382360426204473	72	full_disease_post_selection	balanced_logistic_regression
IBD	185	185	185	s__GGB9080_SGB14004	32.85933552135446	-8.101747507508794	8.793614518660274e-05	10	0.0022673546540375087	0	0.0		0.7467505562380456	0.13382360426204473	72	full_disease_post_selection	balanced_logistic_regression
