disease	candidate_k	mean_inner_auc	sd_inner_auc	n_inner_evaluations	selected_final_k
CRA	143	0.5267890280829142	0.069855779549261	30	True
CRA	147	0.5262360583937434	0.0667912795293205	30	False
CRA	148	0.5252255149048833	0.06499653885236119	30	False
CRA	144	0.5251518164781042	0.06779194617738474	30	False
CRA	145	0.5250481932690815	0.06580986280743703	30	False
CRA	146	0.524873335578515	0.06474377103554149	30	False
CRA	111	0.5248403279180295	0.07211077204127256	30	False
CRA	140	0.5247955575534555	0.07166711290995406	30	False
CRA	142	0.5247390161276198	0.07383745356614432	30	False
CRA	112	0.5244542192640252	0.07198825743378472	30	False
CRA	114	0.5241655100388043	0.07330708970148249	30	False
CRA	108	0.524140275319822	0.07762594356693157	30	False
CRA	113	0.5240479874486381	0.07268172981271219	30	False
CRA	139	0.5239626486022777	0.07267322661002146	30	False
CRA	138	0.5238535413672566	0.07178713724379611	30	False
CRA	137	0.5236603883888897	0.07243977337334696	30	False
CRA	110	0.5236512809364909	0.0734783475897118	30	False
CRA	96	0.5236249312321525	0.0803764005878592	30	False
CRA	115	0.523226898954989	0.07260669736846466	30	False
CRA	109	0.5231817779610103	0.07558240219378735	30	False
CRA	149	0.5231664690699962	0.06519447723604804	30	False
CRA	136	0.5231408426475961	0.07101880143065555	30	False
CRA	107	0.5230762892554794	0.07645692335565721	30	False
CRA	92	0.5230405281554329	0.07920533503124957	30	False
CRA	135	0.5230010885625392	0.06981938832307484	30	False
CRA	94	0.5227104654013163	0.07862583972395984	30	False
CRA	184	0.5226695065780848	0.07159334353907895	30	False
CRA	116	0.5226154946098375	0.07303689502899278	30	False
CRA	122	0.5225887864160875	0.07527950729700086	30	False
CRA	120	0.5225127208247305	0.07351905252455619	30	False
CRA	134	0.5224967573409142	0.07078454487112291	30	False
CRA	119	0.5224753332433936	0.07332261729878035	30	False
CRA	121	0.5224719846671291	0.07359348885000781	30	False
CRA	117	0.5224203615434642	0.07292894004893453	30	False
CRA	106	0.522407721217766	0.07588611909661845	30	False
CRA	141	0.5223363023147496	0.07179725052622686	30	False
CRA	103	0.52215516587748	0.07584828895415557	30	False
CRA	104	0.5221053177282848	0.07495330307687302	30	False
CRA	93	0.5219018037499439	0.07849186180586556	30	False
CRA	150	0.5218719782211321	0.0654602412204889	30	False
CRA	105	0.5218618866801478	0.07646218760778875	30	False
CRA	102	0.5217875203774	0.07468190848721269	30	False
CRA	91	0.5216915642135057	0.0794736644332621	30	False
CRA	163	0.5216769026665399	0.06376353841733604	30	False
CRA	95	0.521652207277559	0.07838512577514989	30	False
CRA	97	0.5214336453539284	0.07672470350288454	30	False
CRA	133	0.5214293843364531	0.07163659268095242	30	False
CRA	151	0.5213403204398804	0.06548762815478325	30	False
CRA	183	0.5213082161539458	0.07132044670060679	30	False
CRA	161	0.5212940380199975	0.06656892438037208	30	False
CRA	164	0.521256762900388	0.06562932545853234	30	False
CRA	162	0.5211953169726301	0.06618829359884419	30	False
CRA	125	0.5211357446369858	0.07446292297008099	30	False
CRA	99	0.5211233610402284	0.07623640739868522	30	False
CRA	88	0.5209850878555852	0.08125374466436082	30	False
CRA	186	0.5209763142568963	0.07095259520735178	30	False
CRA	182	0.5208253531119189	0.07134179737061475	30	False
CRA	124	0.520823862556932	0.0754965817967665	30	False
CRA	185	0.52081229844927	0.07121565056812344	30	False
CRA	118	0.5207656970945512	0.07237576594966848	30	False
CRA	87	0.5206597795525778	0.08032101849255695	30	False
CRA	152	0.5206135621198923	0.06408725142505989	30	False
CRA	126	0.520558197827949	0.07473312354835895	30	False
CRA	160	0.5204516126206051	0.06693332110392822	30	False
CRA	100	0.5203876176296306	0.0760378637094276	30	False
CRA	159	0.5203571497919953	0.06682942579617385	30	False
CRA	132	0.5203274523843707	0.0713980595257336	30	False
CRA	181	0.5203146738223828	0.07047319823953836	30	False
CRA	123	0.5202857074136619	0.07622992010513417	30	False
CRA	188	0.5202359938860412	0.0694172383504373	30	False
CRA	131	0.5202268694161118	0.07330693654460547	30	False
CRA	85	0.5202205716107711	0.07769554082440348	30	False
CRA	189	0.5200055136672647	0.07032311612035268	30	False
CRA	187	0.5198777329786257	0.07035290928091835	30	False
CRA	127	0.5198128488080889	0.07367183426569776	30	False
CRA	86	0.5197909660843949	0.07908305689680943	30	False
CRA	166	0.5195382274882536	0.06329265970409526	30	False
CRA	89	0.5195072342736908	0.08212227026001045	30	False
CRA	129	0.5195004530744066	0.07336070441914082	30	False
CRA	180	0.5194664353470944	0.0701707762908352	30	False
CRA	175	0.5193810605031777	0.06876575614431428	30	False
CRA	158	0.5192858607639864	0.0656049953753911	30	False
CRA	101	0.5192751033566533	0.07560032378243202	30	False
CRA	128	0.5191983075203124	0.0730826442424136	30	False
CRA	169	0.5191944657392923	0.06518442196209107	30	False
CRA	98	0.5191630862903234	0.07520468344044479	30	False
CRA	130	0.5191498101874796	0.07293816119027251	30	False
CRA	165	0.519117228241894	0.06445507277896217	30	False
CRA	177	0.5188329926842246	0.06898824259278195	30	False
CRA	156	0.5188228429510506	0.06319057812520175	30	False
CRA	157	0.5188119436603441	0.06362798010228932	30	False
CRA	178	0.5186163428394522	0.06868131508158232	30	False
CRA	168	0.518524873020382	0.0617769214616539	30	False
CRA	154	0.5184806754387219	0.06378110263663461	30	False
CRA	153	0.5184755300699291	0.0643124927752789	30	False
CRA	170	0.5184241992575805	0.06642149658472556	30	False
CRA	167	0.5184218344758347	0.06494836414391149	30	False
CRA	176	0.5183328147767692	0.06841776317023528	30	False
CRA	179	0.5182597614251991	0.06962690976375845	30	False
CRA	90	0.5180780090000693	0.07929971478113372	30	False
CRA	173	0.5180493187977162	0.0705263019748165	30	False
CRA	190	0.5180350663498997	0.07012943531508195	30	False
CRA	84	0.5178419979321411	0.07886726965815902	30	False
CRA	83	0.5177806146112073	0.07846967501173632	30	False
CRA	174	0.5177618225915148	0.06852124800759077	30	False
CRA	171	0.5176768492662144	0.06878598070009197	30	False
CRA	155	0.5175845126231754	0.0631306140110531	30	False
CRA	199	0.5175310519453513	0.071089079199668	30	False
CRA	200	0.517378566686632	0.071610437906446	30	False
CRA	172	0.5172977391819374	0.06879535452807369	30	False
CRA	191	0.517120737553993	0.07067357865415926	30	False
CRA	82	0.5169219281662695	0.08236578573952724	30	False
CRA	198	0.516847653053921	0.07213062261917962	30	False
CRA	195	0.5164503007389069	0.07321380216240693	30	False
CRA	192	0.5162419190678893	0.07182809190859242	30	False
CRA	196	0.516095381297692	0.07211604161198629	30	False
CRA	197	0.5156427665779127	0.07199194883037839	30	False
CRA	194	0.5154738077565982	0.07207501116850402	30	False
CRA	193	0.5149510095389865	0.07147991156394551	30	False
CRA	81	0.5126465149202748	0.0806863910395249	30	False
CRA	71	0.5113954902633965	0.07762467545493269	30	False
CRA	50	0.5111617857095035	0.07289597116963867	30	False
CRA	49	0.510963148792427	0.07358302394219243	30	False
CRA	80	0.5108375547538252	0.08257922526391177	30	False
CRA	67	0.5106875753784924	0.07628097412937443	30	False
CRA	47	0.5106372113482058	0.07565606244625699	30	False
CRA	72	0.5103636975855376	0.0785563158810304	30	False
CRA	68	0.5101637283843425	0.07606248465847074	30	False
CRA	51	0.5099847300223104	0.0718070074484379	30	False
CRA	54	0.5098439960328769	0.07835541415384117	30	False
CRA	53	0.5097034916107915	0.07690086338274203	30	False
CRA	46	0.509024229273329	0.07668966515733572	30	False
CRA	48	0.5090112577639256	0.07210819121227532	30	False
CRA	23	0.5089677782994363	0.0812733695644504	30	False
CRA	73	0.5089107087443049	0.08028672501608167	30	False
CRA	55	0.5089091290891194	0.08213898066558836	30	False
CRA	45	0.5087875613414359	0.07575833468335186	30	False
CRA	66	0.5085103850437945	0.07583880758548191	30	False
CRA	77	0.5084568796983006	0.08038869876214201	30	False
CRA	64	0.5084026801744431	0.07860323245963112	30	False
CRA	52	0.5083478544559598	0.07355853668718704	30	False
CRA	78	0.508270619641247	0.08063269355965606	30	False
CRA	63	0.5082604822973643	0.08136827183881937	30	False
CRA	75	0.5081814799229859	0.07893830174692494	30	False
CRA	74	0.5081195833337271	0.07937210030145514	30	False
CRA	76	0.5080904273022256	0.07967142418308193	30	False
CRA	62	0.507956094192205	0.07671447055930918	30	False
CRA	43	0.5078609267839138	0.0777942393567266	30	False
CRA	65	0.5077071479970033	0.07611985088102537	30	False
CRA	56	0.5074787024296774	0.07821167387391631	30	False
CRA	70	0.5073196918935584	0.07695465554537752	30	False
CRA	22	0.5070262240449107	0.07888830263518343	30	False
CRA	40	0.507018512585237	0.07908103878907076	30	False
CRA	42	0.5068929405422276	0.07978909718481803	30	False
CRA	69	0.5068496100049055	0.07864948720554252	30	False
CRA	79	0.506641943874266	0.08192771085229668	30	False
CRA	58	0.5064809022766746	0.07642354585632437	30	False
CRA	57	0.5056617332149601	0.07697805730304866	30	False
CRA	44	0.5054404444213836	0.07699076320052406	30	False
CRA	61	0.5050154796336178	0.07742792517787796	30	False
CRA	26	0.5049079271921624	0.08807244203825973	30	False
CRA	21	0.5049062770364786	0.07753473566815068	30	False
CRA	38	0.5045111493446159	0.0794571376891694	30	False
CRA	28	0.5043340137971912	0.08614343756225581	30	False
CRA	34	0.50431210685076	0.08127978173890846	30	False
CRA	18	0.5043100562657192	0.06678230396618741	30	False
CRA	29	0.5043010787393822	0.08729861210553143	30	False
CRA	25	0.5042880034489027	0.08677632560129271	30	False
CRA	59	0.5039388842996716	0.07697762971224816	30	False
CRA	41	0.5037997915860344	0.08118412603110241	30	False
CRA	37	0.5037442688537433	0.08057322092378477	30	False
CRA	20	0.5034787161843985	0.06926545400132506	30	False
CRA	27	0.5032511231427488	0.08774260776322768	30	False
CRA	19	0.5032125760306482	0.06917100017124798	30	False
CRA	24	0.5031912554509255	0.0889186660878169	30	False
CRA	32	0.5028398266910961	0.08077747766175206	30	False
CRA	30	0.5028132146010394	0.08483768053396011	30	False
CRA	31	0.5027942061297466	0.08529992178144095	30	False
CRA	60	0.5026088564826905	0.07832332280569705	30	False
CRA	33	0.5024035242075326	0.08116987486812677	30	False
CRA	16	0.5022279107944988	0.061813898452324274	30	False
CRA	4	0.5019696745862842	0.03827874574279961	30	False
CRA	39	0.5019106439587863	0.08004307929113204	30	False
CRA	15	0.5013730364679954	0.061753338899794244	30	False
CRA	35	0.5012017594531449	0.08275778720908468	30	False
CRA	17	0.501154810978347	0.06473209842017895	30	False
CRA	3	0.5003413375990567	0.04032741325829559	30	False
CRA	13	0.5001813108356176	0.06098654701764959	30	False
CRA	14	0.4996808266213519	0.06056783225361573	30	False
CRA	1	0.49950491566790894	0.01864351223491109	30	False
CRA	5	0.4985230070929337	0.04232748318468756	30	False
CRA	36	0.4980576145783635	0.08221259343433175	30	False
CRA	2	0.4974335458069262	0.026795670133307158	30	False
CRA	12	0.49703502351107975	0.062197294141207726	30	False
CRA	8	0.4968976846559271	0.05901327689027718	30	False
CRA	6	0.49616082062642075	0.04304820014129965	30	False
CRA	11	0.4957848473941234	0.062232130452145075	30	False
CRA	9	0.4949673547037584	0.058683451840759536	30	False
CRA	10	0.4944372968469437	0.05968183869992204	30	False
CRA	7	0.4932836591434067	0.048770078395698406	30	False
CRC	18	0.7431851954150691	0.08987092315583471	72	True
CRC	17	0.7412720506042152	0.09027588336782064	72	False
CRC	19	0.7405544253951583	0.09009762581901781	72	False
CRC	20	0.7400311386228675	0.08977008485610037	72	False
CRC	16	0.7398831034633628	0.08961417749910153	72	False
CRC	21	0.7385140529729572	0.09034796017200744	72	False
CRC	15	0.7380460042547271	0.08908470911103647	72	False
CRC	23	0.7380003791434745	0.09102637822780117	72	False
CRC	14	0.7377419005984779	0.08805519804524223	72	False
CRC	22	0.7376980175814871	0.09138203575842231	72	False
CRC	25	0.737348975701152	0.09103707699870105	72	False
CRC	13	0.7369875663156363	0.08756330050468118	72	False
CRC	24	0.7366962726704374	0.09065861842744037	72	False
CRC	12	0.7365708159974788	0.08789482175683244	72	False
CRC	11	0.736439389099179	0.08772857359821275	72	False
CRC	26	0.7357195291347994	0.09211346645043911	72	False
CRC	27	0.735444935164404	0.09268237567597377	72	False
CRC	10	0.7332810930605603	0.0860944664421525	72	False
CRC	28	0.7332110903239886	0.09241574177513139	72	False
CRC	29	0.7317445511413159	0.09238069994842056	72	False
CRC	59	0.7316725156898476	0.09457085599512116	72	False
CRC	61	0.7311364403951012	0.09489044961746644	72	False
CRC	9	0.7308266957692986	0.08870272118328042	72	False
CRC	62	0.7307761417258778	0.0948801665237361	72	False
CRC	60	0.7307663586123361	0.09527653500791528	72	False
CRC	58	0.7302964839666423	0.09482784544974028	72	False
CRC	63	0.7302314663299045	0.09447204025183001	72	False
CRC	30	0.729652746998532	0.09416487332831695	72	False
CRC	57	0.7294830035589076	0.09519209481760328	72	False
CRC	64	0.7290997714095281	0.09446731109355755	72	False
CRC	34	0.7290588130105272	0.09643388109600673	72	False
CRC	54	0.7289326504196921	0.09692019117777181	72	False
CRC	55	0.7289320843409577	0.09616836441175929	72	False
CRC	33	0.7285758969288988	0.0954523874420505	72	False
CRC	65	0.7285443590879841	0.09563412571355982	72	False
CRC	56	0.7282618012187213	0.0947066420012569	72	False
CRC	53	0.7281963706062683	0.09663299187675671	72	False
CRC	35	0.7279872245979379	0.09793602462347623	72	False
CRC	31	0.7277682268647531	0.09523426796549637	72	False
CRC	68	0.7273762741711072	0.09409148338729124	72	False
CRC	69	0.7273492347735133	0.09380176887441373	72	False
CRC	52	0.7273319192203118	0.09858386972870585	72	False
CRC	51	0.7273016660522367	0.09847503701380084	72	False
CRC	66	0.727059897324589	0.09459159840066961	72	False
CRC	67	0.7269428456337618	0.09451542292812806	72	False
CRC	50	0.7268891236805536	0.10021018965211402	72	False
CRC	36	0.7266720815290598	0.09779964874297335	72	False
CRC	32	0.726608657358415	0.09590121096368327	72	False
CRC	70	0.7265570179161541	0.09415094368096212	72	False
CRC	72	0.7260980170265128	0.09244488390070296	72	False
CRC	8	0.7260932848902084	0.08787497139295052	72	False
CRC	49	0.7260804752183077	0.10077283376892507	72	False
CRC	71	0.725826768950519	0.09335670035327241	72	False
CRC	74	0.7257504292146059	0.09107263200810004	72	False
CRC	43	0.7256593819959894	0.09713280865931433	72	False
CRC	37	0.7255525031690165	0.09838049057536556	72	False
CRC	73	0.7255425163477027	0.09121156756980964	72	False
CRC	44	0.7253427212117675	0.09800660452989453	72	False
CRC	7	0.725093001956566	0.08708899028088125	72	False
CRC	48	0.7250076788181586	0.098633280660674	72	False
CRC	75	0.7245160613735135	0.09224534508260065	72	False
CRC	46	0.7243473070684343	0.09796744556811579	72	False
CRC	41	0.724309412089306	0.09710670019815566	72	False
CRC	47	0.7241030947354767	0.0982377996627193	72	False
CRC	38	0.724017328243608	0.09834573756522025	72	False
CRC	42	0.723996044377108	0.09705987743577316	72	False
CRC	45	0.7237547264382032	0.09790321997410302	72	False
CRC	76	0.7229029615129464	0.09196473760494936	72	False
CRC	39	0.7224537309043977	0.09804296222660315	72	False
CRC	40	0.7220894688715388	0.09722509632403059	72	False
CRC	77	0.7220326085118571	0.092745956756819	72	False
CRC	81	0.7216000235848701	0.09286745651500244	72	False
CRC	79	0.7213668666761698	0.0921519866346641	72	False
CRC	78	0.7213460208105403	0.09249830900123461	72	False
CRC	82	0.721038437007456	0.09309022115056577	72	False
CRC	80	0.7209645435516526	0.09258468823727024	72	False
CRC	83	0.7207434792713356	0.09258622664570634	72	False
CRC	84	0.7200864072945174	0.09270040819521289	72	False
CRC	6	0.719429309374389	0.08426636136841924	72	False
CRC	85	0.7191375699467721	0.09222209928216225	72	False
CRC	92	0.7186278742562954	0.08981633422873889	72	False
CRC	86	0.7185544802589612	0.09101343506676218	72	False
CRC	93	0.7182716075226363	0.0895300324727581	72	False
CRC	91	0.7180926521297168	0.09034387352949313	72	False
CRC	87	0.7179196636056088	0.09098358751314227	72	False
CRC	90	0.7179194853133082	0.090168090330965	72	False
CRC	94	0.7178904046257413	0.08963824981346914	72	False
CRC	89	0.7178237306229112	0.09076312609385208	72	False
CRC	88	0.717643361930635	0.09055352878029452	72	False
CRC	95	0.7171393531598063	0.09035156400889406	72	False
CRC	97	0.7161204078304281	0.0895603389246152	72	False
CRC	99	0.716096577520358	0.08788108574086917	72	False
CRC	98	0.7160299978956571	0.08932116065479788	72	False
CRC	96	0.7155945549738731	0.08956669407670449	72	False
CRC	100	0.7153778901057213	0.08786021176767339	72	False
CRC	101	0.7144429102983667	0.08850337207510996	72	False
CRC	102	0.7142894712848927	0.08884261876580021	72	False
CRC	103	0.7139954671867129	0.08836188449023215	72	False
CRC	105	0.713616882489211	0.08909325129586645	72	False
CRC	104	0.7131375052968947	0.08901510809991937	72	False
CRC	107	0.7127252523262756	0.0882497573810636	72	False
CRC	106	0.7127212250591084	0.08885273668981573	72	False
CRC	5	0.7121124464005868	0.08129675011566918	72	False
CRC	108	0.7117406748486037	0.0883631082874859	72	False
CRC	109	0.7111136318494681	0.08796307573333492	72	False
CRC	110	0.7110975283353773	0.08799523975273249	72	False
CRC	115	0.7110425054448639	0.08775705210778369	72	False
CRC	117	0.7110377236997928	0.08936084774961041	72	False
CRC	111	0.7108174779247108	0.08683269791953421	72	False
CRC	116	0.7107574829263503	0.08877070201369763	72	False
CRC	114	0.7106840714396547	0.0881328725898674	72	False
CRC	113	0.7104804025416498	0.08721468066283182	72	False
CRC	118	0.710400918979383	0.08853538503666267	72	False
CRC	119	0.7102809327260949	0.08783553788517617	72	False
CRC	112	0.710169440518896	0.0870614488982243	72	False
CRC	120	0.7094015401394366	0.08705734966140072	72	False
CRC	121	0.7087288080432468	0.08664752720518226	72	False
CRC	126	0.7081616064284696	0.08560353843715038	72	False
CRC	122	0.7081007515714908	0.08614944285387538	72	False
CRC	124	0.7080770413388734	0.08530636871481935	72	False
CRC	127	0.7080697391434937	0.0855063963406569	72	False
CRC	125	0.7080664835505898	0.08520756754716093	72	False
CRC	123	0.7077354165740185	0.08544856393329744	72	False
CRC	128	0.7075035784453869	0.08614657819738515	72	False
CRC	129	0.7071676855134911	0.08641456067047663	72	False
CRC	131	0.7062366997670712	0.08584226924616922	72	False
CRC	130	0.7061716353015517	0.08595164659236561	72	False
CRC	132	0.7047237427531606	0.08440637568136548	72	False
CRC	133	0.704416232493315	0.08374795935184536	72	False
CRC	134	0.7033927021169544	0.08289309475832711	72	False
CRC	135	0.7033891697211826	0.0833476855586594	72	False
CRC	144	0.7033324851940082	0.0826520464472476	72	False
CRC	141	0.703302466478161	0.08379117846018129	72	False
CRC	142	0.7031270328514003	0.0831666402513402	72	False
CRC	143	0.7028554840829692	0.0829145972688897	72	False
CRC	145	0.7028366150711775	0.08220521407618937	72	False
CRC	136	0.7027682576688822	0.08322821271941998	72	False
CRC	139	0.7027341930100592	0.08385270681434911	72	False
CRC	147	0.7025841628280225	0.08250629290498529	72	False
CRC	138	0.7024592470366788	0.08332971755229883	72	False
CRC	146	0.7023890016201352	0.08223628939574977	72	False
CRC	137	0.7022135448384033	0.08299678106396498	72	False
CRC	140	0.7021821881964139	0.08368784347363686	72	False
CRC	148	0.7021546536062269	0.08210625701884751	72	False
CRC	149	0.7015094168552475	0.08201711633097836	72	False
CRC	150	0.7011817511656234	0.08210904184612698	72	False
CRC	151	0.7006674884243647	0.08180739917835789	72	False
CRC	153	0.7004106066449185	0.08160544021962672	72	False
CRC	155	0.7003943394809373	0.08160345912119792	72	False
CRC	152	0.7001242073141386	0.08171730669650899	72	False
CRC	154	0.6996139679150467	0.08109354913792181	72	False
CRC	158	0.6986242026684278	0.08116654958953405	72	False
CRC	156	0.6985839651804333	0.08054572690614058	72	False
CRC	157	0.6984045445648097	0.08008826102548401	72	False
CRC	159	0.6981757662938858	0.08062780423350845	72	False
CRC	160	0.6976790503121932	0.08042312712318168	72	False
CRC	161	0.6976632188602595	0.08053479052707035	72	False
CRC	165	0.6974595144993692	0.08028476889552436	72	False
CRC	163	0.6974488614190381	0.08105924799096492	72	False
CRC	162	0.6973261270069274	0.08103228426972504	72	False
CRC	166	0.6969384502521511	0.0809322534011788	72	False
CRC	164	0.6968445091002428	0.08076181405166762	72	False
CRC	167	0.6962080494452518	0.08078916896584876	72	False
CRC	168	0.6958800512597648	0.08093739814970925	72	False
CRC	173	0.6958366281255182	0.08075224464233559	72	False
CRC	169	0.6957975291466328	0.08102764206967085	72	False
CRC	4	0.6957597815151928	0.08201371833219635	72	False
CRC	170	0.6956074273279879	0.08081050934812517	72	False
CRC	171	0.6953803055201391	0.08106550380278645	72	False
CRC	174	0.6950985190488095	0.08084927818397022	72	False
CRC	172	0.6950370641338719	0.08101386370652958	72	False
CRC	175	0.6940361229949293	0.08011613582135954	72	False
CRC	176	0.693974262821179	0.07966825167352737	72	False
CRC	177	0.6937667832842354	0.0791913239742848	72	False
CRC	180	0.6935628220328603	0.0794093188876942	72	False
CRC	179	0.69342536532478	0.0794398580896903	72	False
CRC	178	0.693311234878432	0.0789624022780543	72	False
CRC	187	0.6932510325121091	0.07932063551981348	72	False
CRC	185	0.6929423999337487	0.07881656600112207	72	False
CRC	195	0.692914169159967	0.07881299334630815	72	False
CRC	192	0.6928964721626159	0.07984864115421547	72	False
CRC	184	0.6928271000195084	0.07892751533806393	72	False
CRC	188	0.6928209731807029	0.0799978111301631	72	False
CRC	193	0.6927788092591394	0.07906501607308328	72	False
CRC	189	0.692768192349638	0.07950152611992853	72	False
CRC	186	0.6927467773547438	0.07852642649318954	72	False
CRC	190	0.6926697419224453	0.0797724587656692	72	False
CRC	182	0.6926433466222186	0.07918619419297494	72	False
CRC	191	0.6926122691427382	0.07951998673953178	72	False
CRC	181	0.6926008375076607	0.07920388591226274	72	False
CRC	194	0.692402367475057	0.0789016005046975	72	False
CRC	183	0.6923684179877421	0.07838370439220259	72	False
CRC	196	0.6920615521045461	0.07850315677765547	72	False
CRC	199	0.6914344537229713	0.0781992417283279	72	False
CRC	198	0.690977534595461	0.07784983088379309	72	False
CRC	200	0.6909610765119999	0.07827209389903159	72	False
CRC	197	0.6907656984641378	0.07789207076512718	72	False
CRC	3	0.6865336139476392	0.0813529145331279	72	False
CRC	2	0.666049108303841	0.07464223212190545	72	False
CRC	1	0.6028827988518867	0.06641764831090975	72	False
IBD	185	0.7467505562380456	0.13382360426204473	72	True
IBD	187	0.7463444713874532	0.13599602917290163	72	False
IBD	186	0.7460519224606574	0.13595914307674545	72	False
IBD	188	0.7451092732683485	0.1362746657114205	72	False
IBD	197	0.744739591802102	0.13098049475691653	72	False
IBD	195	0.7445956913417869	0.13304112731618073	72	False
IBD	194	0.7443864156305156	0.13342476170636713	72	False
IBD	196	0.7443479528826245	0.13235316313013717	72	False
IBD	192	0.7443421012584369	0.13433786517517912	72	False
IBD	183	0.7442959610074859	0.13755612485641958	72	False
IBD	199	0.7442872203040998	0.1326101420124646	72	False
IBD	189	0.7442572178317894	0.1368070170297718	72	False
IBD	182	0.744119120696512	0.13628393993727825	72	False
IBD	200	0.7440166377030768	0.1321615758478937	72	False
IBD	191	0.74398621617979	0.13498673759281143	72	False
IBD	184	0.7438092562046777	0.13833723989390845	72	False
IBD	198	0.7437121760087684	0.1335734914202588	72	False
IBD	181	0.7434371018182586	0.138191674916971	72	False
IBD	190	0.7434058077974534	0.13691791674379183	72	False
IBD	193	0.7429887115705756	0.13501726699738664	72	False
IBD	180	0.7418727186920475	0.1394032188642155	72	False
IBD	179	0.7408793075697824	0.14065928579859588	72	False
IBD	178	0.7404562372186967	0.14168896909043968	72	False
IBD	129	0.740024250661729	0.15171628799033407	72	False
IBD	177	0.7398147877164676	0.14440892985990328	72	False
IBD	176	0.7389945275921297	0.1446739760601458	72	False
IBD	128	0.7389697649733837	0.15209488820507006	72	False
IBD	146	0.7387365072010083	0.15054038366066694	72	False
IBD	132	0.738728615528755	0.15360297903563486	72	False
IBD	127	0.7387264685511709	0.15160619442172205	72	False
IBD	133	0.7387078678625789	0.15442047768372827	72	False
IBD	137	0.7386661257572282	0.15351759198357237	72	False
IBD	175	0.7386286189589112	0.14471418149023854	72	False
IBD	170	0.7386111816543011	0.1461487818509458	72	False
IBD	148	0.738563046235853	0.1516838675061542	72	False
IBD	147	0.7385601655834022	0.15096454449128432	72	False
IBD	131	0.7385301309594279	0.15310393293094865	72	False
IBD	151	0.7384742553790291	0.14487072887761915	72	False
IBD	130	0.7384284420811328	0.15366598928163017	72	False
IBD	150	0.738367296295668	0.14736971475258698	72	False
IBD	169	0.7383106045909034	0.14504117315890605	72	False
IBD	145	0.7382930626061721	0.15275462907274276	72	False
IBD	125	0.7381093815302984	0.15049985785097067	72	False
IBD	159	0.7379923847816131	0.14670570001219718	72	False
IBD	155	0.7379738323318717	0.14614155608430948	72	False
IBD	138	0.7378789651318401	0.15341706022238374	72	False
IBD	135	0.7378173703701634	0.15278905922073527	72	False
IBD	144	0.7377167104180762	0.15189495621519528	72	False
IBD	134	0.7376435056813757	0.1540328772656778	72	False
IBD	149	0.7376397348651929	0.15012945322037202	72	False
IBD	168	0.7376143337043195	0.14765556965313945	72	False
IBD	139	0.7376048674072724	0.15428406085320856	72	False
IBD	143	0.737565216651168	0.1545743137079884	72	False
IBD	154	0.7374155314507945	0.14632518554043283	72	False
IBD	126	0.7372629875184987	0.15185150060768882	72	False
IBD	152	0.737230956694297	0.14601873302166035	72	False
IBD	136	0.7372173914471017	0.1537274187039891	72	False
IBD	124	0.737210987914069	0.150441520569774	72	False
IBD	171	0.7371602787998965	0.14911486556787926	72	False
IBD	166	0.7370482100664638	0.1480537070938048	72	False
IBD	167	0.7369425679317971	0.14668090468025186	72	False
IBD	142	0.736789240976518	0.15625282487795228	72	False
IBD	164	0.736684162746947	0.14810805678550756	72	False
IBD	174	0.7365746395944353	0.14790785402285314	72	False
IBD	156	0.7365019947579098	0.14641880425139997	72	False
IBD	122	0.736431316926558	0.15136109881576423	72	False
IBD	140	0.7364307284962328	0.15564303049587994	72	False
IBD	165	0.7362614622655538	0.1486930236188289	72	False
IBD	172	0.7362588876492421	0.15045361058132709	72	False
IBD	173	0.7362136724518886	0.1490761574693139	72	False
IBD	160	0.7361754236186488	0.1477977910068745	72	False
IBD	162	0.7358918622411079	0.14908697167642673	72	False
IBD	141	0.735722004739299	0.15610312466581047	72	False
IBD	157	0.7356988701457436	0.14646124587142112	72	False
IBD	123	0.7356788000693961	0.15219921667054045	72	False
IBD	158	0.735598222082492	0.14632088016340947	72	False
IBD	161	0.7355333400425473	0.14869085354595454	72	False
IBD	153	0.7353919047887152	0.14825397463373385	72	False
IBD	163	0.7352628169799625	0.14869663837461344	72	False
IBD	121	0.7350040317536738	0.15018818295699057	72	False
IBD	120	0.7341432212039738	0.14890079738265333	72	False
IBD	118	0.7339586926970486	0.15321989891082533	72	False
IBD	119	0.7338550204221581	0.15074723721429809	72	False
IBD	116	0.733563120921136	0.15079948179302313	72	False
IBD	117	0.7334680979376527	0.15283264950436454	72	False
IBD	115	0.7328899432234257	0.15164122786802686	72	False
IBD	114	0.7301673775397955	0.1538002660597411	72	False
IBD	31	0.7291257719222745	0.10358414954230866	72	False
IBD	30	0.7290737462837025	0.10710504511944853	72	False
IBD	32	0.728998103198695	0.10444908812483032	72	False
IBD	33	0.7272874018513554	0.10512666407857224	72	False
IBD	113	0.7269062016642153	0.15693875008974392	72	False
IBD	34	0.7266826597956667	0.10506684652526148	72	False
IBD	112	0.7265843604730107	0.1576481725655173	72	False
IBD	28	0.7252614219214549	0.1069121211828731	72	False
IBD	35	0.7248804325898559	0.10615995947349384	72	False
IBD	29	0.7248207866386204	0.10375534759123477	72	False
IBD	111	0.7246874122662188	0.15973134810002615	72	False
IBD	37	0.7236529371231789	0.1106149439416279	72	False
IBD	110	0.7234567969712825	0.1590616507699302	72	False
IBD	27	0.7226027961228301	0.10671162855871663	72	False
IBD	36	0.7225145070589731	0.10946895346308315	72	False
IBD	109	0.7224848262613317	0.1598618290047135	72	False
IBD	26	0.7220603971695616	0.10318788500975101	72	False
IBD	39	0.721792851557452	0.11250450249835367	72	False
IBD	25	0.7216804094522037	0.10526401856535288	72	False
IBD	40	0.720469752183026	0.11394009858130869	72	False
IBD	108	0.7200719028248845	0.16112834643808432	72	False
IBD	107	0.7194827803651944	0.16197175171308756	72	False
IBD	42	0.71896118684263	0.1156141787118447	72	False
IBD	38	0.718887377739394	0.11387317085867718	72	False
IBD	41	0.7184899788138924	0.1152783251751723	72	False
IBD	105	0.7184461558428052	0.16295831872155442	72	False
IBD	106	0.7181400732948477	0.16118213502863693	72	False
IBD	23	0.7180413310283149	0.10301915017802984	72	False
IBD	24	0.7172246737311022	0.10567746454895528	72	False
IBD	22	0.7171856732807871	0.10295195986136006	72	False
IBD	104	0.7166940530049047	0.16217355958044666	72	False
IBD	103	0.7153192381869201	0.16126392710330378	72	False
IBD	43	0.7151574320199549	0.12077848134860143	72	False
IBD	102	0.7143822728553614	0.1606616279994628	72	False
IBD	20	0.7138631338068698	0.09694058338014476	72	False
IBD	44	0.7137689900750367	0.12519200520796142	72	False
IBD	21	0.7137174690383604	0.10408274269918416	72	False
IBD	45	0.7135961938020523	0.12477465160573877	72	False
IBD	19	0.7132969758961702	0.09444126719011928	72	False
IBD	101	0.71194126671775	0.16196550083236044	72	False
IBD	100	0.7111757550685165	0.16235984897816463	72	False
IBD	65	0.7107977750095603	0.1418016219216309	72	False
IBD	66	0.7101604864660772	0.14324670920129481	72	False
IBD	18	0.7101367248821313	0.0976467945191703	72	False
IBD	72	0.7098953722913988	0.14685570901845432	72	False
IBD	69	0.7096177620085625	0.14260816460624187	72	False
IBD	73	0.7094148717285853	0.1466437204549792	72	False
IBD	17	0.7093231099443802	0.09495434038688189	72	False
IBD	70	0.7091435546415876	0.1465652199053733	72	False
IBD	74	0.7088966689512405	0.1464492125431968	72	False
IBD	64	0.7087847667667149	0.14082382462373638	72	False
IBD	77	0.7087094912871374	0.14909685040215662	72	False
IBD	67	0.7085811982989847	0.14441010104051363	72	False
IBD	46	0.708567363888127	0.12923475863147973	72	False
IBD	71	0.7083925594387145	0.14727926995895138	72	False
IBD	60	0.7082392300066648	0.13809240107895213	72	False
IBD	63	0.7080845033338279	0.14062505082151594	72	False
IBD	62	0.7080204381720749	0.13864007407045298	72	False
IBD	79	0.7080032957989941	0.15098185464580297	72	False
IBD	99	0.707891908501035	0.16356798381105273	72	False
IBD	68	0.7078712277785171	0.14494535216388907	72	False
IBD	61	0.7078371868407833	0.13884545009508362	72	False
IBD	47	0.7073891575158933	0.1302167487801818	72	False
IBD	75	0.7072085254888698	0.1484331203815535	72	False
IBD	78	0.7070607992809286	0.15187654958662242	72	False
IBD	59	0.706576199343961	0.1373147660446643	72	False
IBD	58	0.7064249223338375	0.13518521709472983	72	False
IBD	76	0.7060460887431521	0.15142728562760016	72	False
IBD	98	0.7058652697314077	0.16312336108833628	72	False
IBD	97	0.7057830214125831	0.16135743072905145	72	False
IBD	96	0.7050355780520626	0.161648880352946	72	False
IBD	95	0.704895654510586	0.16047818268840855	72	False
IBD	80	0.7047639208067862	0.1534407454469283	72	False
IBD	88	0.7043292003335204	0.16268517821089004	72	False
IBD	81	0.7043128454627731	0.15883490292221178	72	False
IBD	49	0.7041852868564515	0.13073843031322527	72	False
IBD	82	0.704084935014104	0.15940222173737925	72	False
IBD	93	0.704017568548333	0.16048427911503224	72	False
IBD	48	0.703781487967563	0.13284659257041798	72	False
IBD	89	0.7037327387644164	0.1634248620130173	72	False
IBD	87	0.7033316666244885	0.16225241352040023	72	False
IBD	86	0.703197447896749	0.16105571552848677	72	False
IBD	94	0.7029700394591677	0.16227847994013475	72	False
IBD	16	0.7029427500391343	0.09296980516592146	72	False
IBD	84	0.7029306390839501	0.16182771265724202	72	False
IBD	83	0.7028818314615045	0.16164770414384763	72	False
IBD	85	0.7028693852121815	0.16077126026563057	72	False
IBD	92	0.702833090651121	0.16440501208057007	72	False
IBD	90	0.7027132514897152	0.16349601410877315	72	False
IBD	50	0.7025786007131802	0.12972330770998022	72	False
IBD	57	0.7025695994746647	0.13715559310321504	72	False
IBD	91	0.7022629662780238	0.1651131101518469	72	False
IBD	56	0.7014418421396872	0.13762542256586113	72	False
IBD	51	0.7009928091851486	0.13057222111323868	72	False
IBD	55	0.6995002838435121	0.1372503817755268	72	False
IBD	54	0.6993419602887765	0.1374025478054562	72	False
IBD	52	0.6980804444614315	0.13573337814564443	72	False
IBD	15	0.6980583569835065	0.09309466345579819	72	False
IBD	14	0.6973856968798606	0.09047917672036976	72	False
IBD	53	0.6968635958364083	0.13793509342814558	72	False
IBD	13	0.6896943443805766	0.08871129649935207	72	False
IBD	12	0.6822454603182584	0.08547685286523081	72	False
IBD	11	0.6787107538400683	0.08379822542506773	72	False
IBD	10	0.6715441950044299	0.0846697357910842	72	False
IBD	9	0.6564087750825053	0.08242208973712764	72	False
IBD	8	0.6451158936439377	0.08115165830146054	72	False
IBD	7	0.632043577404326	0.07351835687883053	72	False
IBD	6	0.6068291335403355	0.06580456503727732	72	False
IBD	5	0.5805682028729201	0.06397428380404921	72	False
IBD	4	0.5583815835852339	0.061375385669027054	72	False
IBD	3	0.538916058875013	0.053630675562595674	72	False
IBD	2	0.5279479731238655	0.04621747041128575	72	False
IBD	1	0.5076110889956572	0.01954021508778563	72	False
