disease_folder	study_code	file_type	relative_path	samples	rows	bytes	sha256	retained_fields
CRA	Lee_2023_CRC	metadata_minimized	CRA/Lee_2023_CRC/metadata_all_wide.tsv	971	971	57726	a34b457d2a384ece7aa7510bf55ee928c3931649e1dbbe1703dab57e1d2220be	study_code,sample_alias,subject_disease_status,age_years,sex
CRA	Lee_2023_CRC	metaphlan4_species	CRA/Lee_2023_CRC/metaphlan4_species_Lee_2023_CRC_latest.tsv.gz	971	192608	1819306	5982b9d330e7f9a3d04aae9382e8d43b4a88f4375145b4aefc394e308cedff3b	sample_alias,clade_name,rel_abund
CRC	Feng_2015_CRC_Austria	metadata_minimized	CRC/Feng_2015_CRC_Austria/metadata_all_wide.tsv	156	156	11173	be7327f7aff01830a2c98d8f93fef3061ae27d0c7e6287911c12d29644050042	study_code,sample_alias,subject_disease_status,age_years,sex
CRC	Feng_2015_CRC_Austria	metaphlan4_species	CRC/Feng_2015_CRC_Austria/metaphlan4_species_Feng_2015_CRC_Austria_latest.tsv.gz	156	39161	374773	0ae822b624bdc792c2386e271e053dc52f8fe675ed1d0d8dbd46f9bf9163169c	sample_alias,clade_name,rel_abund
CRC	Gao_2021_CRC	metadata_minimized	CRC/Gao_2021_CRC/metadata_all_wide.tsv	126	126	6551	d40db52f08f31ee6148ce8d354d046440a9959c23c03ded9f979dd7e9f302c9e	study_code,sample_alias,subject_disease_status,age_years,sex
CRC	Gao_2021_CRC	metaphlan4_species	CRC/Gao_2021_CRC/metaphlan4_species_Gao_2021_CRC_latest.tsv.gz	126	19622	179414	23cdf384ea5ae276c679078ebd17f997f64bba28f3a05f94811d9bbbfa966643	sample_alias,clade_name,rel_abund
CRC	Liu_2022_CRC_China	metadata_minimized	CRC/Liu_2022_CRC_China/metadata_all_wide.tsv	165	165	9745	0c4ebee89473947ead7dee9b773a56730d75280c249393344a3368b96a93495c	study_code,sample_alias,subject_disease_status,age_years,sex
CRC	Liu_2022_CRC_China	metaphlan4_species	CRC/Liu_2022_CRC_China/metaphlan4_species_Liu_2022_CRC_China_latest.tsv.gz	163	32157	301897	a251b5b805c814ba7d7c0b5001e16e83bd0af9cc68423b99149349751c62bd79	sample_alias,clade_name,rel_abund
CRC	Thomas_2019_CRC_Italy	metadata_minimized	CRC/Thomas_2019_CRC_Italy/metadata_all_wide.tsv	140	140	9379	d5c37e4a1f31c2b0480e1652070d14def31a509da3835bbabd4d40d43aba58ba	study_code,sample_alias,subject_disease_status,age_years,sex
CRC	Thomas_2019_CRC_Italy	metaphlan4_species	CRC/Thomas_2019_CRC_Italy/metaphlan4_species_Thomas_2019_CRC_Italy_latest.tsv.gz	140	29146	279511	563310a8734878c1f402db32dc2150a51bf93972a55288a2c176338ede394e4a	sample_alias,clade_name,rel_abund
CRC	Vogtmann_2016_CRC_USA	metadata_minimized	CRC/Vogtmann_2016_CRC_USA/metadata_all_wide.tsv	104	104	6985	76e8a448b1df64f1d4d8067b77eb47474789d0b98d80ff72c9d53c8852844dc1	study_code,sample_alias,subject_disease_status,age_years,sex
CRC	Vogtmann_2016_CRC_USA	metaphlan4_species	CRC/Vogtmann_2016_CRC_USA/metaphlan4_species_Vogtmann_2016_CRC_USA_latest.tsv.gz	104	29345	282136	b745c51a287036f8f8d3508b7a31119d0997d29caf50a256849db256be3dcf2f	sample_alias,clade_name,rel_abund
CRC	Wirbel_2019_CRC_Germany	metadata_minimized	CRC/Wirbel_2019_CRC_Germany/metadata_all_wide.tsv	120	120	8325	875722fa5908dc470a54e08a5d065c77572f8b90288704ae96bc9c060597225b	study_code,sample_alias,subject_disease_status,age_years,sex
CRC	Wirbel_2019_CRC_Germany	metaphlan4_species	CRC/Wirbel_2019_CRC_Germany/metaphlan4_species_Wirbel_2019_CRC_Germany_latest.tsv.gz	120	33913	324592	682736bac26c306168089e400b9aa8f3c65917bbd9a860fb83cdd4a5c6957d01	sample_alias,clade_name,rel_abund
CRC	Yachida_2019_CRC	metadata_minimized	CRC/Yachida_2019_CRC/metadata_all_wide.tsv	643	643	41608	8eaff58c6cda3431ed466d018753cd397cf8701f9738c9fe69cd253235de7b91	study_code,sample_alias,subject_disease_status,age_years,sex
CRC	Yachida_2019_CRC	metaphlan4_species	CRC/Yachida_2019_CRC/metaphlan4_species_Yachida_2019_CRC_latest.tsv.gz	641	105955	1014008	d3f070d012fed194a556ad1f73d0a6b732e18508a2e571fce545694fd3001476	sample_alias,clade_name,rel_abund
CRC	Yu_2017_CRC_China	metadata_minimized	CRC/Yu_2017_CRC_China/metadata_all_wide.tsv	128	128	8231	f01e210df1eb74745350b33627e60ad527f7890bcdb5098a019bf28ddd7b15c3	study_code,sample_alias,subject_disease_status,age_years,sex
CRC	Yu_2017_CRC_China	metaphlan4_species	CRC/Yu_2017_CRC_China/metaphlan4_species_Yu_2017_CRC_China_latest.tsv.gz	128	27423	260030	aacf4f0cdda4144fd8f93538bb5ba5ddaae7528c04bd2364c289fb34679ec0a6	sample_alias,clade_name,rel_abund
CRC	Zeller_2014_CRC_France	metadata_minimized	CRC/Zeller_2014_CRC_France/metadata_all_wide.tsv	198	198	13567	1e568259700a4b909457f8735b0541c5862c1b4478fbfb049abbd6e1a99ab79b	study_code,sample_alias,subject_disease_status,age_years,sex
CRC	Zeller_2014_CRC_France	metaphlan4_species	CRC/Zeller_2014_CRC_France/metaphlan4_species_Zeller_2014_CRC_France_latest.tsv.gz	179	46406	470557	d62821914705dd576fa0736dc33fab5fb3d58fba3566255b222c7e51a09db18e	sample_alias,clade_name,rel_abund
IBD	Braun_2024_Crohn	metadata_minimized	IBD/Braun_2024_Crohn/metadata_all_wide.tsv	38	38	2351	5ddf3d2d15ad167289780a5c96852c6cae008731acdc7514a8f90c6389b2427d	study_code,sample_alias,subject_disease_status,age_years,sex
IBD	Braun_2024_Crohn	metaphlan4_species	IBD/Braun_2024_Crohn/metaphlan4_species_Braun_2024_Crohn_latest.tsv.gz	38	4056	39561	b5f9d000c612b57cb909aa69612e64061145f85f91d3d223a55675b032628fc6	sample_alias,clade_name,rel_abund
IBD	Bushman_2020_pediatric_Cdiff_IBD	metadata_minimized	IBD/Bushman_2020_pediatric_Cdiff_IBD/metadata_all_wide.tsv	127	127	12015	fc02de3305a16f7435607517297199f6177b1bdbd2a093f0738344ab35e4694a	study_code,sample_alias,subject_disease_status,age_years,sex
IBD	Bushman_2020_pediatric_Cdiff_IBD	metaphlan4_species	IBD/Bushman_2020_pediatric_Cdiff_IBD/metaphlan4_species_Bushman_2020_pediatric_Cdiff_IBD_latest.tsv.gz	127	11656	109001	d56542f651f720c9da262e13c305ed1faa00124c9b3bedea4e134a122d13dc54	sample_alias,clade_name,rel_abund
IBD	Damman_2015_FMT_UC	metadata_minimized	IBD/Damman_2015_FMT_UC/metadata_all_wide.tsv	41	41	2847	5cd87fb83a275f972d28ae1f477cf11f5fa61116b2b5cba1a2cb784b42743f8b	study_code,sample_alias,subject_disease_status,age_years,sex
IBD	Damman_2015_FMT_UC	metaphlan4_species	IBD/Damman_2015_FMT_UC/metaphlan4_species_Damman_2015_FMT_UC_latest.tsv.gz	41	7757	68588	0b850e014becec3e6621bd3d7b5ea310d4b0b0fcbf2213cf5e360f8c627a2f9b	sample_alias,clade_name,rel_abund
IBD	Douglas_2018_child_Crohn	metadata_minimized	IBD/Douglas_2018_child_Crohn/metadata_all_wide.tsv	40	40	2876	07bf03cf8a657917f44b3c0277ac6c1e97c4dc05bec0ba0c1d438d924ef6b5ef	study_code,sample_alias,subject_disease_status,age_years,sex
IBD	Douglas_2018_child_Crohn	metaphlan4_species	IBD/Douglas_2018_child_Crohn/metaphlan4_species_Douglas_2018_child_Crohn_latest.tsv.gz	38	565	6652	a9a3b807e9031ab688c8df1142cf1bb09ee1a6353bdd468a7a578a59f766aaf8	sample_alias,clade_name,rel_abund
IBD	Franzosa_2018_IBD	metadata_minimized	IBD/Franzosa_2018_IBD/metadata_all_wide.tsv	220	220	13477	204495ec4bdae3fecc7f24f226956d881639dd13f909be679dc4f6d9089cd3a0	study_code,sample_alias,subject_disease_status,age_years,sex
IBD	Franzosa_2018_IBD	metaphlan4_species	IBD/Franzosa_2018_IBD/metaphlan4_species_Franzosa_2018_IBD_latest.tsv.gz	220	34921	335909	3a07fa1d1ef3f257d36db39296391e67440874c75df2989c7b3de764bcd5f722	sample_alias,clade_name,rel_abund
IBD	Hall_2017_IBD	metadata_minimized	IBD/Hall_2017_IBD/metadata_all_wide.tsv	262	262	14440	2c16dbfd799b40f317739a8a825756ee8933ba5276caf84ade28caf1adc39277	study_code,sample_alias,subject_disease_status,age_years,sex
IBD	Hall_2017_IBD	metaphlan4_species	IBD/Hall_2017_IBD/metaphlan4_species_Hall_2017_IBD_latest.tsv.gz	257	34939	300190	b0fa89c14a9b7b1cc78962330cffab1338d419690d6a44aa9ed298fe06af71ff	sample_alias,clade_name,rel_abund
IBD	He_2017_Crohn	metadata_minimized	IBD/He_2017_Crohn/metadata_all_wide.tsv	117	117	6816	070c267462db3a6a1e12fd7fc754b9c6eee7a20785cfd9cd70fad0c737bb34a4	study_code,sample_alias,subject_disease_status,age_years,sex
IBD	He_2017_Crohn	metaphlan4_species	IBD/He_2017_Crohn/metaphlan4_species_He_2017_Crohn_latest.tsv.gz	117	16468	155760	1c26df95043cf270c1107632425da7994427c7bc1b1266f8c243d5b4ae24b03f	sample_alias,clade_name,rel_abund
IBD	Kumbhari_2024_IBD	metadata_minimized	IBD/Kumbhari_2024_IBD/metadata_all_wide.tsv	960	960	64573	b904f250a7c1d7aef65ef9914873298ec2e3e6d0fc271cbdffc35008a6d07d47	study_code,sample_alias,subject_disease_status,age_years,sex
IBD	Kumbhari_2024_IBD	metaphlan4_species	IBD/Kumbhari_2024_IBD/metaphlan4_species_Kumbhari_2024_IBD_latest.tsv.gz	939	112250	1084268	51cc77c4f5b1777617ef922bf9a33fca5f1ffe00c80586cc6af84e419638c6a2	sample_alias,clade_name,rel_abund
IBD	Lloyd-Price_2019_HMP2IBD	metadata_minimized	IBD/Lloyd-Price_2019_HMP2IBD/metadata_all_wide.tsv	1316	1316	99711	50ad1eb610627e4810e400588bc389d22811675dadbb813e84f7c57519965c41	study_code,sample_alias,subject_disease_status,age_years,sex
IBD	Lloyd-Price_2019_HMP2IBD	metaphlan4_species	IBD/Lloyd-Price_2019_HMP2IBD/metaphlan4_species_Lloyd-Price_2019_HMP2IBD_latest.tsv.gz	1285	118647	1111204	c3a96302912fa8174802ae376b36e958589133217980a76721441149b95b02a5	sample_alias,clade_name,rel_abund
IBS	Mars_2020_IBS	metadata_minimized	IBS/Mars_2020_IBS/metadata_all_wide.tsv	476	476	31905	2a660e28327c79d7dd0d02bf73f01a649320d56b93e138148c013591e66ef9f9	study_code,sample_alias,subject_disease_status,age_years,sex
IBS	Mars_2020_IBS	metaphlan4_species	IBS/Mars_2020_IBS/metaphlan4_species_Mars_2020_IBS_latest.tsv.gz	474	37245	341075	63913c10f683585ae8c4baf6e41a27de29df8ad8fa2fde131d37434e851efbc9	sample_alias,clade_name,rel_abund
