package_file	original_project_file	role	public_package_change
CRA/download_metalog_cra_from_manifest.py	NA	Manifest-driven CRA acquisition helper	New reproducibility helper; original acquisition manifest retained
CRC/download_metalog_crc_packages.py	CRC/download_metalog_crc_packages.py	CRC Metalog acquisition	Manifest paths made package-relative; acquisition restricted to released metadata and MetaPhlAn 4 species inputs
IBD/download_metalog_ibd_packages.py	IBD/download_metalog_ibd_packages.py	IBD Metalog acquisition	Manifest paths made package-relative; acquisition restricted to released metadata and MetaPhlAn 4 species inputs
IBS/download_metalog_ibs_packages.py	IBS/download_metalog_ibs_packages.py	IBS Metalog acquisition	Manifest paths made package-relative; acquisition restricted to released metadata and MetaPhlAn 4 species inputs
key_species_overlap_v2/run_key_species_overlap_v2.py	key_species_overlap_v2/run_key_species_overlap_v2.py	Arm-level association and disease-level ranking	Inventory paths made package-relative
requested_topjournal_figures/run_lodo_bestk_auc.py	requested_topjournal_figures/run_lodo_bestk_auc.py	Nested LODO prediction and locked-panel analysis	Legacy absolute-path fallback replaced by portable path resolution
requested_topjournal_figures/plot_feature_panel_auc_overlap_story.py	requested_topjournal_figures/plot_feature_panel_auc_overlap_story.py	Base figure plotting functions	None
requested_topjournal_figures/plot_requested_topjournal_figures.py	requested_topjournal_figures/plot_requested_topjournal_figures.py	Integrated prediction and overlap figures	None
species_association_overlap/run_species_association_overlap.py	species_association_overlap/run_species_association_overlap.py	Top-N cross-disease overlap analysis	None
species_association_overlap/make_publication_figures.py	species_association_overlap/make_publication_figures.py	Association-overlap publication figures	None
topjournal_robustness_v1_20260530/scripts/run_topjournal_robustness_v1.py	topjournal_robustness_v1_20260530/scripts/run_topjournal_robustness_v1.py	Robustness and covariate-adjusted sensitivity analyses	Root and fallback paths made package-relative; alternative-profiler branch removed
topjournal_robustness_v1_20260530/crc_cra_merged_overlap/scripts/make_crc_cra_merged_overlap_figure.py	topjournal_robustness_v1_20260530/crc_cra_merged_overlap/scripts/make_crc_cra_merged_overlap_figure.py	CRC/CRA-merged overlap figure and source tables	Paths made package-relative; same-file snapshot guard added
