study_code	species	case_samples	control_samples	detected_samples	detection_fraction	mean_relative_abundance	case_mean_relative_abundance	control_mean_relative_abundance	log2_fold_change	p_value	bh_q_value	rf_top50_selection_frequency	direction_consistency	tested_comparisons	eligible_for_selection	in_figure1_set
Mars_2020_IBS	s__Acidaminococcus_intestini	323	151	36	0.0759493670886076	0.15667624771595	0.2260657697916031	0.0082470197230577	4.776557348980363	0.0745713201270175	0.1659122672682448	0.0	1.0	1	False	False
Mars_2020_IBS	s__Adlercreutzia_equolifaciens	323	151	173	0.3649789029535865	0.14276550710201263	0.117084302008152	0.1976994574069976	-0.7557562266207218	0.9374810996792026	0.94973575457697	0.0	1.0	1	False	False
Mars_2020_IBS	s__Agathobaculum_butyriciproducens	323	151	257	0.5421940928270043	0.2190275937318802	0.1868655979633331	0.2878243625164032	-0.6231850114573938	0.0198546806124075	0.0617049253902784	0.4	1.0	1	True	True
Mars_2020_IBS	s__Akkermansia_muciniphila	323	151	220	0.4641350210970464	1.4176312685012817	1.0736290216445925	2.153477191925049	-1.0041717946830813	0.1420503118605686	0.2642135800606576	1.0	1.0	1	True	True
Mars_2020_IBS	s__Akkermansia_sp_KLE1798	323	151	33	0.06962025316455696	0.14566829800605774	0.0905944928526878	0.263475239276886	-1.5401616803551512	0.099779767258711	0.2112185720500292	0.0	1.0	1	False	False
Mars_2020_IBS	s__Alistipes_SGB2313	323	151	14	0.029535864978902954	0.02675843983888626	0.0104814860969781	0.061576023697853	-2.554411220223552	0.1337816404705732	0.2564892129987941	0.0	1.0	1	False	False
Mars_2020_IBS	s__Alistipes_communis	323	151	100	0.2109704641350211	0.06580251455307007	0.0548013970255851	0.0893347039818763	-0.7049978820750592	0.0017819088711527	0.0098641383938813	0.0	1.0	1	False	False
Mars_2020_IBS	s__Alistipes_finegoldii	323	151	152	0.3206751054852321	0.19301971793174744	0.2304601222276687	0.112931989133358	1.0290564180322634	0.0071890205532013	0.0291937889153803	0.0	1.0	1	False	False
Mars_2020_IBS	s__Alistipes_ihumii	323	151	49	0.10337552742616034	0.026177214458584785	0.0296624135226011	0.0187221188098192	0.6638638533835242	0.5480410588905407	0.6868978231377396	0.0	1.0	1	False	False
Mars_2020_IBS	s__Alistipes_indistinctus	323	151	27	0.056962025316455694	0.006618670653551817	0.0060540558770298	0.007826424203813	-0.3703973598156307	0.8535787385476536	0.9027870596272918	0.0	1.0	1	False	False
Mars_2020_IBS	s__Alistipes_onderdonkii	323	151	248	0.5232067510548524	0.7801303863525391	0.9801034927368164	0.3523731827735901	1.475827341834434	0.4629523316405465	0.6294527316165325	0.8	1.0	1	True	True
Mars_2020_IBS	s__Alistipes_putredinis	323	151	300	0.6329113924050633	0.8138499855995178	0.71307373046875	1.0294177532196045	-0.5297047852651545	0.0002237279944014	0.0018577413820831	0.8	1.0	1	True	True
Mars_2020_IBS	s__Alistipes_senegalensis	323	151	19	0.04008438818565401	0.0032523206900805235	0.0010793498950079	0.0079004634171724	-2.870621240735914	0.0025824566883532	0.0133426928898251	0.0	1.0	1	False	False
Mars_2020_IBS	s__Alistipes_shahii	323	151	210	0.4430379746835443	0.2409035712480545	0.2934926152229309	0.1284117847681045	1.1925402744830207	0.6795635339147056	0.7821708991840052	0.2	1.0	1	True	True
Mars_2020_IBS	s__Alistipes_sp_AF17_16	323	151	22	0.046413502109704644	0.01143044326454401	0.0102166244760155	0.0140268877148628	-0.4572379687387431	0.3606483357815123	0.5262688171085605	0.0	1.0	1	False	False
Mars_2020_IBS	s__Allisonella_histaminiformans	323	151	12	0.02531645569620253	0.0019746623001992702	0.0014387615956366	0.0031209932640194	-1.1166374832322454	0.4718838545314391	0.6362882884645393	0.0	1.0	1	False	False
Mars_2020_IBS	s__Amedibacillus_dolichus	323	151	29	0.06118143459915612	0.02644497901201248	0.0207343343645334	0.0386604666709899	-0.8988050576296746	0.7095104294727854	0.8046886578166956	0.0	1.0	1	False	False
Mars_2020_IBS	s__Anaerobutyricum_hallii	323	151	320	0.6751054852320675	0.7707229852676392	0.8198398351669312	0.6656585335731506	0.3005593830996749	0.4283257667169828	0.5927722664386816	0.4	1.0	1	True	True
Mars_2020_IBS	s__Anaerobutyricum_soehngenii	323	151	228	0.4810126582278481	0.3440539240837097	0.4129710495471954	0.1966351568698883	1.070515517055277	0.0102026508706818	0.0373561626367486	0.2	1.0	1	True	True
Mars_2020_IBS	s__Anaeromassilibacillus_senegalensis	323	151	37	0.07805907172995781	0.011153902858495712	0.013220464810729	0.0067333779297769	0.9732654305473092	0.9777818359159028	0.9820055155526888	0.0	1.0	1	False	False
Mars_2020_IBS	s__Anaerostipes_caccae	323	151	14	0.029535864978902954	0.010003944858908653	0.0023425386752933	0.026392251253128	-3.493408571180562	0.1251010634416152	0.2464915021201316	0.0	1.0	1	False	False
Mars_2020_IBS	s__Anaerostipes_hadrus	323	151	417	0.879746835443038	2.651304006576538	2.852442502975464	2.221054553985596	0.360952833368087	0.8031794617557372	0.8696238470923326	0.4	1.0	1	True	True
Mars_2020_IBS	s__Anaerotignum_faecicola	323	151	38	0.08016877637130802	0.011987235397100449	0.0142090404406189	0.0072346357628703	0.9737189697959469	0.4131021116721548	0.5785918130347952	0.0	1.0	1	False	False
Mars_2020_IBS	s__Anaerotignum_lactatifermentans	323	151	23	0.04852320675105485	0.033486537635326385	0.0267002787441015	0.0480028502643108	-0.8462412899956023	0.9214679111254336	0.9392513052325712	0.0	1.0	1	False	False
Mars_2020_IBS	s__Anaerotruncus_massiliensis	323	151	13	0.027426160337552744	0.005044725723564625	0.0068350466899573	0.0012150993570685	2.4909011467448336	0.1945045520793232	0.3300898420324282	0.0	1.0	1	False	False
Mars_2020_IBS	s__Bacteroidales_bacterium	323	151	32	0.06751054852320675	0.013786224648356438	0.0120311761274933	0.0175403971225023	-0.543866068412226	0.1340362984058214	0.2564892129987941	0.0	1.0	1	False	False
Mars_2020_IBS	s__Bacteroides_caccae	323	151	211	0.4451476793248945	0.5060887932777405	0.5987181067466736	0.307947963476181	0.9591880390615884	0.7203163340170886	0.8110099160240828	0.4	1.0	1	True	True
Mars_2020_IBS	s__Bacteroides_cellulosilyticus	323	151	86	0.18143459915611815	0.20741130411624908	0.181349828839302	0.2631586790084839	-0.5371551191406461	0.4025729140314321	0.5672618334079271	0.0	1.0	1	False	False
Mars_2020_IBS	s__Bacteroides_clarus	323	151	19	0.04008438818565401	0.01668223738670349	0.024481052532792	0.0	14.57943689569876	0.0023910124570227	0.0126343271876768	0.0	1.0	1	False	False
Mars_2020_IBS	s__Bacteroides_cutis	323	151	21	0.04430379746835443	0.07438129931688309	0.0508052296936512	0.1248122453689575	-1.2966937317859184	0.8542501209376524	0.9027870596272918	0.0	1.0	1	False	False
Mars_2020_IBS	s__Bacteroides_eggerthii	323	151	140	0.29535864978902954	0.8721514344215393	0.9076179265975952	0.7962861657142639	0.188797888936369	0.0077231378812153	0.0309591302996994	0.6	1.0	1	True	True
Mars_2020_IBS	s__Bacteroides_faecis	323	151	45	0.0949367088607595	0.0781516283750534	0.0398681759834289	0.160042718052864	-2.005120357011407	0.3068889758368687	0.4663508946540652	0.0	1.0	1	False	False
Mars_2020_IBS	s__Bacteroides_finegoldii	323	151	71	0.14978902953586498	0.08306590467691422	0.08392383903265	0.0812307223677635	0.0470546304719212	0.309302307881289	0.4684872090058611	0.2	1.0	1	True	True
Mars_2020_IBS	s__Bacteroides_fragilis	323	151	92	0.1940928270042194	0.23662064969539642	0.3153156340122223	0.0682862922549247	2.2071122449964946	0.0046178092481157	0.0204502980987983	0.2	1.0	1	True	True
Mars_2020_IBS	s__Bacteroides_intestinalis	323	151	76	0.16033755274261605	0.26407817006111145	0.2152604907751083	0.3685027956962585	-0.7755892280540636	0.286731793687349	0.4504401488669503	0.0	1.0	1	False	False
Mars_2020_IBS	s__Bacteroides_nordii	323	151	42	0.08860759493670886	0.02473805844783783	0.0297400616109371	0.0140384109690785	1.0829737376126856	0.1318565058917668	0.2546603860350347	0.0	1.0	1	False	False
Mars_2020_IBS	s__Bacteroides_ovatus	323	151	254	0.5358649789029536	0.5642445683479309	0.4307677149772644	0.8497612476348877	-0.9801457740304912	0.0743145759985384	0.1659122672682448	0.6	1.0	1	True	True
Mars_2020_IBS	s__Bacteroides_salyersiae	323	151	27	0.056962025316455694	0.03220809996128082	0.0444150753319263	0.0060964901931583	2.8647944821243487	0.2412655707614012	0.3921777039491139	0.0	1.0	1	False	False
Mars_2020_IBS	s__Bacteroides_stercoris	323	151	203	0.4282700421940928	1.1283550262451172	1.288596272468567	0.7855871319770813	0.7139564062968448	0.6508773420659685	0.7623626298757565	0.2	1.0	1	True	True
Mars_2020_IBS	s__Bacteroides_thetaiotaomicron	323	151	225	0.47468354430379744	0.27978193759918213	0.3292255997657776	0.1740183383226394	0.919833264606208	0.0123382699110331	0.0431375602152663	0.4	1.0	1	True	True
Mars_2020_IBS	s__Bacteroides_uniformis	323	151	403	0.8502109704641351	2.24519944190979	2.283378839492798	2.1635303497314453	0.0777828457058465	0.6112807510463727	0.7288347416322136	0.6	1.0	1	True	True
Mars_2020_IBS	s__Bacteroides_xylanisolvens	323	151	235	0.4957805907172996	0.44030869007110596	0.4545828402042389	0.4097751080989837	0.1497105285512157	0.3610317261454426	0.5262688171085605	0.2	1.0	1	True	True
Mars_2020_IBS	s__Barnesiella_intestinihominis	323	151	95	0.20042194092827004	0.12912017107009888	0.0956310257315635	0.2007558792829513	-1.0698836838668884	0.0001555666491508	0.0013648772048138	0.2	1.0	1	True	True
Mars_2020_IBS	s__Bianquea_renquensis	323	151	11	0.023206751054852322	0.0008954218355938792	0.0006452321540564	0.001430595992133	-1.147499969407865	0.7467922406296799	0.832437125906658	0.0	1.0	1	False	False
Mars_2020_IBS	s__Bifidobacterium_adolescentis	323	151	177	0.37341772151898733	1.255144715309143	1.0888513326644895	1.6108582019805908	-0.5650220872622487	1.171357926006378e-07	5.550013152870047e-06	1.0	1.0	1	True	True
Mars_2020_IBS	s__Bifidobacterium_animalis	323	151	22	0.046413502109704644	0.13152667880058289	0.1797630488872528	0.0283455625176429	2.664858823693369	0.1577565352686653	0.2832308451734724	0.0	1.0	1	False	False
Mars_2020_IBS	s__Bifidobacterium_bifidum	323	151	74	0.15611814345991562	0.8499578237533569	1.0661777257919312	0.387447714805603	1.4603720366091384	0.5700690321753804	0.7012753967236822	0.0	1.0	1	False	False
Mars_2020_IBS	s__Bifidobacterium_catenulatum	323	151	32	0.06751054852320675	0.05292398855090141	0.0772474035620689	0.0008944370783865	6.430769249144502	0.0039652350092611	0.0182526078116857	0.2	1.0	1	True	True
Mars_2020_IBS	s__Bifidobacterium_longum	323	151	289	0.609704641350211	1.5429999828338623	1.5055984258651731	1.6230047941207886	-0.10833016727569	0.6327115665372786	0.7448376669362899	1.0	1.0	1	True	True
Mars_2020_IBS	s__Bifidobacterium_pseudocatenulatum	323	151	110	0.2320675105485232	0.30046120285987854	0.2818785607814789	0.340210884809494	-0.2713546691335018	0.7625666534698214	0.8407022882060565	0.0	1.0	1	False	False
Mars_2020_IBS	s__Bilophila_wadsworthia	323	151	117	0.2468354430379747	0.03950871527194977	0.0376629121601581	0.0434570200741291	-0.2064395867078772	0.1849554142087791	0.3197184669408264	0.0	1.0	1	False	False
Mars_2020_IBS	s__Blautia_SGB4793	323	151	25	0.052742616033755275	0.09588281065225601	0.1407072693109512	0.0	17.102347591521088	0.000454543164876	0.0034090737365704	0.0	1.0	1	False	False
Mars_2020_IBS	s__Blautia_SGB4815	323	151	105	0.22151898734177214	0.04469231888651848	0.0345904640853405	0.0663009285926818	-0.9386347589706612	0.0646283197924909	0.1520992176691905	0.0	1.0	1	False	False
Mars_2020_IBS	s__Blautia_argi	323	151	30	0.06329113924050633	0.028754936531186104	0.0350733138620853	0.0152394697070121	1.202507514563362	0.0698671072725562	0.1614748875722437	0.0	1.0	1	False	False
Mars_2020_IBS	s__Blautia_caecimuris	323	151	165	0.34810126582278483	0.35392850637435913	0.4295102655887604	0.1922536492347717	1.1596774852419145	1.1935512156709778e-07	5.550013152870047e-06	1.0	1.0	1	True	True
Mars_2020_IBS	s__Blautia_faecicola	323	151	15	0.03164556962025317	0.07080074399709702	0.1038995310664177	0.0	16.664843502739853	0.0072199693016532	0.0291937889153803	0.0	1.0	1	False	False
Mars_2020_IBS	s__Blautia_faecis	323	151	419	0.8839662447257384	0.9341915845870972	1.039583444595337	0.7087506651878357	0.5526548271617271	0.0136282962458679	0.0462566259440043	1.0	1.0	1	True	True
Mars_2020_IBS	s__Blautia_glucerasea	323	151	216	0.45569620253164556	0.37623459100723267	0.3934693336486816	0.3393681645393371	0.213399379481507	0.0101432083304124	0.0373561626367486	0.2	1.0	1	True	True
Mars_2020_IBS	s__Blautia_hansenii	323	151	55	0.1160337552742616	0.08157555013895035	0.0950624123215675	0.0527261570096015	0.8503439781348797	0.8582579977281819	0.9049659159718924	0.0	1.0	1	False	False
Mars_2020_IBS	s__Blautia_hydrogenotrophica	323	151	87	0.18354430379746836	0.04522375762462616	0.0617716982960701	0.0098264906555414	2.652074358518349	3.01093869519535e-05	0.0004117901450781	1.0	1.0	1	True	True
Mars_2020_IBS	s__Blautia_luti	323	151	45	0.0949367088607595	0.02286628820002079	0.0190300624817609	0.031072249636054	-0.7073170183710086	0.0480383366720002	0.1200958416800005	0.0	1.0	1	False	False
Mars_2020_IBS	s__Blautia_massiliensis	323	151	405	0.8544303797468354	1.3996907472610474	1.4713780879974363	1.246346116065979	0.2394630676762335	0.3558164326855259	0.524164695111149	1.0	1.0	1	True	True
Mars_2020_IBS	s__Blautia_obeum	323	151	368	0.7763713080168776	0.9635156989097595	1.0005035400390625	0.884395956993103	0.1779617475544501	0.4981257746877058	0.6506418124432112	0.0	1.0	1	False	False
Mars_2020_IBS	s__Blautia_producta	323	151	28	0.05907172995780591	0.007807130925357342	0.0104403095319867	0.0021745697595179	2.2628374810455085	0.0395720282944057	0.1033763660499924	0.0	1.0	1	False	False
Mars_2020_IBS	s__Blautia_schinkii	323	151	21	0.04430379746835443	0.006555316504091024	0.0058122603222727	0.0081447688862681	-0.4867033674171261	0.1116756664895436	0.2277595829720956	0.0	1.0	1	False	False
Mars_2020_IBS	s__Blautia_sp_MCC283	323	151	59	0.12447257383966245	0.1002439484000206	0.074335291981697	0.1556644290685653	-1.0663099482260583	0.4924070275781385	0.6489105771421605	0.0	1.0	1	False	False
Mars_2020_IBS	s__Blautia_sp_OF03_15BH	323	151	18	0.0379746835443038	0.0042010340839624405	0.0057292571291327	0.0009320530225522	2.618568904836927	0.6844267718882224	0.7858233306864776	0.0	1.0	1	False	False
Mars_2020_IBS	s__Blautia_stercoris	323	151	63	0.13291139240506328	0.0712658166885376	0.0897592604160308	0.0317070186138153	1.5012291331322964	0.173784052889106	0.3076243726037905	0.0	1.0	1	False	False
Mars_2020_IBS	s__Blautia_wexlerae	323	151	453	0.9556962025316456	4.948155879974365	4.972466468811035	4.896153450012207	0.0223128637946902	0.9346070747956804	0.948891462401728	1.0	1.0	1	True	True
Mars_2020_IBS	s__Brotolimicola_acetigignens	323	151	230	0.48523206751054854	0.34548109769821167	0.2750364243984222	0.4961674213409424	-0.8512019779657578	0.0002641937002425	0.0021403764980843	0.6	1.0	1	True	True
Mars_2020_IBS	s__Butyricimonas_faecihominis	323	151	18	0.0379746835443038	0.0033220252953469753	0.0044046747498214	0.0010061590000987	2.129071532144496	0.9419576075579296	0.950953608998546	0.0	1.0	1	False	False
Mars_2020_IBS	s__Butyricimonas_paravirosa	323	151	10	0.02109704641350211	0.0005997257540002465	0.0001481114595662	0.0015657616313546	-3.393322661971856	0.0009460574402105	0.0061099543013595	0.0	1.0	1	False	False
Mars_2020_IBS	s__Butyricimonas_virosa	323	151	41	0.08649789029535865	0.011600526981055737	0.0116508053615689	0.0114929806441068	0.0196749824020006	0.4896544421583286	0.6489105771421605	0.0	1.0	1	False	False
Mars_2020_IBS	s__Candidatus_Cibionibacter_quicibialis	323	151	307	0.6476793248945147	1.725691795349121	1.7160485982894895	1.74631929397583	-0.0252269379929325	0.0577818951348867	0.1414135854616966	0.2	1.0	1	True	True
Mars_2020_IBS	s__Candidatus_Gastranaerophilales_bacterium	323	151	12	0.02531645569620253	0.013797552324831486	0.0078801549971103	0.0264552980661392	-1.7471322248715582	0.6208829411520722	0.7372794883730912	0.0	1.0	1	False	False
Mars_2020_IBS	s__Candidatus_Methanomassiliicoccus_intestinalis	323	151	11	0.023206751054852322	0.005990168545395136	0.0082082971930503	0.0012454304378479	2.719456347008048	0.3164736084421033	0.4777929478103183	0.0	1.0	1	False	False
Mars_2020_IBS	s__Catenibacterium_tridentinum	323	151	32	0.06751054852320675	0.11084064841270447	0.0838917568325996	0.1684862971305847	-1.0060216643312203	0.1165251048939911	0.2335524731711461	0.0	1.0	1	False	False
Mars_2020_IBS	s__Clostridia_bacterium	323	151	79	0.16666666666666666	0.0768173485994339	0.0884258151054382	0.0519859567284584	0.7663342243429353	0.2679880813883443	0.4253053168791129	0.0	1.0	1	False	False
Mars_2020_IBS	s__Clostridia_bacterium_UC5_1_1D1	323	151	18	0.0379746835443038	0.002712046494707465	0.0031740244012326	0.0017238411819562	0.8803041504636806	0.7020740387801232	0.7982015355324139	0.0	1.0	1	False	False
Mars_2020_IBS	s__Clostridia_bacterium_UC5_1_1E11	323	151	26	0.05485232067510549	0.009867256507277489	0.0142564075067639	0.0004785430501215	4.893907526770282	0.001592516850676	0.0091422263649921	0.0	1.0	1	False	False
Mars_2020_IBS	s__Clostridiaceae_bacterium	323	151	288	0.6075949367088608	0.301422655582428	0.3115760385990143	0.2797039151191711	0.1556833133319003	0.1816374540114624	0.3163348918177155	0.0	1.0	1	False	False
Mars_2020_IBS	s__Clostridiaceae_bacterium_AF18_31LB	323	151	98	0.20675105485232068	0.022681627422571182	0.0201287940144538	0.0281423162668943	-0.4834599290961075	0.0042071397327215	0.0188107689972644	0.0	1.0	1	False	False
Mars_2020_IBS	s__Clostridiaceae_bacterium_Marseille_Q3526	323	151	76	0.16033755274261605	0.07344799488782883	0.0600025355815887	0.1022088080644607	-0.7684142279974753	0.6380637479583573	0.7492415222238286	0.0	1.0	1	False	False
Mars_2020_IBS	s__Clostridiaceae_bacterium_Marseille_Q4143	323	151	62	0.1308016877637131	0.008051539771258831	0.0049187615513801	0.0147527810186147	-1.5844244293557568	2.892504666229149e-05	0.0004075802029686	0.0	1.0	1	False	False
Mars_2020_IBS	s__Clostridiaceae_bacterium_Marseille_Q4149	323	151	129	0.2721518987341772	0.5381104350090027	0.6196812391281128	0.3636245727539062	0.7690749557036376	0.9129944614465688	0.9331353057916872	0.0	1.0	1	False	False
Mars_2020_IBS	s__Clostridiaceae_unclassified_SGB15090	323	151	27	0.056962025316455694	0.07935356348752975	0.0859791934490203	0.0651808604598045	0.3995338253486845	0.5062082614685293	0.6575051440862182	0.0	1.0	1	False	False
Mars_2020_IBS	s__Clostridiales_bacterium	323	151	154	0.32489451476793246	0.11973419785499573	0.1331389248371124	0.091060534119606	0.548029589057123	0.0035278060871377	0.0169116477373098	0.0	1.0	1	False	False
Mars_2020_IBS	s__Clostridiales_bacterium_KLE1615	323	151	212	0.4472573839662447	0.2025018334388733	0.1717612445354461	0.2682582139968872	-0.6432147754832419	0.000763245778629	0.0051436128559786	0.2	1.0	1	True	True
Mars_2020_IBS	s__Clostridium_SGB4750	323	151	93	0.1962025316455696	0.05457841977477074	0.0618064738810062	0.0391170866787433	0.6599454944435905	0.5617237289728556	0.6965374239263409	0.0	1.0	1	False	False
Mars_2020_IBS	s__Clostridium_SGB48024	323	151	11	0.023206751054852322	0.00696217268705368	0.0091015174984931	0.0023859601933509	1.931091101870089	0.3258960725472545	0.4888441088208817	0.0	1.0	1	False	False
Mars_2020_IBS	s__Clostridium_SGB6173	323	151	17	0.035864978902953586	0.003941540140658617	0.0041665327735245	0.0034602652303874	0.2678940478199828	0.7629599260708728	0.8407022882060565	0.0	1.0	1	False	False
Mars_2020_IBS	s__Clostridium_fessum	323	151	193	0.40717299578059074	0.10499308258295059	0.0985433757305145	0.1187894716858863	-0.2695736815080971	0.0114265097847052	0.0403472587445878	0.0	1.0	1	False	False
Mars_2020_IBS	s__Clostridium_innocuum	323	151	32	0.06751054852320675	0.016071222722530365	0.0220602769404649	0.0032601987477391	2.7580420274774564	0.0050348450630737	0.0217497448743735	0.0	1.0	1	False	False
Mars_2020_IBS	s__Clostridium_leptum	323	151	199	0.41983122362869196	0.22780120372772217	0.2531439960002899	0.1735911220312118	0.5442624895167756	0.0132018761392085	0.045812480632328	0.2	1.0	1	True	True
Mars_2020_IBS	s__Clostridium_scindens	323	151	93	0.1962025316455696	0.04281175136566162	0.0507148280739784	0.0259064901620149	0.9690668146413184	0.5218532087914023	0.6720083845883418	0.0	1.0	1	False	False
Mars_2020_IBS	s__Clostridium_sp_1001270J_160509_D11	323	151	21	0.04430379746835443	0.0048108226619660854	0.003111052326858	0.0084467539563775	-1.4407014979609103	0.0027021624616725	0.0137391856008749	0.0	1.0	1	False	False
Mars_2020_IBS	s__Clostridium_sp_AF12_28	323	151	13	0.027426160337552744	0.0030709283892065287	0.0034357896074652	0.002290463540703	0.5847922045788165	0.6037975248930176	0.7271625025105595	0.0	1.0	1	False	False
Mars_2020_IBS	s__Clostridium_sp_AF20_17LB	323	151	29	0.06118143459915612	0.011121328920125961	0.0133439321070909	0.0063670198433101	1.067375229160351	0.1879081744751864	0.322425465427903	0.0	1.0	1	False	False
Mars_2020_IBS	s__Clostridium_sp_AF27_2AA	323	151	29	0.06118143459915612	0.009388692677021027	0.0128442095592617	0.0019970862194895	2.684539683468644	0.0097358757843401	0.0362174579177454	0.0	1.0	1	False	False
Mars_2020_IBS	s__Clostridium_sp_AF36_4	323	151	146	0.3080168776371308	0.10862293094396591	0.1039829775691032	0.118548147380352	-0.1891240398246764	0.0088906704911378	0.0336110713689358	0.0	1.0	1	False	False
Mars_2020_IBS	s__Clostridium_sp_AM22_11AC	323	151	111	0.23417721518987342	0.10409679263830185	0.13747438788414	0.032699666917324	2.071781392803102	0.38440180923694	0.5516877817752379	0.2	1.0	1	True	True
Mars_2020_IBS	s__Clostridium_sp_AM29_11AC	323	151	12	0.02531645569620253	0.009095316752791405	0.0133473072201013	0.0	13.70436917614307	0.0166216410717446	0.0533038834369741	0.0	1.0	1	False	False
Mars_2020_IBS	s__Clostridium_sp_AM33_3	323	151	19	0.04008438818565401	0.001846265746280551	0.0016145200934261	0.0023419866338372	-0.5363500294168341	0.6247056310085978	0.7372794883730912	0.0	1.0	1	False	False
Mars_2020_IBS	s__Clostridium_sp_AM49_4BH	323	151	113	0.23839662447257384	0.09105493873357773	0.0783279836177825	0.1182788088917732	-0.5945856741017839	0.139504298660431	0.2634331395296541	0.0	1.0	1	False	False
Mars_2020_IBS	s__Clostridium_sp_AT4	323	151	111	0.23417721518987342	0.14779429137706757	0.1627798527479171	0.1157391518354415	0.4920415693692964	0.1506939121282382	0.2741796271002303	0.0	1.0	1	False	False
Mars_2020_IBS	s__Clostridium_sp_Marseille_P3244	323	151	21	0.04430379746835443	0.0011032067704945803	0.0014479566598311	0.0003657615743577	1.9821000419870507	0.3954045401628294	0.56194718329603	0.0	1.0	1	False	False
Mars_2020_IBS	s__Clostridium_spiroforme	323	151	50	0.10548523206751055	0.00776537973433733	0.0096053872257471	0.0038294706027954	1.326472314395936	0.2892905890896293	0.4514098118344887	0.0	1.0	1	False	False
Mars_2020_IBS	s__Clostridium_symbiosum	323	151	38	0.08016877637130802	0.0117936497554183	0.0155172143131494	0.0038286754861474	2.018668502301827	0.0588816361660082	0.1426039625895511	0.0	1.0	1	False	False
Mars_2020_IBS	s__Colidextribacter_sp_210702_DFI_3_9	323	151	13	0.027426160337552744	0.0022643671836704016	0.000675356015563	0.0056633776985108	-3.066062719666597	0.0003985352632472	0.0030508246123391	0.0	1.0	1	False	False
Mars_2020_IBS	s__Collinsella_aerofaciens	323	151	268	0.5654008438818565	1.4322649240493774	1.5017303228378296	1.2836731672286987	0.2263476688870873	0.1746512567040875	0.3076243726037905	1.0	1.0	1	True	True
Mars_2020_IBS	s__Collinsella_intestinalis	323	151	31	0.06540084388185655	0.09140976518392563	0.1143805235624313	0.0422736406326293	1.4359896317180014	0.2472252135026321	0.3977845130751694	0.0	1.0	1	False	False
Mars_2020_IBS	s__Collinsella_sp_AF08_23	323	151	10	0.02109704641350211	0.017007173970341682	0.0249578934162855	0.0	14.60726635148089	0.0291526569148833	0.0802129317480516	0.0	1.0	1	False	False
Mars_2020_IBS	s__Collinsella_stercoris	323	151	25	0.052742616033755275	0.0895012617111206	0.1298014670610427	0.003296225098893	5.298921611632207	0.071784216720486	0.1636257881128726	0.0	1.0	1	False	False
Mars_2020_IBS	s__Collinsella_tanakaei	323	151	29	0.06118143459915612	0.04271059110760689	0.0490893125534057	0.0290660262107849	0.7560548724521516	0.09283225713025	0.2007767421654246	0.0	1.0	1	False	False
Mars_2020_IBS	s__Coprobacillus_cateniformis	323	151	15	0.03164556962025317	0.009146581403911114	0.0116304336115717	0.0038334436248987	1.600939760590191	0.5048458680397871	0.6575051440862182	0.0	1.0	1	False	False
Mars_2020_IBS	s__Coprobacter_fastidiosus	323	151	42	0.08860759493670886	0.0276862233877182	0.0271724127233028	0.0287853013724088	-0.0831866693778457	0.3790169426381451	0.5490432346627335	0.0	1.0	1	False	False
Mars_2020_IBS	s__Coprococcus_SGB106014	323	151	25	0.052742616033755275	0.013827341608703136	0.0201186388731002	0.0003698013315442	5.761814175575156	0.0020267861927049	0.0109587858093929	0.0	1.0	1	False	False
Mars_2020_IBS	s__Coprococcus_catus	323	151	184	0.3881856540084388	0.08998386561870575	0.0867383629083633	0.0969262272119522	-0.1602151340794832	0.0147162918060374	0.0495875049986043	0.0	1.0	1	False	False
Mars_2020_IBS	s__Coprococcus_comes	323	151	272	0.5738396624472574	0.4550990164279938	0.4590761065483093	0.4465916752815246	0.0397768996944354	0.4761128243629881	0.6380186263077506	0.0	1.0	1	False	False
Mars_2020_IBS	s__Coprococcus_eutactus	323	151	162	0.34177215189873417	1.1322611570358276	0.7291991710662842	1.9944403171539309	-1.4515978704066863	5.409920665701444e-06	0.000100624524382	0.8	1.0	1	True	True
Mars_2020_IBS	s__Cuneatibacter_sp_NSJ_177	323	151	20	0.04219409282700422	0.0023631646763533354	0.0023501855321228	0.0023909269366413	-0.0247849353196317	0.2019761556798017	0.3415233177858466	0.0	1.0	1	False	False
Mars_2020_IBS	s__Desulfovibrio_piger	323	151	61	0.12869198312236288	0.04157540202140808	0.0449121370911598	0.0344378799200058	0.3830992732385694	0.7188779684502158	0.8110099160240828	0.0	1.0	1	False	False
Mars_2020_IBS	s__Dialister_hominis	323	151	17	0.035864978902953586	0.0568988174200058	0.0160230975598096	0.1443349719047546	-3.1711158830457538	0.3596885326862586	0.5262688171085605	0.0	1.0	1	False	False
Mars_2020_IBS	s__Dialister_invisus	323	151	175	0.3691983122362869	0.6608472466468811	0.647011399269104	0.6904430985450745	-0.0937312520223358	0.6049788451223403	0.7271625025105595	0.2	1.0	1	True	True
Mars_2020_IBS	s__Dorea_formicigenerans	323	151	316	0.6666666666666666	0.315800279378891	0.3332950174808502	0.2783777415752411	0.2597550351198472	0.4174869672243368	0.5812318555668162	0.2	1.0	1	True	True
Mars_2020_IBS	s__Dorea_longicatena	323	151	358	0.7552742616033755	1.2624467611312866	1.2680730819702148	1.250411868095398	0.0202345010023529	0.002772791607456	0.01386395803728	1.0	1.0	1	True	True
Mars_2020_IBS	s__Dorea_phocaeensis	323	151	54	0.11392405063291139	0.09190566092729568	0.134200170636177	0.0014345694798976	6.546630288988358	2.7592916705329843e-05	0.0004009595708743	0.2	1.0	1	True	True
Mars_2020_IBS	s__Dorea_sp_AF36_15AT	323	151	135	0.2848101265822785	0.08706613630056381	0.1111243963241577	0.0356037765741348	1.642045859714202	0.0024654612201429	0.0128813423299604	0.8	1.0	1	True	True
Mars_2020_IBS	s__Dysosmobacter_welbionis	323	151	227	0.47890295358649787	0.1872859001159668	0.2002201080322265	0.1596186161041259	0.3269561170008099	0.3622256410760747	0.526359134688671	0.0	1.0	1	False	False
Mars_2020_IBS	s__Eggerthella_lenta	323	151	196	0.41350210970464135	0.1878112554550171	0.1932138055562973	0.176254853606224	0.132534477008347	0.0133840391255293	0.0460374345417599	0.2	1.0	1	True	True
Mars_2020_IBS	s__Eisenbergiella_massiliensis	323	151	52	0.10970464135021098	0.030236393213272095	0.0365477390587329	0.0167359616607427	1.1267839812210172	0.1476243266441463	0.2724020313076509	0.0	1.0	1	False	False
Mars_2020_IBS	s__Eisenbergiella_tayi	323	151	30	0.06329113924050633	0.02786586433649063	0.0351178646087646	0.0123533112928271	1.5072316153703065	0.0647648281688166	0.1520992176691905	0.0	1.0	1	False	False
Mars_2020_IBS	s__Ellagibacter_isourolithinifaciens	323	151	15	0.03164556962025317	0.011216919869184494	0.0061665629036724	0.022019999101758	-1.8361074961295596	0.6883611932014754	0.7864568914955432	0.0	1.0	1	False	False
Mars_2020_IBS	s__Emergencia_timonensis	323	151	10	0.02109704641350211	0.002609831281006336	0.0035182971041649	0.0006665562978014	2.3983258981145013	0.4157166147002937	0.5805051826895994	0.0	1.0	1	False	False
Mars_2020_IBS	s__Enterocloster_aldenensis	323	151	20	0.04219409282700422	0.004511687438935041	0.0025630961172282	0.008679867722094	-1.7593889152077464	0.5258494078726541	0.6720083845883418	0.0	1.0	1	False	False
Mars_2020_IBS	s__Enterocloster_bolteae	323	151	92	0.1940928270042194	0.04118139296770096	0.0512121692299842	0.0197248347103595	1.3764284902754589	0.0050983272931327	0.0217497448743735	0.0	1.0	1	False	False
Mars_2020_IBS	s__Enterocloster_clostridioformis	323	151	33	0.06962025316455696	0.023865466937422752	0.0269985757768154	0.0171635095030069	0.653508108420034	0.0945199626544436	0.2034804751588717	0.0	1.0	1	False	False
Mars_2020_IBS	s__Enterocloster_hominis	323	151	176	0.37130801687763715	0.11905746906995773	0.1132689416408538	0.1314395368099212	-0.2146452124031314	0.1706061849235352	0.3051225999593994	0.0	1.0	1	False	False
Mars_2020_IBS	s__Enterocloster_lavalensis	323	151	15	0.03164556962025317	0.001569641288369894	0.0012964085908606	0.0021541060414165	-0.7321259616413944	0.883020104317865	0.920637552708088	0.0	1.0	1	False	False
Mars_2020_IBS	s__Erysipelatoclostridium_ramosum	323	151	69	0.14556962025316456	0.05652318894863129	0.0550854206085205	0.0595986768603324	-0.113607785777191	0.6616303109771227	0.7653186432944329	0.0	1.0	1	False	False
Mars_2020_IBS	s__Escherichia_coli	323	151	62	0.1308016877637131	0.14026989042758942	0.2028418183326721	0.0064239739440381	4.980527810896427	5.195477830231071e-05	0.0006194608182198	0.0	1.0	1	False	False
Mars_2020_IBS	s__Eubacteriaceae_bacterium	323	151	72	0.1518987341772152	0.019002636894583702	0.0198734384030103	0.0171399340033531	0.2134683708492276	0.0347435639879345	0.0917940753090315	0.0	1.0	1	False	False
Mars_2020_IBS	s__Eubacterium_callanderi	323	151	16	0.03375527426160337	0.005049577914178371	0.0058426936157047	0.0033530462533235	0.8009779555165137	0.5383285834432396	0.6816180774871793	0.0	1.0	1	False	False
Mars_2020_IBS	s__Eubacterium_ramulus	323	151	223	0.4704641350210971	0.27752095460891724	0.245644986629486	0.3457060158252716	-0.4929692136546832	0.0010715166664189	0.0066434033317976	1.0	1.0	1	True	True
Mars_2020_IBS	s__Eubacterium_rectale	323	151	422	0.890295358649789	6.188085079193115	6.367831707000732	5.803596019744873	0.1338550870185683	0.8607938190999673	0.905586257650418	1.0	1.0	1	True	True
Mars_2020_IBS	s__Eubacterium_siraeum	323	151	169	0.35654008438818563	0.4361565113067627	0.3370367288589477	0.6481810212135315	-0.9434889054260528	0.0014744844162588	0.0086789272602576	0.0	1.0	1	False	False
Mars_2020_IBS	s__Eubacterium_sp_AF16_48	323	151	30	0.06329113924050633	0.017489472404122353	0.0198578331619501	0.0124233774840831	0.6766072892260971	0.0734942322144725	0.1659122672682448	0.0	1.0	1	False	False
Mars_2020_IBS	s__Eubacterium_sp_AF34_35BH	323	151	49	0.10337552742616034	0.04008502513170242	0.0358000621199607	0.0492508634924888	-0.4601759224262534	0.0387957158880369	0.1019209485194191	0.0	1.0	1	False	False
Mars_2020_IBS	s__Eubacterium_ventriosum	323	151	142	0.29957805907172996	0.20918606221675873	0.237647607922554	0.1483047008514404	0.68025589490668	0.3360167807590914	0.5007942405544151	0.4	1.0	1	True	True
Mars_2020_IBS	s__Evtepia_gabavorous	323	151	245	0.5168776371308017	0.258057177066803	0.3091365098953247	0.1487948447465896	1.054914478971677	0.000864249047797	0.0057410829603659	0.8	1.0	1	True	True
Mars_2020_IBS	s__Faecalibacillus_faecis	323	151	25	0.052742616033755275	0.026551920920610428	0.0310026314109563	0.0170315243303775	0.8641449385931471	0.3875827024795441	0.5545414050861169	0.0	1.0	1	False	False
Mars_2020_IBS	s__Faecalibacillus_intestinalis	323	151	190	0.4008438818565401	0.2801133096218109	0.3143371343612671	0.2069060355424881	0.6033346027116631	0.7833310133372626	0.8550444159667303	0.0	1.0	1	False	False
Mars_2020_IBS	s__Faecalibacterium_SGB15346	323	151	150	0.31645569620253167	0.24904876947402954	0.180394560098648	0.3959051668643951	-1.1339947084255988	1.3197811612512338e-07	5.5790749089256695e-06	0.6	1.0	1	True	True
Mars_2020_IBS	s__Faecalibacterium_prausnitzii	323	151	424	0.8945147679324894	4.842118263244629	4.613797664642334	5.330511569976807	-0.2083192163667572	0.0268514865883062	0.0752165136359181	1.0	1.0	1	True	True
Mars_2020_IBS	s__Faecalibacterium_sp_CLA_AA_H233	323	151	105	0.22151898734177214	0.1901823729276657	0.1434244662523269	0.2902010083198547	-1.0167562955361384	2.6931785270933282e-08	2.087213358497329e-06	0.6	1.0	1	True	True
Mars_2020_IBS	s__Faecalibacterium_sp_HTFF	323	151	91	0.19198312236286919	0.09669362753629684	0.0730569884181022	0.1472540944814682	-1.011203610699903	0.0005432713559388	0.0039472059454933	0.0	1.0	1	False	False
Mars_2020_IBS	s__Faecalicatena_contorta	323	151	10	0.02109704641350211	0.003918502014130354	0.0045264395885169	0.0026180795393884	0.7896355169633019	0.4223736122763831	0.5862797901746811	0.0	1.0	1	False	False
Mars_2020_IBS	s__Faecalicatena_fissicatena	323	151	142	0.29957805907172996	0.16247189044952393	0.1221858412027359	0.2486466169357299	-1.025013680436737	2.191631592408575e-09	2.547771726174969e-07	1.0	1.0	1	True	True
Mars_2020_IBS	s__Faecalimonas_umbilicata	323	151	69	0.14556962025316456	0.07096242159605026	0.0631032511591911	0.0877737700939178	-0.476069113435057	0.8117320725861296	0.873739383686459	0.0	1.0	1	False	False
Mars_2020_IBS	s__Faecalitalea_cylindroides	323	151	37	0.07805907172995781	0.07878297567367554	0.076443500816822	0.0837872847914695	-0.1323358193426964	0.6581241134826683	0.7631613784774084	0.0	1.0	1	False	False
Mars_2020_IBS	s__Firmicutes_bacterium	323	151	82	0.1729957805907173	0.18864160776138306	0.1690824925899505	0.2304800152778625	-0.4469121026431299	0.00013899857388	0.0013190680990654	0.2	1.0	1	True	True
Mars_2020_IBS	s__Firmicutes_unclassified_SGB47659	323	151	15	0.03164556962025317	0.0065200417302548885	0.0091500924900174	0.0008941721753217	3.3537068889843304	0.0336648798933748	0.0906763505966285	0.0	1.0	1	False	False
Mars_2020_IBS	s__Flavonifractor_plautii	323	151	158	0.3333333333333333	0.11933095008134842	0.1127057000994682	0.1335028409957885	-0.2443079675597129	0.1509462033067934	0.2741796271002303	0.0	1.0	1	False	False
Mars_2020_IBS	s__Frisingicoccus_SGB4674	323	151	34	0.07172995780590717	0.008491897955536842	0.0090595977380871	0.007277550175786	0.3159551229949056	0.6869432847958088	0.7864568914955432	0.0	1.0	1	False	False
Mars_2020_IBS	s__Fusicatenibacter_saccharivorans	323	151	396	0.8354430379746836	1.5262928009033203	1.406935691833496	1.7816063165664673	-0.340621975154371	0.2863782209325386	0.4504401488669503	1.0	1.0	1	True	True
Mars_2020_IBS	s__Fusicatenibacter_sp_CLA_AA_H277	323	151	69	0.14556962025316456	0.01632521115243435	0.011254396289587	0.0271720513701438	-1.2715597273046837	0.0591921612782817	0.1426132383129587	0.0	1.0	1	False	False
Mars_2020_IBS	s__Fusobacterium_SGB6028	323	151	10	0.02109704641350211	0.016867004334926605	0.0130259441211819	0.0250833109021186	-0.9452866118125084	0.5679905044421134	0.7012753967236822	0.0	1.0	1	False	False
Mars_2020_IBS	s__GGB1123_SGB1437	323	151	15	0.03164556962025317	0.05616936832666397	0.0193695351481437	0.1348868906497955	-2.7998251215812227	5.0967442585452535e-05	0.0006194608182198	0.0	1.0	1	False	False
Mars_2020_IBS	s__GGB1146_SGB1472	323	151	12	0.02531645569620253	0.026430591940879822	0.0002518266264814	0.0824288725852966	-8.348875045413873	6.576994941827856e-06	0.0001168761090016	0.0	1.0	1	False	False
Mars_2020_IBS	s__GGB1239_SGB1657	323	151	15	0.03164556962025317	0.037914812564849854	0.0001862228964455	0.1186189949512481	-9.307374619892602	3.294027126117653e-06	6.897436105826096e-05	0.0	1.0	1	False	False
Mars_2020_IBS	s__GGB1266_SGB1699	323	151	54	0.11392405063291139	0.18326662480831146	0.0766947939991951	0.4112314879894256	-2.422734876578538	0.0040430507625884	0.0182526078116857	0.0	1.0	1	False	False
Mars_2020_IBS	s__GGB13489_SGB15224	323	151	25	0.052742616033755275	0.0069983964785933495	0.0023118574172258	0.0170232467353343	-2.879842730604172	5.983432818421698e-05	0.0006755684646723	0.0	1.0	1	False	False
Mars_2020_IBS	s__GGB1380_SGB1883	323	151	12	0.02531645569620253	0.014564535580575466	0.0011509597534313	0.043257150799036	-5.230809775592296	0.0080758084797071	0.0320961619065285	0.0	1.0	1	False	False
Mars_2020_IBS	s__GGB1385_SGB1890	323	151	10	0.02109704641350211	0.03876405209302902	0.0316104665398597	0.0540660880506038	-0.7743026904832823	0.2159249601040604	0.3585896658871004	0.0	1.0	1	False	False
Mars_2020_IBS	s__GGB1458_SGB2021	323	151	12	0.02531645569620253	0.01499905064702034	0.0011285758810117	0.0446690060198307	-5.305453354686022	0.0010687963493436	0.0066434033317976	0.0	1.0	1	False	False
Mars_2020_IBS	s__GGB1495_SGB2071	323	151	34	0.07172995780590717	0.11663158237934113	0.0948961898684501	0.1631251722574234	-0.7815509978567146	0.0001475357837303	0.0013447088965971	0.0	1.0	1	False	False
Mars_2020_IBS	s__GGB1631_SGB2239	323	151	15	0.03164556962025317	0.008710401132702827	9.526315989205614e-05	0.0271388050168752	-8.139210859211069	1.9950196593031925e-07	7.730701179799872e-06	0.0	1.0	1	False	False
Mars_2020_IBS	s__GGB2653_SGB3574	323	151	59	0.12447257383966245	0.01563076116144657	0.0203157272189855	0.005609271582216	1.856525504296211	0.0701460801926736	0.1614748875722437	0.0	1.0	1	False	False
Mars_2020_IBS	s__GGB2848_SGB3813	323	151	10	0.02109704641350211	0.0006099578458815813	0.0007988234865479	0.0002059602556983	1.950327904446664	0.8896256108026892	0.9240034672326216	0.0	1.0	1	False	False
Mars_2020_IBS	s__GGB2980_SGB3962	323	151	44	0.09282700421940929	0.013545169495046139	0.0188883915543556	0.0021156291477382	3.1577358082760902	0.0050662176652887	0.0217497448743735	0.0	1.0	1	False	False
Mars_2020_IBS	s__GGB2982_SGB3964	323	151	15	0.03164556962025317	0.0006159493932500482	0.0007382042822428	0.000354437099304	1.056378841592997	0.6537598180607957	0.7630375468183794	0.0	1.0	1	False	False
Mars_2020_IBS	s__GGB2998_SGB3988	323	151	13	0.027426160337552744	0.0015430168714374304	0.0006989783723838	0.0033484769519418	-2.258553572480793	0.0034397177132181	0.0166611326734005	0.0	1.0	1	False	False
Mars_2020_IBS	s__GGB2999_SGB3990	323	151	11	0.023206751054852322	0.0040908437222242355	0.006003282032907	0.0	12.551776029428815	0.0219947261155345	0.0647313142007822	0.0	1.0	1	False	False
Mars_2020_IBS	s__GGB3000_SGB3991	323	151	21	0.04430379746835443	0.006810844410210848	0.0093855410814285	0.0013033774448558	2.847232226539157	0.1807747032159777	0.3160159285542468	0.0	1.0	1	False	False
Mars_2020_IBS	s__GGB3001_SGB3992	323	151	30	0.06329113924050633	0.0755719393491745	0.0951641499996185	0.0336627848446369	1.4992359583278176	0.8935063146591666	0.9240034672326216	0.0	1.0	1	False	False
Mars_2020_IBS	s__GGB3002_SGB3993	323	151	20	0.04219409282700422	0.03251512721180916	0.0475694090127944	0.0003129139076918	7.243551671766529	0.0082223604575444	0.0321921466089199	0.0	1.0	1	False	False
Mars_2020_IBS	s__GGB3004_SGB3995	323	151	10	0.02109704641350211	0.009782256558537483	0.0056687924079597	0.0185812581330537	-1.71255801114518	0.0087332053895353	0.0332863975912619	0.0	1.0	1	False	False
Mars_2020_IBS	s__GGB3005_SGB3996	323	151	113	0.23839662447257384	0.22924992442131042	0.2772150635719299	0.1266489923000335	1.1301638690171536	0.0473282891618524	0.1189602943797912	0.0	1.0	1	False	False
Mars_2020_IBS	s__GGB3033_SGB4029	323	151	32	0.06751054852320675	0.03588124364614487	0.0436355732381343	0.0192941725254058	1.1772978682542894	0.5267723897886671	0.6720083845883418	0.0	1.0	1	False	False
Mars_2020_IBS	s__GGB3109_SGB4119	323	151	21	0.04430379746835443	0.007396540138870478	0.0100656356662511	0.0016871523112058	2.576064625832989	0.0736896751474439	0.1659122672682448	0.0	1.0	1	False	False
Mars_2020_IBS	s__GGB3109_SGB4121	323	151	115	0.24261603375527427	0.03616384044289589	0.0403619222342968	0.0271838419139385	0.5702281893118066	0.7586883882636886	0.8407022882060565	0.0	1.0	1	False	False
Mars_2020_IBS	s__GGB3167_SGB4181	323	151	47	0.09915611814345991	0.3340606093406677	0.344743937253952	0.3112082183361053	0.1476445701575466	0.0218705826927795	0.0647313142007822	0.0	1.0	1	False	False
Mars_2020_IBS	s__GGB3175_SGB4191	323	151	52	0.10970464135021098	0.05504309758543968	0.0311714559793472	0.1061062812805175	-1.7671799301480826	9.85774356777946e-07	2.864906724385905e-05	0.0	1.0	1	False	False
Mars_2020_IBS	s__GGB32387_SGB47381	323	151	17	0.035864978902953586	0.013820231892168522	0.0197599083185195	0.0011148345656692	4.146454209270207	0.0669637139884406	0.1556906350231244	0.0	1.0	1	False	False
Mars_2020_IBS	s__GGB32451_SGB47419	323	151	12	0.02531645569620253	0.022661391645669937	0.0332554168999195	0.0	15.021345118253326	0.0166216410717446	0.0533038834369741	0.0	1.0	1	False	False
Mars_2020_IBS	s__GGB3256_SGB4303	323	151	94	0.19831223628691982	0.6287792921066284	0.4331896603107452	1.0471597909927368	-1.273408940787626	0.0066067962272001	0.0274300021932863	0.0	1.0	1	False	False
Mars_2020_IBS	s__GGB3277_SGB4327	323	151	60	0.12658227848101267	0.18573418259620667	0.0926876440644264	0.3847675025463104	-2.0535262036785267	1.3468227459397634e-06	3.6839563344822936e-05	0.0	1.0	1	False	False
Mars_2020_IBS	s__GGB3278_SGB4328	323	151	58	0.12236286919831224	0.1798497587442398	0.1743643432855606	0.191583514213562	-0.1358676329601965	0.8081899067671279	0.8719450270225394	0.0	1.0	1	False	False
Mars_2020_IBS	s__GGB3281_SGB4335	323	151	23	0.04852320675105485	0.07801896333694458	0.0595811791718006	0.1174587458372116	-0.9792136260936024	0.2124678295131755	0.354991314843225	0.0	1.0	1	False	False
Mars_2020_IBS	s__GGB32900_SGB53446	323	151	97	0.20464135021097046	0.03749999776482582	0.0396732166409492	0.0328513272106647	0.2722061650641673	0.6710214033297894	0.7742554653805263	0.0	1.0	1	False	False
Mars_2020_IBS	s__GGB3304_SGB4365	323	151	10	0.02109704641350211	0.051543571054935455	0.0756397917866706	0.0	16.206876844644693	0.0291526569148833	0.0802129317480516	0.0	1.0	1	False	False
Mars_2020_IBS	s__GGB3304_SGB4367	323	151	28	0.05907172995780591	0.10443955659866333	0.0962599664926529	0.1219362914562225	-0.3411165918268302	0.0134647120380201	0.0460374345417599	0.0	1.0	1	False	False
Mars_2020_IBS	s__GGB3345_SGB4425	323	151	44	0.09282700421940929	0.09343424439430237	0.0109817339107394	0.2698061466217041	-4.61861943128656	3.7557257849756563e-14	1.7464124900136798e-11	1.0	1.0	1	True	True
Mars_2020_IBS	s__GGB33469_SGB15236	323	151	56	0.11814345991561181	0.042737025767564774	0.0291259754449129	0.0718520507216453	-1.302693512314549	0.0219889931794353	0.0647313142007822	0.0	1.0	1	False	False
Mars_2020_IBS	s__GGB33512_SGB15201	323	151	31	0.06540084388185655	0.0462387353181839	0.0402134656906127	0.0591272190213203	-0.5561322710810426	0.4837305255217529	0.6445120182453155	0.0	1.0	1	False	False
Mars_2020_IBS	s__GGB33512_SGB15203	323	151	14	0.029535864978902954	0.03529565408825874	0.0485966578125953	0.0068438416346907	2.8277977159818124	0.3972137616121622	0.56194718329603	0.0	1.0	1	False	False
Mars_2020_IBS	s__GGB33586_SGB53517	323	151	15	0.03164556962025317	0.0021226792596280575	0.0029877398628741	0.0002722516655921	3.451235136737912	0.3041289499363884	0.4636720056407233	0.0	1.0	1	False	False
Mars_2020_IBS	s__GGB3363_SGB4448	323	151	22	0.046413502109704644	0.048956498503685	0.0689274296164512	0.0062372181564569	3.4658932359058223	0.3372863988923138	0.5010804328591882	0.0	1.0	1	False	False
Mars_2020_IBS	s__GGB3433_SGB4573	323	151	78	0.16455696202531644	0.1128082126379013	0.1651472747325897	0.0008511258056387	7.598479740927933	2.5760345752690205e-10	5.989280387500472e-08	1.0	1.0	1	True	True
Mars_2020_IBS	s__GGB3433_SGB4574	323	151	119	0.2510548523206751	0.17376834154129028	0.2230807989835739	0.0682854279875755	1.7079020356801808	0.0175027968808777	0.0557452092438916	0.0	1.0	1	False	False
Mars_2020_IBS	s__GGB3446_SGB4597	323	151	20	0.04219409282700422	0.011682425625622272	0.0035682972520589	0.0290391389280557	-3.0243363956612974	0.0231551141927326	0.0668765720473333	0.0	1.0	1	False	False
Mars_2020_IBS	s__GGB3475_SGB4638	323	151	16	0.03375527426160337	0.008588818833231926	0.0114435916766524	0.0024822517298161	2.204363569393459	0.5505476449383444	0.6881845561729304	0.0	1.0	1	False	False
Mars_2020_IBS	s__GGB3478_SGB4643	323	151	26	0.05485232067510549	0.02143063396215439	0.015222786925733	0.0347096696496009	-1.1890519236772177	0.7234526914725172	0.8125736752046389	0.0	1.0	1	False	False
Mars_2020_IBS	s__GGB3480_SGB4648	323	151	32	0.06751054852320675	0.028763774782419205	0.0269666258245706	0.032608013600111	-0.274042286028716	0.1370702735813408	0.2611939944450046	0.0	1.0	1	False	False
Mars_2020_IBS	s__GGB3486_SGB4658	323	151	28	0.05907172995780591	0.012714832089841366	0.0132581740617752	0.0115525824949145	0.1986506432325936	0.9803265491460031	0.9824393218812316	0.0	1.0	1	False	False
Mars_2020_IBS	s__GGB3490_SGB4664	323	151	13	0.027426160337552744	0.013090759515762329	0.0164219811558723	0.0059650330804288	1.4608721515841778	0.0601200910308181	0.1440621064044457	0.0	1.0	1	False	False
Mars_2020_IBS	s__GGB3493_SGB4668	323	151	26	0.05485232067510549	0.02288592979311943	0.0335562862455844	6.125828076619655e-05	9.07414459741502	0.0015241710750873	0.0088592443739451	0.0	1.0	1	False	False
Mars_2020_IBS	s__GGB3496_SGB4671	323	151	33	0.06962025316455696	0.012077974155545235	0.0170714855194091	0.001396490028128	3.610763216456739	0.003253016433886	0.0159226593869156	0.0	1.0	1	False	False
Mars_2020_IBS	s__GGB3497_SGB4672	323	151	18	0.0379746835443038	0.003385991556569934	0.0044223219156265	0.0011692052939906	1.918368590905564	0.0553814778288675	0.1362560168805471	0.0	1.0	1	False	False
Mars_2020_IBS	s__GGB3510_SGB4687	323	151	26	0.05485232067510549	0.005381055176258087	0.0074091642163693	0.0010427815141156	2.827685757937648	0.1405464163444004	0.2635245306457509	0.0	1.0	1	False	False
Mars_2020_IBS	s__GGB3511_SGB4688	323	151	50	0.10548523206751055	0.02471974492073059	0.034665573388338	0.003444900503382	3.3305922896060816	0.0038011807729055	0.0178540309030409	0.0	1.0	1	False	False
Mars_2020_IBS	s__GGB3548_SGB4744	323	151	29	0.06118143459915612	0.008834514766931534	0.0095981741324067	0.0072009940631687	0.4145138782377272	0.5091711198151638	0.6595113390363543	0.0	1.0	1	False	False
Mars_2020_IBS	s__GGB3550_SGB4746	323	151	48	0.10126582278481013	0.02404913492500782	0.0162917952984571	0.0406426489353179	-1.3187957879679697	0.7202531494505864	0.8110099160240828	0.0	1.0	1	False	False
Mars_2020_IBS	s__GGB3550_SGB4747	323	151	11	0.023206751054852322	0.004047425929456949	0.0059395665302872	0.0	12.536384806843312	0.0219947261155345	0.0647313142007822	0.0	1.0	1	False	False
Mars_2020_IBS	s__GGB3600_SGB4860	323	151	13	0.027426160337552744	0.08275352418422699	0.11719711124897	0.0090761585161089	3.690564757747816	0.0587462856122762	0.1426039625895511	0.0	1.0	1	False	False
Mars_2020_IBS	s__GGB3606_SGB4870	323	151	19	0.04008438818565401	0.01563727855682373	0.0217139311134815	0.002638874342665	3.0401462117010336	0.0114534153855604	0.0403472587445878	0.0	1.0	1	False	False
Mars_2020_IBS	s__GGB3612_SGB4882	323	151	47	0.09915611814345991	0.049362912774086	0.0592055059969425	0.0283088739961385	1.0644503893085742	0.3018350110822115	0.4628345396650005	0.0	1.0	1	False	False
Mars_2020_IBS	s__GGB36267_SGB14177	323	151	10	0.02109704641350211	0.0027763289399445057	0.003502786392346	0.0012223840458318	1.518037456893112	0.8941969037735049	0.9240034672326216	0.0	1.0	1	False	False
Mars_2020_IBS	s__GGB36331_SGB15121	323	151	56	0.11814345991561181	0.09945168346166611	0.0699656009674072	0.1625245660543441	-1.2159283676651396	0.2390448676253751	0.3904234203549249	0.0	1.0	1	False	False
Mars_2020_IBS	s__GGB3637_SGB4930	323	151	20	0.04219409282700422	0.026405906304717064	0.026598360389471	0.02599423751235	0.0331442181298025	0.2075092142030482	0.3483457927957308	0.0	1.0	1	False	False
Mars_2020_IBS	s__GGB3653_SGB4964	323	151	191	0.4029535864978903	0.19792354106903076	0.2192586362361908	0.1522862315177917	0.5258452645151014	0.7468085807463731	0.832437125906658	0.0	1.0	1	False	False
Mars_2020_IBS	s__GGB36599_SGB9269	323	151	13	0.027426160337552744	0.006534282583743334	0.0005747058894485	0.0192822534590959	-5.065872701488027	3.301906579897037e-05	0.0004386818741863	0.0	1.0	1	False	False
Mars_2020_IBS	s__GGB3680_SGB4995	323	151	12	0.02531645569620253	0.00973035953938961	0.0110711148008704	0.00686238380149	0.6899388689214268	0.6060229440697438	0.7271625025105595	0.0	1.0	1	False	False
Mars_2020_IBS	s__GGB3722_SGB5050	323	151	19	0.04008438818565401	0.010280484333634377	0.0078308675438165	0.0155203975737094	-0.9868301954199068	0.1399311515351065	0.2634331395296541	0.0	1.0	1	False	False
Mars_2020_IBS	s__GGB3730_SGB5060	323	151	23	0.04852320675105485	0.00812227837741375	0.0088923526927828	0.0064750332385301	0.4576170108591934	0.8771028642569735	0.9185874591880464	0.0	1.0	1	False	False
Mars_2020_IBS	s__GGB3740_SGB5077	323	151	70	0.14767932489451477	0.24804748594760895	0.3006646931171417	0.1354954242706298	1.1499054817634538	0.5796040916942022	0.7111237536617522	0.0	1.0	1	False	False
Mars_2020_IBS	s__GGB3819_SGB5184	323	151	47	0.09915611814345991	0.013153397478163242	0.0154182044789195	0.0083088083192706	0.8918412302622405	0.0551226579598334	0.1362560168805471	0.0	1.0	1	False	False
Mars_2020_IBS	s__GGB38744_SGB14842	323	151	40	0.08438818565400844	0.018811943009495735	0.017445046454668	0.0217358283698558	-0.3172413151057169	0.0006325145556924	0.0043898398268209	0.0	1.0	1	False	False
Mars_2020_IBS	s__GGB4197_SGB5684	323	151	11	0.023206751054852322	0.03577008470892906	0.0167499985545873	0.0764554291963577	-2.1903907228864177	0.1000285783931645	0.2112185720500292	0.0	1.0	1	False	False
Mars_2020_IBS	s__GGB42389_SGB59559	323	151	11	0.023206751054852322	0.003475168952718377	0.003505851374939	0.0034095365554094	0.0401775625033771	0.1046667304452004	0.2153541135266292	0.0	1.0	1	False	False
Mars_2020_IBS	s__GGB4239_SGB5731	323	151	25	0.052742616033755275	0.045922234654426575	0.0463263466954231	0.0450578145682811	0.0400546984430342	0.6977646404416049	0.7952464652091821	0.0	1.0	1	False	False
Mars_2020_IBS	s__GGB45432_SGB63101	323	151	61	0.12869198312236288	0.027853775769472122	0.0320325382053852	0.0189151000231504	0.7599684816293519	0.1927348562126927	0.3282846451974436	0.0	1.0	1	False	False
Mars_2020_IBS	s__GGB45495_SGB63167	323	151	14	0.029535864978902954	0.007335485424846411	0.0107647674158215	0.0	13.394163542300184	0.0095258183206901	0.0357218187025882	0.0	1.0	1	False	False
Mars_2020_IBS	s__GGB45497_SGB63169	323	151	27	0.056962025316455694	0.03087092936038971	0.0417414866387844	0.0076180137693881	2.453840378096258	0.1228964249570801	0.2442172547224028	0.0	1.0	1	False	False
Mars_2020_IBS	s__GGB4552_SGB6276	323	151	27	0.056962025316455694	0.035946499556303024	0.0391746424138546	0.0290412623435258	0.4318030913998028	0.0083076507377857	0.0321921466089199	0.0	1.0	1	False	False
Mars_2020_IBS	s__GGB4563_SGB6300	323	151	12	0.02531645569620253	0.08761698007583618	0.1284815520048141	0.0002047019952442	9.28680095105477	0.0755051041361611	0.1670399453379763	0.0	1.0	1	False	False
Mars_2020_IBS	s__GGB4566_SGB6305	323	151	33	0.06962025316455696	0.013302003033459187	0.0111867189407348	0.0178267545998096	-0.672209091591779	0.1836957657771102	0.3187258622625233	0.0	1.0	1	False	False
Mars_2020_IBS	s__GGB4567_SGB6307	323	151	18	0.0379746835443038	0.061216097325086594	0.0198970884084701	0.1496004462242126	-2.910422377968256	0.0059313603463981	0.0250734778279557	0.0	1.0	1	False	False
Mars_2020_IBS	s__GGB4567_SGB6308	323	151	21	0.04430379746835443	0.04096086323261261	0.0422528199851512	0.0381972827017307	0.1455739953156711	0.5394310806780257	0.6816180774871793	0.0	1.0	1	False	False
Mars_2020_IBS	s__GGB4571_SGB6317	323	151	45	0.0949367088607595	0.06615611165761948	0.0524293519556522	0.0955186709761619	-0.8653956367099135	0.212994788905935	0.354991314843225	0.0	1.0	1	False	False
Mars_2020_IBS	s__GGB4585_SGB6340	323	151	43	0.09071729957805907	0.03943793475627899	0.0124394120648503	0.0971897393465042	-2.965784582875127	6.689579669983036e-05	0.0007234080340795	0.0	1.0	1	False	False
Mars_2020_IBS	s__GGB4599_SGB6362	323	151	11	0.023206751054852322	0.010996287688612938	0.0157400611788034	0.0008490066975355	4.210914783887459	0.7762282444721875	0.8512880511310547	0.0	1.0	1	False	False
Mars_2020_IBS	s__GGB4651_SGB6438	323	151	11	0.023206751054852322	0.007940885610878468	0.0038891639560461	0.0166078153997659	-2.094046312915036	0.0003483219208067	0.0027452490368665	0.0	1.0	1	False	False
Mars_2020_IBS	s__GGB4684_SGB6478	323	151	18	0.0379746835443038	0.014590064063668251	0.0014621982118114	0.0426715239882469	-4.866110323197749	0.0001503760486517	0.0013447088965971	0.0	1.0	1	False	False
Mars_2020_IBS	s__GGB4745_SGB6571	323	151	32	0.06751054852320675	0.08669380098581314	0.1024532467126846	0.0529831834137439	0.9513461224761136	0.3025843012003444	0.4628345396650005	0.0	1.0	1	False	False
Mars_2020_IBS	s__GGB47687_SGB2286	323	151	24	0.05063291139240506	0.019390884786844254	0.0222586691379547	0.0132564902305603	0.7476244636304717	0.0190155875089319	0.0597449202138738	0.0	1.0	1	False	False
Mars_2020_IBS	s__GGB48165_SGB66168	323	151	12	0.02531645569620253	0.006576730404049158	0.009651300497353	0.0	13.236657115185986	0.0166216410717446	0.0533038834369741	0.0	1.0	1	False	False
Mars_2020_IBS	s__GGB51269_SGB5062	323	151	11	0.023206751054852322	0.01675993576645851	0.0241402182728052	0.000972980109509	4.631462362402599	0.101172463921502	0.2112185720500292	0.0	1.0	1	False	False
Mars_2020_IBS	s__GGB51441_SGB71759	323	151	19	0.04008438818565401	0.004150970373302698	0.0023769659455865	0.0079456949606537	-1.7406269119902544	0.5979775860252063	0.7260041188034488	0.0	1.0	1	False	False
Mars_2020_IBS	s__GGB51647_SGB4348	323	151	77	0.16244725738396623	0.5318562984466553	0.5666049718856812	0.4575263559818268	0.3084878014019439	0.8471561651849564	0.8993781205730701	0.0	1.0	1	False	False
Mars_2020_IBS	s__GGB6612_SGB9346	323	151	23	0.04852320675105485	0.04959411546587944	0.0357403121888637	0.0792284086346626	-1.1484434323004975	0.7482983196322216	0.832437125906658	0.0	1.0	1	False	False
Mars_2020_IBS	s__GGB6613_SGB9347	323	151	24	0.05063291139240506	0.026339853182435036	0.0272274930030107	0.0244411248713731	0.1557474257029291	0.5544921267886369	0.6912569409027244	0.0	1.0	1	False	False
Mars_2020_IBS	s__GGB74505_SGB47518	323	151	11	0.023206751054852322	0.00241286912932992	0.0035408667754381	0.0	11.790294231921486	0.0219947261155345	0.0647313142007822	0.0	1.0	1	False	False
Mars_2020_IBS	s__GGB74511_SGB47635	323	151	19	0.04008438818565401	0.006785400677472353	0.0092817964032292	0.0014454304473474	2.682062524715757	0.041203397306111	0.1058540317532686	0.0	1.0	1	False	False
Mars_2020_IBS	s__GGB9064_SGB13983	323	151	10	0.02109704641350211	0.0019302952568978071	0.00033832815825	0.0053356294520199	-3.975175783150416	7.025801815326243e-05	0.000725999520917	0.0	1.0	1	False	False
Mars_2020_IBS	s__GGB9169_SGB14107	323	151	10	0.02109704641350211	0.016832469031214714	0.0246755108237266	5.562913793255575e-05	8.767378133513018	0.131245045014398	0.2546603860350347	0.0	1.0	1	False	False
Mars_2020_IBS	s__GGB9176_SGB14114	323	151	38	0.08016877637130802	0.04255225509405136	0.0471802502870559	0.0326526463031768	0.5309695492104335	0.5465450144917245	0.6868741398341943	0.0	1.0	1	False	False
Mars_2020_IBS	s__GGB9184_SGB14123	323	151	11	0.023206751054852322	0.00773065397515893	0.0086843660101294	0.0056905960664153	0.6097533696744935	0.7593652849670168	0.8407022882060565	0.0	1.0	1	False	False
Mars_2020_IBS	s__GGB9198_SGB14137	323	151	12	0.02531645569620253	0.004767594859004021	0.0044588549062609	0.0054280133917927	-0.2836932672820915	0.1744114597020868	0.3076243726037905	0.0	1.0	1	False	False
Mars_2020_IBS	s__GGB9211_SGB14151	323	151	12	0.02531645569620253	0.004837615415453911	0.0066120740957558	0.0010419205063953	2.664691869463101	0.2504668414564646	0.4016106250939863	0.0	1.0	1	False	False
Mars_2020_IBS	s__GGB9239_SGB14181	323	151	14	0.029535864978902954	0.00421259505674243	0.0046601239591836	0.0032552978955209	0.5174451932629407	0.7824960204281486	0.8550444159667303	0.0	1.0	1	False	False
Mars_2020_IBS	s__GGB9290_SGB14247	323	151	29	0.06118143459915612	0.011780169792473316	0.0100175850093364	0.0155504653230309	-0.6343717618112499	0.1226449722404308	0.2442172547224028	0.0	1.0	1	False	False
Mars_2020_IBS	s__GGB9293_SGB14250	323	151	20	0.04219409282700422	0.012194599024951458	0.0156584531068801	0.004785165656358	1.7100915919197126	0.0987436605618276	0.2106229456938065	0.0	1.0	1	False	False
Mars_2020_IBS	s__GGB9342_SGB14306	323	151	60	0.12658227848101267	0.20970436930656433	0.247565820813179	0.1287158876657486	0.9436166281988188	0.4604074996955037	0.6280939097961759	0.0	1.0	1	False	False
Mars_2020_IBS	s__GGB9343_SGB14307	323	151	16	0.03375527426160337	0.029668966308236122	0.0389283262193203	0.0098625160753726	1.9806834500673032	0.091103764746059	0.1979591149855956	0.0	1.0	1	False	False
Mars_2020_IBS	s__GGB9345_SGB14311	323	151	61	0.12869198312236288	0.17900559306144714	0.2302200943231582	0.0694540441036224	1.7288686510169684	0.6578844547360496	0.7631613784774084	0.0	1.0	1	False	False
Mars_2020_IBS	s__GGB9347_SGB14313	323	151	20	0.04219409282700422	0.03446429967880249	0.0392523854970932	0.0242222510278224	0.6964245842349905	0.494009342598548	0.6489105771421605	0.0	1.0	1	False	False
Mars_2020_IBS	s__GGB9350_SGB14317	323	151	19	0.04008438818565401	0.05150845646858215	0.0742531567811966	0.0028558939229696	4.699952416061062	0.0111799687691539	0.0399898882896658	0.0	1.0	1	False	False
Mars_2020_IBS	s__GGB9359_SGB14334	323	151	13	0.027426160337552744	0.009522615931928158	0.0130067495629191	0.0020698013249784	2.6511103351934397	0.4794466568775722	0.6406399294484801	0.0	1.0	1	False	False
Mars_2020_IBS	s__GGB9361_SGB14336	323	151	13	0.027426160337552744	0.011657066643238068	0.0151892872527241	0.0041013909503817	1.888612262188052	0.4905805099402636	0.6489105771421605	0.0	1.0	1	False	False
Mars_2020_IBS	s__GGB9364_SGB14339	323	151	11	0.023206751054852322	0.007378839887678623	0.0037033436819911	0.0152409933507442	-2.040761730663497	0.1017483013746377	0.2112185720500292	0.0	1.0	1	False	False
Mars_2020_IBS	s__GGB9365_SGB14341	323	151	103	0.21729957805907174	0.12453097105026245	0.1305889934301376	0.1115724444389343	0.2270506607562849	0.8700452073423285	0.9132528700094418	0.0	1.0	1	False	False
Mars_2020_IBS	s__GGB9412_SGB14770	323	151	18	0.0379746835443038	0.017609894275665283	0.0103802792727947	0.0330745689570903	-1.6717817373135226	0.0011703659848811	0.0071607918811806	0.0	1.0	1	False	False
Mars_2020_IBS	s__GGB9453_SGB14844	323	151	52	0.10970464135021098	0.0263549592345953	0.0185875222086906	0.0429700650274753	-1.2089534541372755	0.1530794319638838	0.2768198877542485	0.0	1.0	1	False	False
Mars_2020_IBS	s__GGB9453_SGB14845	323	151	14	0.029535864978902954	0.017268503084778786	0.0252399388700723	0.0002170198713429	6.855162129124762	0.0429190478463934	0.1090565969867375	0.0	1.0	1	False	False
Mars_2020_IBS	s__GGB9469_SGB14862	323	151	66	0.13924050632911392	0.0877971276640892	0.09999331086874	0.0617086142301559	0.6963507399512717	0.0023267341588116	0.0124359929177864	0.0	1.0	1	False	False
Mars_2020_IBS	s__GGB9480_SGB14874	323	151	116	0.24472573839662448	0.4391824007034302	0.507199227809906	0.2936895191669464	0.7882586997193716	0.0106998373472651	0.0385691811354906	0.0	1.0	1	False	False
Mars_2020_IBS	s__GGB9491_SGB14888	323	151	17	0.035864978902953586	0.001057637156918645	0.0014000928495079	0.0003250993322581	2.103169173347533	0.0717595057708158	0.1636257881128726	0.0	1.0	1	False	False
Mars_2020_IBS	s__GGB9495_SGB14892	323	151	24	0.05063291139240506	0.010364916175603867	0.0131406802684068	0.0044273510575294	1.569308246081042	0.4301099679145286	0.5934751782796909	0.0	1.0	1	False	False
Mars_2020_IBS	s__GGB9502_SGB14899	323	151	21	0.04430379746835443	0.002223460003733635	0.0018645509844645	0.0029911920428276	-0.6816009835238755	0.5274904524188059	0.6720083845883418	0.0	1.0	1	False	False
Mars_2020_IBS	s__GGB9509_SGB14906	323	151	21	0.04430379746835443	0.014376330189406872	0.0158883295953273	0.0111420536413788	0.5119136127189186	0.2892364868542044	0.4514098118344887	0.0	1.0	1	False	False
Mars_2020_IBS	s__GGB9512_SGB14909	323	151	118	0.2489451476793249	0.12074305862188339	0.1354769766330719	0.0892261639237403	0.6025034555854852	0.4729767609618874	0.6362882884645393	0.0	1.0	1	False	False
Mars_2020_IBS	s__GGB9522_SGB14921	323	151	23	0.04852320675105485	0.00855166558176279	0.0110932812094688	0.0031149669084697	1.8320643821946616	0.8421824042423613	0.8961437482212768	0.0	1.0	1	False	False
Mars_2020_IBS	s__GGB9523_SGB14922	323	151	11	0.023206751054852322	0.005702700465917587	0.0083686681464314	0.0	13.030954706363763	0.0219947261155345	0.0647313142007822	0.0	1.0	1	False	False
Mars_2020_IBS	s__GGB9524_SGB14923	323	151	20	0.04219409282700422	0.02364371344447136	0.0229948293417692	0.0250317212194204	-0.1224429005983541	0.4329453454831946	0.5956200758866436	0.0	1.0	1	False	False
Mars_2020_IBS	s__GGB9524_SGB14924	323	151	58	0.12236286919831224	0.041381265968084335	0.0427787005901336	0.0383920557796955	0.1560809935696057	0.4664388436498572	0.6323442049480572	0.0	1.0	1	False	False
Mars_2020_IBS	s__GGB9531_SGB14932	323	151	20	0.04219409282700422	0.009303838945925236	0.0136533118784427	0.0	13.73706898954624	0.0018141516742704	0.0099244768063029	0.0	1.0	1	False	False
Mars_2020_IBS	s__GGB9534_SGB14937	323	151	29	0.06118143459915612	0.012445717118680477	0.015131052583456	0.0067015895619988	1.1748171976629462	0.186171346280893	0.3206284297059824	0.0	1.0	1	False	False
Mars_2020_IBS	s__GGB9547_SGB14953	323	151	18	0.0379746835443038	0.006121455691754818	0.0081579564139246	0.0017652318347245	2.207709910619612	0.3562065454948884	0.524164695111149	0.0	1.0	1	False	False
Mars_2020_IBS	s__GGB9547_SGB14954	323	151	12	0.02531645569620253	0.002860928187146783	0.0032785758376121	0.0019675497896969	0.7363760341950264	0.9230921429920108	0.9392513052325712	0.0	1.0	1	False	False
Mars_2020_IBS	s__GGB9580_SGB14998	323	151	10	0.02109704641350211	0.005973586346954107	0.005463003180921	0.0070657613687217	-0.3710908692124666	0.2191606073991873	0.3626679090413597	0.0	1.0	1	False	False
Mars_2020_IBS	s__GGB9583_SGB15004	323	151	13	0.027426160337552744	0.017728250473737717	0.0039586690254509	0.0471823848783969	-3.5748271687231314	0.0757966203576623	0.1670399453379763	0.0	1.0	1	False	False
Mars_2020_IBS	s__GGB9602_SGB15031	323	151	83	0.1751054852320675	0.09626588970422745	0.0950110256671905	0.0989501252770423	-0.058605986927267	0.0152047518478311	0.0505014972088677	0.0	1.0	1	False	False
Mars_2020_IBS	s__GGB9621_SGB15073	323	151	15	0.03164556962025317	0.007596729788929224	0.0083789778873324	0.0059234434738755	0.5002667994947753	0.9130678798606832	0.9331353057916872	0.0	1.0	1	False	False
Mars_2020_IBS	s__GGB9627_SGB15081	323	151	23	0.04852320675105485	0.006545021198689938	0.0071050771512091	0.0053470199927687	0.4100484934618479	0.7688943284888786	0.8452384462111786	0.0	1.0	1	False	False
Mars_2020_IBS	s__GGB9634_SGB15093	323	151	22	0.046413502109704644	0.025918059051036835	0.0064421365968883	0.0675784721970558	-3.390749997075558	0.1415851098939672	0.2642135800606576	0.0	1.0	1	False	False
Mars_2020_IBS	s__GGB9634_SGB15097	323	151	10	0.02109704641350211	0.038655251264572144	0.0557620450854301	0.0020625828765332	4.756086060072122	0.1319852753428889	0.2546603860350347	0.0	1.0	1	False	False
Mars_2020_IBS	s__GGB9635_SGB15103	323	151	28	0.05907172995780591	0.05634097009897232	0.0629626587033271	0.0421766899526119	0.578039293925229	0.992973146283202	0.992973146283202	0.0	1.0	1	False	False
Mars_2020_IBS	s__GGB9635_SGB15106	323	151	53	0.11181434599156118	0.1458818018436432	0.072841115295887	0.3021211326122284	-2.052287152567672	0.0027182904844741	0.0137391856008749	0.0	1.0	1	False	False
Mars_2020_IBS	s__GGB9640_SGB15115	323	151	12	0.02531645569620253	0.0022056116722524166	0.0023442413657903	0.001909072860144	0.2961087373605703	0.1795003302325927	0.3149722775779456	0.0	1.0	1	False	False
Mars_2020_IBS	s__GGB9641_SGB15117	323	151	30	0.06329113924050633	0.007684198673814535	0.0089822299778461	0.0049076159484684	0.8719179742405568	0.8813825435039194	0.920637552708088	0.0	1.0	1	False	False
Mars_2020_IBS	s__GGB9642_SGB15119	323	151	28	0.05907172995780591	0.03428715467453003	0.0058164708316326	0.0951880142092704	-4.032331104107239	0.0001077581726801	0.0010630836144906	0.0	1.0	1	False	False
Mars_2020_IBS	s__GGB9667_SGB15164	323	151	65	0.1371308016877637	0.019141603261232376	0.0217426624149084	0.0135777490213513	0.6792443890165784	0.9635201218556284	0.969776746023522	0.0	1.0	1	False	False
Mars_2020_IBS	s__GGB9690_SGB15196	323	151	10	0.02109704641350211	0.009770695120096207	0.0094543658196926	0.0104473503306508	-0.1440699950673118	0.5857585976357756	0.7149022254609859	0.0	1.0	1	False	False
Mars_2020_IBS	s__GGB9694_SGB15204	323	151	16	0.03375527426160337	0.00913761556148529	0.011902661062777	0.0032229800708591	1.8844906228302236	0.0262742587698743	0.0744971361462901	0.0	1.0	1	False	False
Mars_2020_IBS	s__GGB9699_SGB15216	323	151	153	0.3227848101265823	0.21164275705814362	0.2616074085235595	0.1047647595405578	1.3202416324349977	0.7861566274715772	0.8561190439678767	0.0	1.0	1	False	False
Mars_2020_IBS	s__GGB9707_SGB15229	323	151	15	0.03164556962025317	0.0019452108535915613	0.0008143343147821	0.0043642385862767	-2.4205968681106587	0.000476856355846	0.0035196540550539	0.0	1.0	1	False	False
Mars_2020_IBS	s__GGB9708_SGB15233	323	151	27	0.056962025316455694	0.013389873318374157	0.0062052006833255	0.0287584085017442	-2.212251750365709	5.979834244826252e-05	0.0006755684646723	0.0	1.0	1	False	False
Mars_2020_IBS	s__GGB9708_SGB15234	323	151	76	0.16033755274261605	0.08098410815000534	0.0907458513975143	0.0601030439138412	0.5943855259838539	0.1896861936376436	0.3242797060349422	0.0	1.0	1	False	False
Mars_2020_IBS	s__GGB9712_SGB15244	323	151	35	0.07383966244725738	0.0186544731259346	0.0128478026017546	0.0310753639787435	-1.274183795402125	0.0002669716922341	0.0021403764980843	0.0	1.0	1	False	False
Mars_2020_IBS	s__GGB9715_SGB15260	323	151	88	0.18565400843881857	0.13153265416622162	0.1346045285463333	0.1249617263674736	0.107239830980298	0.1013214536949697	0.2112185720500292	0.0	1.0	1	False	False
Mars_2020_IBS	s__GGB9715_SGB15265	323	151	78	0.16455696202531644	0.18407703936100006	0.1271234005689621	0.3059050142765045	-1.266847499990596	3.344555734789643e-07	1.11087029762656e-05	0.2	1.0	1	True	True
Mars_2020_IBS	s__GGB9715_SGB15267	323	151	35	0.07383966244725738	0.04036162048578262	0.04108826816082	0.0388072878122329	0.0823968508732352	0.2999432615606838	0.4628345396650005	0.0	1.0	1	False	False
Mars_2020_IBS	s__GGB9719_SGB15272	323	151	50	0.10548523206751055	0.05666962265968323	0.0750425979495048	0.0173684768378734	2.1111746979522525	0.0267462093599054	0.0752165136359181	0.0	1.0	1	False	False
Mars_2020_IBS	s__GGB9719_SGB15273	323	151	60	0.12658227848101267	0.03579506650567055	0.0242356657981872	0.0605214610695838	-1.3202794110573737	0.8278937199600203	0.8890775514582203	0.0	1.0	1	False	False
Mars_2020_IBS	s__GGB9719_SGB53514	323	151	19	0.04008438818565401	0.027232129126787186	0.0398389808833599	0.0002651655813679	7.225749120632773	0.0106504122613069	0.0385691811354906	0.0	1.0	1	False	False
Mars_2020_IBS	s__GGB9730_SGB15291	323	151	66	0.13924050632911392	0.040957048535346985	0.0197958517819643	0.0862223803997039	-2.1228081024455885	3.4116350630967785e-06	6.897436105826096e-05	0.0	1.0	1	False	False
Mars_2020_IBS	s__GGB9739_SGB15313	323	151	18	0.0379746835443038	0.033329978585243225	0.0414215140044689	0.0160215888172388	1.3703078487881133	0.8988254970841587	0.9267269537563942	0.0	1.0	1	False	False
Mars_2020_IBS	s__GGB9747_SGB15356	323	151	24	0.05063291139240506	0.02430255338549614	0.0169570297002792	0.0400151647627353	-1.2386143453286869	0.0009933328098874	0.0063273939259953	0.0	1.0	1	False	False
Mars_2020_IBS	s__GGB9758_SGB15368	323	151	64	0.1350210970464135	0.14901214838027954	0.1414650082588195	0.1651560366153717	-0.2233829968381081	0.0016484107129366	0.0093476948965309	0.0	1.0	1	False	False
Mars_2020_IBS	s__GGB9759_SGB15370	323	151	39	0.08227848101265822	0.01611206866800785	0.0178733430802822	0.0123445689678192	0.5338968935703122	0.5949872473093507	0.724264581148817	0.0	1.0	1	False	False
Mars_2020_IBS	s__GGB9760_SGB15373	323	151	113	0.23839662447257384	0.05070924013853073	0.0426282957196235	0.0679949671030044	-0.6736039607917443	0.0001463589277525	0.0013447088965971	0.4	1.0	1	True	True
Mars_2020_IBS	s__GGB9760_SGB15374	323	151	58	0.12236286919831224	0.05835316330194473	0.0703795328736305	0.0326278805732727	1.1090269447223562	0.8352357955851604	0.8928382642462059	0.0	1.0	1	False	False
Mars_2020_IBS	s__GGB9765_SGB15382	323	151	39	0.08227848101265822	0.021754788234829903	0.0256072413176298	0.0135141070932149	0.922035233424238	0.8408011217910423	0.8961437482212768	0.0	1.0	1	False	False
Mars_2020_IBS	s__GGB9770_SGB15389	323	151	14	0.029535864978902954	0.02045276388525963	0.0297490991652011	0.0005672185216099	5.710304808822412	0.1446023353828496	0.2678887886574705	0.0	1.0	1	False	False
Mars_2020_IBS	s__GGB9770_SGB15390	323	151	46	0.0970464135021097	0.06513845920562744	0.078639842569828	0.0362580083310604	1.1169393105065577	0.4542976749270289	0.623151677997252	0.0	1.0	1	False	False
Mars_2020_IBS	s__GGB9775_SGB15395	323	151	24	0.05063291139240506	0.008386773057281971	0.0107567189261317	0.0033172846306115	1.6968626543624272	0.2268144104684334	0.3740024853468849	0.0	1.0	1	False	False
Mars_2020_IBS	s__GGB9781_SGB15402	323	151	21	0.04430379746835443	0.012995928525924683	0.0190714243799448	0.0	14.219200622183545	0.0013762762201202	0.0082047236199476	0.0	1.0	1	False	False
Mars_2020_IBS	s__GGB9781_SGB66170	323	151	14	0.029535864978902954	0.006158776115626097	0.0087699070572853	0.0005733774742111	3.932654972846629	0.044195987363934	0.1116909463273333	0.0	1.0	1	False	False
Mars_2020_IBS	s__GGB9782_SGB15403	323	151	20	0.04219409282700422	0.005979050416499376	0.0069587612524628	0.0038833771832287	0.8413545196980566	0.4927054281805153	0.6489105771421605	0.0	1.0	1	False	False
Mars_2020_IBS	s__GGB9790_SGB15413	323	151	19	0.04008438818565401	0.006867742631584406	0.0019510526908561	0.0173848997801542	-3.1548538328921363	6.101908713169413e-05	0.0006755684646723	0.0	1.0	1	False	False
Mars_2020_IBS	s__Gemmiger_SGB15295	323	151	30	0.06329113924050633	0.0829324871301651	0.1187360286712646	0.0063460925593972	4.22553022425874	0.0212757417867291	0.0647313142007822	0.0	1.0	1	False	False
Mars_2020_IBS	s__Gemmiger_formicilis	323	151	319	0.6729957805907173	0.9591076970100403	0.899130642414093	1.0874027013778689	-0.2742833818187566	0.0230498125868913	0.0668765720473333	0.6	1.0	1	True	True
Mars_2020_IBS	s__Gordonibacter_pamelaeae	323	151	70	0.14767932489451477	0.04074498265981674	0.0528122633695602	0.0149321854114532	1.8223783484290268	0.0040356693463894	0.0182526078116857	0.0	1.0	1	False	False
Mars_2020_IBS	s__Gordonibacter_urolithinfaciens	323	151	24	0.05063291139240506	0.019687995314598083	0.0227026939392089	0.0132393380627036	0.7779870875225392	0.4606022005171957	0.6280939097961759	0.0	1.0	1	False	False
Mars_2020_IBS	s__Guopingia_tenuis	323	151	10	0.02109704641350211	0.0011471097823232412	0.0016833746340125	0.0	10.71799733905292	0.0291526569148833	0.0802129317480516	0.0	1.0	1	False	False
Mars_2020_IBS	s__Haemophilus_parainfluenzae	323	151	11	0.023206751054852322	0.003965906798839569	0.0017957583768293	0.0086080133914947	-2.260451499440651	0.3258960725472545	0.4888441088208817	0.0	1.0	1	False	False
Mars_2020_IBS	s__Holdemanella_porci	323	151	42	0.08860759493670886	0.10481453686952591	0.0332000628113746	0.2580031156539917	-2.958092749485625	7.872217083180814e-06	0.0001307350337028	0.0	1.0	1	False	False
Mars_2020_IBS	s__Holdemania_filiformis	323	151	12	0.02531645569620253	0.002090189838781953	0.0024410837795585	0.0013396026333793	0.8652310222344334	0.2581806288647158	0.4119704777838935	0.0	1.0	1	False	False
Mars_2020_IBS	s__Hungatella_hathewayi	323	151	32	0.06751054852320675	0.02607687935233116	0.0345446430146694	0.0079637086018919	2.116810280522249	0.0978080754586584	0.2095887331256967	0.0	1.0	1	False	False
Mars_2020_IBS	s__Hydrogeniiclostridium_mannosilyticum	323	151	22	0.046413502109704644	0.005597932264208794	0.0065205879509449	0.0036243051290512	0.8471208643932682	0.6547354433989965	0.7630375468183794	0.0	1.0	1	False	False
Mars_2020_IBS	s__Hydrogenoanaerobacterium_saccharovorans	323	151	23	0.04852320675105485	0.003653312101960182	0.0035815793089568	0.0038067551795393	-0.0879420808869346	0.1011685920324105	0.2112185720500292	0.0	1.0	1	False	False
Mars_2020_IBS	s__Intestinibacter_bartlettii	323	151	51	0.10759493670886076	0.013410843908786774	0.0120645202696323	0.0162907280027866	-0.4332495068268557	0.404496355066187	0.5682501664827099	0.0	1.0	1	False	False
Mars_2020_IBS	s__Intestinimonas_butyriciproducens	323	151	45	0.0949367088607595	0.01614314317703247	0.0191515777260065	0.0097078802064061	0.9801617619167208	0.0629466913735749	0.1493378137179201	0.0	1.0	1	False	False
Mars_2020_IBS	s__Intestinimonas_massiliensis	323	151	13	0.027426160337552744	0.007268523331731558	0.0046615479514002	0.0128450319170951	-1.4621323182879695	0.607350200658076	0.7271625025105595	0.0	1.0	1	False	False
Mars_2020_IBS	s__Jutongia_hominis	323	151	16	0.03375527426160337	0.006687131244689226	0.0012621361529454	0.0182915907353162	-3.8561773548144975	0.0063901465829935	0.0267695329828108	0.0	1.0	1	False	False
Mars_2020_IBS	s__Kineothrix_SGB4886	323	151	37	0.07805907172995781	0.036493588238954544	0.0290313307195901	0.0524558909237384	-0.8534719064280869	1.2373931704645176e-05	0.000191795941422	0.0	1.0	1	False	False
Mars_2020_IBS	s__Lachnospira_eligens	323	151	238	0.5021097046413502	0.7425196766853333	0.6230340600013733	0.9981080889701844	-0.6798841542611442	0.0017176151925977	0.0096227839103365	0.2	1.0	1	True	True
Mars_2020_IBS	s__Lachnospira_pectinoschiza	323	151	233	0.49156118143459915	0.9082112312316895	0.7342484593391418	1.2803301811218262	-0.8021748346659082	1.7636397187441003e-05	0.0002645459578116	1.0	1.0	1	True	True
Mars_2020_IBS	s__Lachnospira_sp_NSJ_43	323	151	67	0.14135021097046413	0.10109787434339523	0.1130666211247444	0.0754958242177963	0.5826979840115327	0.5273361093437157	0.6720083845883418	0.0	1.0	1	False	False
Mars_2020_IBS	s__Lachnospiraceae_bacterium	323	151	146	0.3080168776371308	0.10945463925600052	0.1275446712970733	0.0707587450742721	0.8500131813704049	0.7403616719632384	0.8295618734045925	0.0	1.0	1	False	False
Mars_2020_IBS	s__Lachnospiraceae_bacterium_AM48_27BH	323	151	13	0.027426160337552744	0.0023358017206192017	0.0031610527075827	0.0005705297808162	2.4679608355636025	0.9088623264288186	0.9331353057916872	0.0	1.0	1	False	False
Mars_2020_IBS	s__Lachnospiraceae_bacterium_CLA_AA_H244	323	151	217	0.4578059071729958	0.28743407130241394	0.2765586972236633	0.3106972277164459	-0.1679230828104531	0.0040155306341838	0.0182526078116857	0.2	1.0	1	True	True
Mars_2020_IBS	s__Lachnospiraceae_bacterium_EP_SM_12S_S03	323	151	21	0.04430379746835443	0.014922532252967358	0.0218986999243497	0.0	14.41862348131113	0.0013762762201202	0.0082047236199476	0.0	1.0	1	False	False
Mars_2020_IBS	s__Lachnotalea_sp_AF33_28	323	151	21	0.04430379746835443	0.0015797046944499016	0.002164086792618	0.0003296688955742	2.7109656102792443	0.0743427730285433	0.1659122672682448	0.0	1.0	1	False	False
Mars_2020_IBS	s__Lacrimispora_amygdalina	323	151	79	0.16666666666666666	0.02365662343800068	0.0279094111174345	0.0145596023648977	0.9387333349580012	0.8305458220383277	0.889870523612494	0.0	1.0	1	False	False
Mars_2020_IBS	s__Lactobacillus_gasseri	323	151	12	0.02531645569620253	0.061082471162080765	0.0896380469202995	0.0	16.45183968914444	0.0166216410717446	0.0533038834369741	0.0	1.0	1	False	False
Mars_2020_IBS	s__Lactococcus_lactis	323	151	18	0.0379746835443038	0.014491920359432697	0.0208765659481287	0.000834701990243	4.642821140386794	0.0537418073127522	0.1336360449220844	0.0	1.0	1	False	False
Mars_2020_IBS	s__Lawsonibacter_asaccharolyticus	323	151	124	0.2616033755274262	0.03295322507619858	0.0235532503575086	0.0530604682862758	-1.171677180319328	5.010090730821226e-05	0.0006194608182198	0.2	1.0	1	True	True
Mars_2020_IBS	s__Lawsonibacter_faecis	323	151	14	0.029535864978902954	0.002255822764709592	0.0028286068700253	0.001030595973134	1.455723580239474	0.1535903893346153	0.2768198877542485	0.0	1.0	1	False	False
Mars_2020_IBS	s__Lawsonibacter_hominis	323	151	11	0.023206751054852322	0.00469976756721735	0.0035487306304275	0.0071619204245507	-1.0128383641595788	0.0231383942160036	0.0668765720473333	0.0	1.0	1	False	False
Mars_2020_IBS	s__Lentihominibacter_SGB71368	323	151	15	0.03164556962025317	0.002449493622407317	0.0035946129355579	0.0	11.812022009072168	0.0072199693016532	0.0291937889153803	0.0	1.0	1	False	False
Mars_2020_IBS	s__Lentihominibacter_faecis	323	151	193	0.40717299578059074	0.13456428050994873	0.128232330083847	0.1481088101863861	-0.2078959096393205	0.0002063152833253	0.0017443019408414	0.4	1.0	1	True	True
Mars_2020_IBS	s__Lentihominibacter_hominis	323	151	17	0.035864978902953586	0.005856223404407501	0.0085580181330442	7.68874233472161e-05	6.779911101931283	0.0185384535420745	0.0586420469188072	0.0	1.0	1	False	False
Mars_2020_IBS	s__Longibaculum_muris	323	151	40	0.08438818565400844	0.027531540021300316	0.039431981742382	0.0020756290759891	4.247087352062516	0.0047121261252304	0.0206711193229449	0.0	1.0	1	False	False
Mars_2020_IBS	s__Longicatena_caecimuris	323	151	105	0.22151898734177214	0.24011291563510895	0.3038363754749298	0.103803776204586	1.5494265230969122	0.0240827493002226	0.0687023216233345	0.0	1.0	1	False	False
Mars_2020_IBS	s__Massilimicrobiota_timonensis	323	151	20	0.04219409282700422	0.017423227429389954	0.0048381737433373	0.0443435758352279	-3.195925003857186	0.391731184484234	0.5587576711201497	0.0	1.0	1	False	False
Mars_2020_IBS	s__Massilioclostridium_coli	323	151	19	0.04008438818565401	0.0011120253475382924	0.0014601238071918	0.0003674172330647	1.9876659774193028	0.123663028087075	0.2446949279169781	0.0	1.0	1	False	False
Mars_2020_IBS	s__Massilistercora_timonensis	323	151	26	0.05485232067510549	0.03148869052529335	0.0431758165359497	0.0064890733920037	2.733950178201873	0.0604131413954127	0.1440621064044457	0.0	1.0	1	False	False
Mars_2020_IBS	s__Mediterraneibacter_butyricigenes	323	151	55	0.1160337552742616	0.006185928825289011	0.0058895354159176	0.0068199336528778	-0.211570456870625	0.1108492822364105	0.2270701155944093	0.0	1.0	1	False	False
Mars_2020_IBS	s__Mediterraneibacter_faecis	323	151	348	0.7341772151898734	1.2329461574554443	1.2524030208587646	1.1913260221481323	0.072130554543401	0.1488305564812237	0.273542327129522	0.6	1.0	1	True	True
Mars_2020_IBS	s__Mediterraneibacter_glycyrrhizinilyticus	323	151	49	0.10337552742616034	0.016033416613936424	0.0183855127543211	0.0110021186992526	0.7407353835174957	0.1376183411591959	0.2611939944450046	0.0	1.0	1	False	False
Mars_2020_IBS	s__Mediterraneibacter_sp_NSJ_151	323	151	16	0.03375527426160337	0.003444388508796692	0.0018710215808823	0.0068099331110715	-1.863255397228763	0.0345137605372422	0.0917079922846722	0.0	1.0	1	False	False
Mars_2020_IBS	s__Megamonas_funiformis	323	151	10	0.02109704641350211	0.09958892315626144	0.1460139453411102	0.0002824503171723	9.008804444701674	0.1319852753428889	0.2546603860350347	0.0	1.0	1	False	False
Mars_2020_IBS	s__Megasphaera_massiliensis	323	151	10	0.02109704641350211	0.01383189857006073	0.0197995975613594	0.0010665563168004	4.2131598865316695	0.1319852753428889	0.2546603860350347	0.0	1.0	1	False	False
Mars_2020_IBS	s__Methanobrevibacter_smithii	323	151	71	0.14978902953586498	0.30205461382865906	0.3590330779552459	0.1801734417676925	0.9947264094262426	0.3814350987233648	0.5508301891502007	0.0	1.0	1	False	False
Mars_2020_IBS	s__Monoglobus_pectinilyticus	323	151	146	0.3080168776371308	0.16247263550758362	0.220021978020668	0.0393703989684581	2.48243431771955	0.0004002157018337	0.0030508246123391	1.0	1.0	1	True	True
Mars_2020_IBS	s__Negativibacillus_massiliensis	323	151	16	0.03375527426160337	0.003361308015882969	0.001836130162701	0.0066237747669219	-1.8504175591755463	0.6023470660312846	0.7271625025105595	0.0	1.0	1	False	False
Mars_2020_IBS	s__Neglectibacter_timonensis	323	151	106	0.22362869198312235	0.08628043532371521	0.1142094954848289	0.026538148522377	2.105501245284364	0.0663233082277723	0.1549765745020811	0.0	1.0	1	False	False
Mars_2020_IBS	s__Odoribacter_splanchnicus	323	151	140	0.29535864978902954	0.057115338742733	0.0536387637257576	0.0645519942045211	-0.2671811321447862	0.2699215038300958	0.4269166642210699	0.0	1.0	1	False	False
Mars_2020_IBS	s__Oliverpabstia_intestinalis	323	151	284	0.5991561181434599	0.685968816280365	0.6084941029548645	0.8516927361488342	-0.4850890869352002	0.0400850702148453	0.1035530980550171	0.8	1.0	1	True	True
Mars_2020_IBS	s__Oscillibacter_sp_ER4	323	151	135	0.2848101265822785	0.15776197612285614	0.093756653368473	0.2946740388870239	-1.6521164923508271	5.249953648622205e-10	8.13742815536442e-08	1.0	1.0	1	True	True
Mars_2020_IBS	s__Oscillibacter_sp_MSJ_31	323	151	88	0.18565400843881857	0.08740954101085663	0.0592539273202419	0.1476364135742187	-1.317051337824008	2.9081220137415886e-06	6.761383681949193e-05	0.0	1.0	1	False	False
Mars_2020_IBS	s__Oscillibacter_valericigenes	323	151	124	0.2616033755274262	0.07913462072610855	0.0581198409199714	0.124086745083332	-1.0942331599813409	0.0306441389569372	0.0833305533039521	0.0	1.0	1	False	False
Mars_2020_IBS	s__Oscillospiraceae_bacterium	323	151	93	0.1962025316455696	0.20875881612300873	0.2384718954563141	0.1452003866434097	0.7157700697175274	0.3421949511027561	0.506753669626693	0.0	1.0	1	False	False
Mars_2020_IBS	s__Oscillospiraceae_bacterium_CLA_AA_H250	323	151	332	0.70042194092827	1.4800111055374146	1.573439121246338	1.2801616191864014	0.2975951889924902	0.3022483182119467	0.4628345396650005	0.8	1.0	1	True	True
Mars_2020_IBS	s__Oscillospiraceae_unclassified_SGB15256	323	151	10	0.02109704641350211	0.027119113132357597	0.0216989163309335	0.0387133099138736	-0.8351774461760239	0.5699519443756157	0.7012753967236822	0.0	1.0	1	False	False
Mars_2020_IBS	s__Parabacteroides_distasonis	323	151	287	0.6054852320675106	0.4362349510192871	0.4149427711963653	0.4817804992198944	-0.2154631431530373	0.4734532210940443	0.6362882884645393	0.0	1.0	1	False	False
Mars_2020_IBS	s__Parabacteroides_goldsteinii	323	151	16	0.03375527426160337	0.01621529646217823	0.0214136857539415	0.0050955628976225	2.0710039746586864	0.5368108222985772	0.6816180774871793	0.0	1.0	1	False	False
Mars_2020_IBS	s__Parabacteroides_merdae	323	151	252	0.5316455696202531	0.37638425827026367	0.4008086919784546	0.3241386115550995	0.3063020584555803	0.3843224378842141	0.5516877817752379	0.0	1.0	1	False	False
Mars_2020_IBS	s__Parabacteroides_sp_AGMB00274	323	151	12	0.02531645569620253	0.011951055377721786	0.0012306501157581	0.0348827838897705	-4.823892157661311	9.942346953395588e-05	0.0010050415942019	0.0	1.0	1	False	False
Mars_2020_IBS	s__Paraprevotella_clara	323	151	51	0.10759493670886076	0.031648099422454834	0.0355093516409397	0.0233886092901229	0.602371884197861	0.6083144375841024	0.7271625025105595	0.0	1.0	1	False	False
Mars_2020_IBS	s__Parasutterella_SGB9260	323	151	48	0.10126582278481013	0.03868318721652031	0.0424215458333492	0.0306865591555833	0.4671773010384677	0.8917425976761272	0.9240034672326216	0.0	1.0	1	False	False
Mars_2020_IBS	s__Parasutterella_excrementihominis	323	151	79	0.16666666666666666	0.06670472770929337	0.0925270617008209	0.0114688742905855	3.0120413897178704	1.1817167637835973e-05	0.0001894821707446	0.8	1.0	1	True	True
Mars_2020_IBS	s__Phascolarctobacterium_faecium	323	151	136	0.2869198312236287	0.31624284386634827	0.335685521364212	0.2746535837650299	0.2894962409778659	0.6244949050832562	0.7372794883730912	0.0	1.0	1	False	False
Mars_2020_IBS	s__Phascolarctobacterium_succinatutens	323	151	83	0.1751054852320675	0.11399313807487488	0.0549754500389099	0.240236297249794	-2.1275744925997517	0.0150235258317373	0.0502585576385456	0.2	1.0	1	True	True
Mars_2020_IBS	s__Phocaeicola_coprocola	323	151	32	0.06751054852320675	0.19634279608726501	0.1083846464753151	0.3844916522502899	-1.8267823151341571	0.0005706730541396	0.0040825072334605	0.0	1.0	1	False	False
Mars_2020_IBS	s__Phocaeicola_coprophilus	323	151	15	0.03164556962025317	0.030108440667390823	0.0063615478575229	0.0809047669172287	-3.66856603286588	0.0163175801159908	0.0533038834369741	0.0	1.0	1	False	False
Mars_2020_IBS	s__Phocaeicola_dorei	323	151	150	0.31645569620253167	1.0866727828979492	1.2302614450454712	0.7795261740684509	0.6582948897046101	0.0036017042558526	0.0170897191731784	1.0	1.0	1	True	True
Mars_2020_IBS	s__Phocaeicola_massiliensis	323	151	105	0.22151898734177214	0.31590208411216736	0.219202384352684	0.5227499008178711	-1.253853570195818	0.000165917524223	0.0014287342363648	0.8	1.0	1	True	True
Mars_2020_IBS	s__Phocaeicola_plebeius	323	151	23	0.04852320675105485	0.06897532194852829	0.1005464643239975	0.001442317967303	6.122343724073897	0.1133858050580473	0.2302375517554235	0.0	1.0	1	False	False
Mars_2020_IBS	s__Phocaeicola_vulgatus	323	151	387	0.8164556962025317	4.450631618499756	4.690046310424805	3.938506841659546	0.2519533277054714	0.5427929493133408	0.6840073751509579	1.0	1.0	1	True	True
Mars_2020_IBS	s__Prevotella_SGB1671	323	151	18	0.0379746835443038	0.07725909352302551	0.0009375542285852	0.2405164092779159	-8.001485503743258	1.4784308218149596e-06	3.81927962302198e-05	0.0	1.0	1	False	False
Mars_2020_IBS	s__Prevotella_dentalis	323	151	22	0.046413502109704644	0.030309809371829033	0.0063252011314034	0.0816146358847618	-3.689434239637739	2.5894130024772494e-06	6.337247611325901e-05	0.0	1.0	1	False	False
Mars_2020_IBS	s__Prevotella_pectinovora	323	151	11	0.023206751054852322	0.01473531685769558	0.0	0.0462552309036254	-15.4973600951954	9.533539023484275e-07	2.864906724385905e-05	0.0	1.0	1	False	False
Mars_2020_IBS	s__Prevotella_stercorea	323	151	19	0.04008438818565401	0.0579804852604866	0.0428930334746837	0.0902536436915397	-1.0732241780410163	6.853808395384244e-05	0.000724322932694	0.0	1.0	1	False	False
Mars_2020_IBS	s__Pseudoflavonifractor_phocaeensis	323	151	29	0.06118143459915612	0.025231393054127693	0.0359362512826919	0.0023329139221459	3.944656807639099	0.000737762203232	0.0050449915368077	0.0	1.0	1	False	False
Mars_2020_IBS	s__Pseudoruminococcus_massiliensis	323	151	83	0.1751054852320675	0.3892873227596283	0.4396926760673523	0.2814666032791137	0.643529904324236	0.202842254260501	0.3417451022867137	0.0	1.0	1	False	False
Mars_2020_IBS	s__Rikenellaceae_bacterium	323	151	31	0.06540084388185655	0.06142134964466095	0.0797378048300743	0.0222411267459392	1.841987239416148	0.116356740721493	0.2335524731711461	0.0	1.0	1	False	False
Mars_2020_IBS	s__Romboutsia_timonensis	323	151	104	0.21940928270042195	0.056438103318214417	0.0688802748918533	0.0298233795911073	1.2076197179747157	0.2953033883014904	0.4577202518673101	0.0	1.0	1	False	False
Mars_2020_IBS	s__Roseburia_faecis	323	151	271	0.5717299578059072	0.9053851962089539	0.8423830270767212	1.0401514768600464	-0.3042450438215946	0.0238364557020817	0.0684194561819012	0.6	1.0	1	True	True
Mars_2020_IBS	s__Roseburia_hominis	323	151	170	0.35864978902953587	0.15031713247299194	0.1421766281127929	0.1677302569150924	-0.2384570895148494	0.3975927382890191	0.56194718329603	0.0	1.0	1	False	False
Mars_2020_IBS	s__Roseburia_intestinalis	323	151	208	0.4388185654008439	0.483297735452652	0.568710207939148	0.30059415102005	0.919874499696302	0.9427733628996336	0.950953608998546	0.0	1.0	1	False	False
Mars_2020_IBS	s__Roseburia_inulinivorans	323	151	197	0.41561181434599154	0.22483685612678528	0.2325212061405182	0.2083994746208191	0.1580099385705506	0.2347718527507187	0.3857558711275061	0.0	1.0	1	False	False
Mars_2020_IBS	s__Roseburia_sp_AF02_12	323	151	117	0.2468354430379747	0.20978976786136627	0.1575088202953338	0.3216225206851959	-1.0299311368608377	3.826796992894228e-05	0.0004942946115821	0.0	1.0	1	False	False
Mars_2020_IBS	s__Roseburia_sp_AM59_24XD	323	151	17	0.035864978902953586	0.026924727484583855	0.0206386074423789	0.0403711907565593	-0.9679463438447378	0.1729556736433214	0.3076243726037905	0.0	1.0	1	False	False
Mars_2020_IBS	s__Roseburia_sp_BX1005	323	151	16	0.03375527426160337	0.003257657866925001	0.0017278636805713	0.0065299998968839	-1.917479767279459	0.033735502480036	0.0906763505966285	0.0	1.0	1	False	False
Mars_2020_IBS	s__Ruminococcus_SGB4421	323	151	25	0.052742616033755275	0.053236350417137146	0.0065734055824577	0.1530517935752868	-4.541025106835242	6.786354716227193e-06	0.0001168761090016	0.0	1.0	1	False	False
Mars_2020_IBS	s__Ruminococcus_bicirculans	323	151	244	0.5147679324894515	1.7426981925964355	1.443387746810913	2.3829445838928223	-0.723286094888428	0.5201447198801747	0.6718535965118924	0.4	1.0	1	True	True
Mars_2020_IBS	s__Ruminococcus_bovis	323	151	41	0.08649789029535865	0.44853681325912476	0.5848822593688965	0.1568839699029922	1.898441552611204	0.2453312367183182	0.3961077259514514	0.0	1.0	1	False	False
Mars_2020_IBS	s__Ruminococcus_bromii	323	151	336	0.7088607594936709	5.736276626586914	5.461182594299316	6.324721813201904	-0.2117885955446042	0.0006087521508966	0.0042889356085901	1.0	1.0	1	True	True
Mars_2020_IBS	s__Ruminococcus_callidus	323	151	107	0.22573839662447256	0.2664658725261688	0.2864233255386352	0.2237754166126251	0.3560960221477803	0.0889608008484219	0.1942101990352873	0.0	1.0	1	False	False
Mars_2020_IBS	s__Ruminococcus_gnavus	323	151	242	0.510548523206751	0.44124066829681396	0.418201744556427	0.4905224740505218	-0.2301196484209028	0.0082890805877102	0.0321921466089199	0.6	1.0	1	True	True
Mars_2020_IBS	s__Ruminococcus_lactaris	323	151	153	0.3227848101265823	0.3732134997844696	0.3556141555309295	0.4108597636222839	-0.2083327526572254	0.0343592177279778	0.0917079922846722	0.0	1.0	1	False	False
Mars_2020_IBS	s__Ruminococcus_sp_AF41_9	323	151	25	0.052742616033755275	0.02434002235531807	0.0066305580548942	0.0622218549251556	-3.2300248204790027	0.0212212298921967	0.0647313142007822	0.0	1.0	1	False	False
Mars_2020_IBS	s__Ruminococcus_torques	323	151	341	0.7194092827004219	1.3443174362182617	1.5686366558074951	0.8644818663597107	0.8596028627171458	4.823402107189813e-06	9.345341582680264e-05	1.0	1.0	1	True	True
Mars_2020_IBS	s__Ruthenibacterium_lactatiformans	323	151	257	0.5421940928270043	0.26921147108078003	0.3149433135986328	0.1713876724243164	0.8778250025334571	0.0008956003684532	0.0058655517088841	0.8	1.0	1	True	True
Mars_2020_IBS	s__Segatella_brunsvicensis	323	151	15	0.03164556962025317	0.05860709398984909	0.0007123529212549	0.182448148727417	-7.998662698036714	3.332153672523732e-06	6.897436105826096e-05	0.0	1.0	1	False	False
Mars_2020_IBS	s__Segatella_copri	323	151	96	0.20253164556962025	1.0030593872070312	0.6853975057601929	1.6825611591339111	-1.295644851760466	0.0001097376634312	0.0010630836144906	0.4	1.0	1	True	True
Mars_2020_IBS	s__Segatella_sinensis	323	151	11	0.023206751054852322	0.10691207647323608	0.0017303714994341	0.3319033980369568	-7.582708620142181	0.0029579206136475	0.0146322668653841	0.0	1.0	1	False	False
Mars_2020_IBS	s__Sellimonas_intestinalis	323	151	52	0.10970464135021098	0.027538038790225983	0.0359453856945037	0.0095541048794984	1.911503105301931	0.3344972857605287	0.5001325976805333	0.0	1.0	1	False	False
Mars_2020_IBS	s__Senegalimassilia_anaerobia	323	151	14	0.029535864978902954	0.00856915581971407	0.0117091024294495	0.0018525827908888	2.6593652351333343	0.1507807042351382	0.2741796271002303	0.0	1.0	1	False	False
Mars_2020_IBS	s__Simiaoa_sunii	323	151	79	0.16666666666666666	0.12102025747299194	0.1492039561271667	0.0607332400977611	1.2967134601868535	0.7918582654168215	0.8603133023804251	0.0	1.0	1	False	False
Mars_2020_IBS	s__Slackia_SGB14778	323	151	20	0.04219409282700422	0.024969788268208504	0.0345552638173103	0.0044657615944743	2.9516460829342344	0.8041682887090388	0.8696238470923326	0.0	1.0	1	False	False
Mars_2020_IBS	s__Slackia_isoflavoniconvertens	323	151	14	0.029535864978902954	0.01426168717443943	0.0067052012309432	0.0304255615919828	-2.1817636293244447	0.0085229515926227	0.0327534916575999	0.0	1.0	1	False	False
Mars_2020_IBS	s__Slackia_piriformis	323	151	21	0.04430379746835443	0.029271749779582024	0.0238851066678762	0.0407941713929176	-0.7722266818109113	0.1144291154027051	0.2313458202706864	0.0	1.0	1	False	False
Mars_2020_IBS	s__Streptococcus_australis	323	151	11	0.023206751054852322	0.005984768271446228	0.0074419509619474	0.0028677484951913	1.375453238995935	0.1034914810037836	0.2138823940744861	0.0	1.0	1	False	False
Mars_2020_IBS	s__Streptococcus_parasanguinis	323	151	73	0.1540084388185654	0.0654558464884758	0.0951782613992691	0.0018774172058328	5.663057825621514	3.144739782172151e-08	2.089005712442929e-06	1.0	1.0	1	True	True
Mars_2020_IBS	s__Streptococcus_salivarius	323	151	194	0.4092827004219409	0.39172542095184326	0.5084714889526367	0.1419971585273742	1.840297498202006	3.720582702198927e-08	2.1625886956531264e-06	1.0	1.0	1	True	True
Mars_2020_IBS	s__Streptococcus_thermophilus	323	151	135	0.2848101265822785	0.3456633687019348	0.4237231612205505	0.1786878854036331	1.2456754947688102	0.0298100610862306	0.0815392847358661	0.0	1.0	1	False	False
Mars_2020_IBS	s__Streptococcus_vestibularis	323	151	12	0.02531645569620253	0.009452532045543194	0.0133950468152761	0.0010192053159698	3.714875894553395	0.0763789499380297	0.1675293005716219	0.0	1.0	1	False	False
Mars_2020_IBS	s__Sutterella_wadsworthensis	323	151	73	0.1540084388185654	0.1134873554110527	0.073985755443573	0.1979841738939285	-1.4200534597561227	2.9531333908040254e-07	1.0563130974799012e-05	0.8	1.0	1	True	True
Mars_2020_IBS	s__Turicibacter_bilis	323	151	30	0.06329113924050633	0.00944451428949833	0.010556872934103	0.0070650987327098	0.5793333952573038	0.5580216012583699	0.6937969106554598	0.0	1.0	1	False	False
Mars_2020_IBS	s__Turicibacter_sanguinis	323	151	20	0.04219409282700422	0.006011561490595341	0.0074114240705966	0.0030171524267643	1.2962797528254049	0.4966227005922162	0.6505057909165649	0.0	1.0	1	False	False
Mars_2020_IBS	s__Tyzzerella_SGB4587	323	151	20	0.04219409282700422	0.07621196657419205	0.092532567679882	0.041300993412733	1.1637654017707064	0.2392917737659217	0.3904234203549249	0.0	1.0	1	False	False
Mars_2020_IBS	s__Tyzzerella_nexilis	323	151	54	0.11392405063291139	0.2554941475391388	0.3258883059024811	0.1049158945679664	1.6351349995786235	0.0199048146420252	0.0617049253902784	0.0	1.0	1	False	False
Mars_2020_IBS	s__Veillonella_dispar	323	151	19	0.04008438818565401	0.005487214773893356	0.0078199068084359	0.0004974172334186	3.971910035599849	0.0399579156054542	0.1035530980550171	0.0	1.0	1	False	False
Mars_2020_IBS	s__Veillonella_parvula	323	151	16	0.03375527426160337	0.021687805652618408	0.0154523830860853	0.0350258275866508	-1.1805376173421516	0.2586997408879503	0.4119704777838935	0.0	1.0	1	False	False
Mars_2020_IBS	s__Veillonella_ratti	323	151	16	0.03375527426160337	0.05944111943244934	0.0433544591069221	0.0938516482710838	-1.1141837926580471	0.2920851881625447	0.4542461956374022	0.0	1.0	1	False	False
Mars_2020_IBS	s__Veillonella_rogosae	323	151	10	0.02109704641350211	0.039944641292095184	0.0053870901465415	0.1138657554984092	-4.401428801207237	0.9125157385390684	0.9331353057916872	0.0	1.0	1	False	False
Mars_2020_IBS	s__Vescimonas_SGB15087	323	151	13	0.027426160337552744	0.008277004584670067	0.0094533758237957	0.0057606627233326	0.7144970044765738	0.6216532209866239	0.7372794883730912	0.0	1.0	1	False	False
Mars_2020_IBS	s__Vescimonas_coprocola	323	151	181	0.3818565400843882	0.4608730673789978	0.509152889251709	0.3575987219810486	0.5097561547849907	0.042532435335533	0.1086680353352905	0.0	1.0	1	False	False
Mars_2020_IBS	s__Wansuia_hejianensis	323	151	60	0.12658227848101267	0.00802599173039198	0.0086123216897249	0.0067717884667217	0.346819776916409	0.2420537656632165	0.3921777039491139	0.0	1.0	1	False	False
Mars_2020_IBS	s__Wujia_chipingensis	323	151	76	0.16033755274261605	0.17842167615890503	0.0910411775112152	0.3653349578380584	-2.0046167875655185	1.599573357183987e-08	1.487603222181108e-06	0.6	1.0	1	True	True
Mars_2020_IBS	s__bacterium_210917_DFI_7_65	323	151	10	0.02109704641350211	0.0009080590098164976	0.0008624768233858	0.0010055629536509	-0.2212080458667411	0.5837716784818419	0.7143521855106749	0.0	1.0	1	False	False
