disease	project_accession	auc	ci_lower	ci_upper	heldout_cases	heldout_controls	selected_k	bootstrap_iterations	permutation_p_one_sided	permutation_iterations
CRA	PRJNA447983	0.566951566951567	0.4237713675213675	0.7094017094017094	27	52	183	5000	0.1629674065186962	5000
CRA	PRJDB4176	0.5385270877446676	0.4578797190517998	0.618556008882921	67	289	171	5000	0.1759648070385922	5000
CRA	PRJNA706060	0.5361702127659576	0.4082380319148936	0.6638297872340425	40	47	85	5000	0.281743651269746	5000
CRA	PRJEB6070	0.5326599326599326	0.3676767676767677	0.6902356902356902	15	99	96	5000	0.3451309738052389	5000
CRA	PRJNA784939	0.488522967036768	0.4587872587423471	0.5175075014700287	419	552	47	5000	0.7704459108178364	5000
CRA	PRJEB7774	0.4071259709557582	0.3032759202971969	0.513677811550152	47	63	131	5000	0.9528094381123776	5000
CRC	PRJNA706060	0.8516093835242771	0.7686852154937263	0.9247135842880524	39	47	19	5000	0.0001999600079984	5000
CRC	PRJEB7774	0.8271221532091098	0.7467218771566597	0.903045203588682	46	63	24	5000	0.0001999600079984	5000
CRC	PRJEB10878	0.8203203203203203	0.7481231231231231	0.8851351351351351	74	54	16	5000	0.0001999600079984	5000
CRC	PRJEB27928	0.7805555555555556	0.6944444444444445	0.8586180555555554	60	60	62	5000	0.0001999600079984	5000
CRC	PRJNA447983	0.7476355611601513	0.6727616645649432	0.8210907944514502	61	52	18	5000	0.0001999600079984	5000
CRC	PRJEB6070	0.7190365190365191	0.6402486402486403	0.7981371406371406	65	99	16	5000	0.0001999600079984	5000
CRC	PRJEB12449	0.7069156804733728	0.6238812869822484	0.7858727810650887	52	52	18	5000	0.0001999600079984	5000
CRC	PRJDB4176	0.6489831846051114	0.6105627390274996	0.687126661810235	285	289	23	5000	0.0001999600079984	5000
CRC	PRJNA731589	0.5955505279034691	0.5090460030165912	0.680999245852187	78	85	95	5000	0.017996400719856	5000
IBD	PRJNA400072	0.9086454703832751	0.8555095818815331	0.9539443597560976	164	56	185	5000	0.0001999600079984	5000
IBD	PRJNA562600	0.8560126582278481	0.7850738396624473	0.919831223628692	79	48	184	5000	0.0001999600079984	5000
IBD	PRJEB15371	0.7898295120517342	0.7060552616108172	0.8644988242210464	63	54	145	5000	0.0001999600079984	5000
IBD	PRJNA285502	0.7272727272727273	0.5454545454545454	0.8878787878787879	30	11	198	5000	0.0135972805438912	5000
IBD	PRJNA398089	0.7223749756406509	0.6866959511716848	0.7558726584575659	933	352	17	5000	0.0001999600079984	5000
IBD	PRJNA385949	0.7056283502084574	0.6307242033948779	0.7787745681953543	184	73	41	5000	0.0001999600079984	5000
IBD	PRJNA993675	0.6741493925401972	0.6289864549562826	0.7195576268133739	783	156	25	5000	0.0001999600079984	5000
IBD	PRJNA1056458	0.5798319327731093	0.3921568627450981	0.7647058823529411	17	21	147	5000	0.2035592881423715	5000
IBD	PRJEB21933	0.3597222222222223	0.1888888888888888	0.5416666666666666	18	20	137	5000	0.9394121175764848	5000
