analysis_set	species
CRC_CRA	s__Abiotrophia_defectiva
CRC_CRA	s__Acidaminococcus_intestini
CRC_CRA	s__Acidaminococcus_massiliensis
CRC_CRA	s__Actinobaculum_sp_oral_taxon_183
CRC_CRA	s__Actinomyces_SGB17132
CRC_CRA	s__Adlercreutzia_equolifaciens
CRC_CRA	s__Aggregatibacter_segnis
CRC_CRA	s__Alistipes_SGB2300
CRC_CRA	s__Alistipes_finegoldii
CRC_CRA	s__Alistipes_ihumii
CRC_CRA	s__Alistipes_indistinctus
CRC_CRA	s__Alistipes_onderdonkii
CRC_CRA	s__Alistipes_provencensis
CRC_CRA	s__Alistipes_shahii
CRC_CRA	s__Alloprevotella_tannerae
CRC_CRA	s__Anaerobutyricum_hallii
CRC_CRA	s__Anaerococcus_obesiensis
CRC_CRA	s__Anaerofilum_hominis
CRC_CRA	s__Anaerostipes_hadrus
CRC_CRA	s__Anaerotignum_faecicola
CRC_CRA	s__Anaerotruncus_colihominis
CRC_CRA	s__Anaerotruncus_massiliensis
CRC_CRA	s__Bacteroides_caccae
CRC_CRA	s__Bacteroides_cellulosilyticus
CRC_CRA	s__Bacteroides_fragilis
CRC_CRA	s__Bacteroides_nordii
CRC_CRA	s__Bifidobacterium_breve
CRC_CRA	s__Blastocystis_sp_subtype_3
CRC_CRA	s__Bulleidia_extructa
CRC_CRA	s__Butyricicoccus_faecihominis
CRC_CRA	s__Butyricicoccus_intestinisimiae
CRC_CRA	s__Butyricimonas_virosa
CRC_CRA	s__Candidatus_Cibionibacter_quicibialis
CRC_CRA	s__Candidatus_Nanoperiomorbus_periodonticus
CRC_CRA	s__Candidatus_Nanosynsacchari_sp_TM7_ANC_38_39_G1_1
CRC_CRA	s__Candidatus_Saccharibacteria_unclassified_SGB19846
CRC_CRA	s__Candidatus_Stoquefichus_sp_SB1
CRC_CRA	s__Christensenella_hongkongensis
CRC_CRA	s__Christensenella_minuta
CRC_CRA	s__Cloacibacillus_porcorum
CRC_CRA	s__Clostridia_bacterium
CRC_CRA	s__Clostridiaceae_bacterium
CRC_CRA	s__Clostridiaceae_bacterium_Marseille_Q4149
CRC_CRA	s__Clostridiales_bacterium_KLE1615
CRC_CRA	s__Clostridiales_bacterium_Marseille_P2846
CRC_CRA	s__Clostridium_saccharogumia
CRC_CRA	s__Clostridium_scindens
CRC_CRA	s__Clostridium_sp_AF12_28
CRC_CRA	s__Clostridium_sp_AM42_4
CRC_CRA	s__Clostridium_sp_C5_48
CRC_CRA	s__Clostridium_sp_Marseille_P3244
CRC_CRA	s__Clostridium_symbiosum
CRC_CRA	s__Collinsella_sp_AF08_23
CRC_CRA	s__Coprobacillus_sp_AF33_1AC
CRC_CRA	s__Dialister_pneumosintes
CRC_CRA	s__Dielma_fastidiosa
CRC_CRA	s__Dysosmobacter_welbionis
CRC_CRA	s__Eikenella_corrodens
CRC_CRA	s__Eisenbergiella_massiliensis
CRC_CRA	s__Eisenbergiella_sp_OF01_20
CRC_CRA	s__Eisenbergiella_tayi
CRC_CRA	s__Enterobacter_asburiae
CRC_CRA	s__Enterobacter_ludwigii
CRC_CRA	s__Enterocloster_aldenensis
CRC_CRA	s__Enterocloster_bolteae
CRC_CRA	s__Enterocloster_citroniae
CRC_CRA	s__Enterocloster_clostridioformis
CRC_CRA	s__Enterocloster_hominis
CRC_CRA	s__Enterocloster_lavalensis
CRC_CRA	s__Enterococcus_durans
CRC_CRA	s__Escherichia_coli
CRC_CRA	s__Eubacteriales_Family_XIII_Incertae_Sedis_unclassified_SGB3978
CRC_CRA	s__Eubacteriales_unclassified_SGB15148
CRC_CRA	s__Eubacterium_maltosivorans
CRC_CRA	s__Eubacterium_ventriosum
CRC_CRA	s__Faecalibacterium_SGB15346
CRC_CRA	s__Faecalibacterium_prausnitzii
CRC_CRA	s__Faecalicatena_contorta
CRC_CRA	s__Faecalicoccus_pleomorphus
CRC_CRA	s__Flavonifractor_plautii
CRC_CRA	s__Fumia_xinanensis
CRC_CRA	s__Fusicatenibacter_saccharivorans
CRC_CRA	s__Fusicatenibacter_sp_CLA_AA_H277
CRC_CRA	s__Fusobacterium_SGB6028
CRC_CRA	s__Fusobacterium_nucleatum
CRC_CRA	s__Fusobacterium_periodonticum
CRC_CRA	s__Fusobacterium_ulcerans
CRC_CRA	s__GGB1146_SGB1472
CRC_CRA	s__GGB1332_SGB1789
CRC_CRA	s__GGB13404_SGB14252
CRC_CRA	s__GGB1385_SGB1890
CRC_CRA	s__GGB1568_SGB2155
CRC_CRA	s__GGB2653_SGB3574
CRC_CRA	s__GGB27106_SGB6188
CRC_CRA	s__GGB2734_SGB3677
CRC_CRA	s__GGB2977_SGB3959
CRC_CRA	s__GGB2987_SGB3969
CRC_CRA	s__GGB2998_SGB3988
CRC_CRA	s__GGB3002_SGB3993
CRC_CRA	s__GGB3139_SGB4152
CRC_CRA	s__GGB31460_SGB6499
CRC_CRA	s__GGB3175_SGB4191
CRC_CRA	s__GGB3189_SGB4212
CRC_CRA	s__GGB3281_SGB4335
CRC_CRA	s__GGB3288_SGB4342
CRC_CRA	s__GGB3289_SGB4343
CRC_CRA	s__GGB3303_SGB4364
CRC_CRA	s__GGB3304_SGB4367
CRC_CRA	s__GGB3345_SGB4425
CRC_CRA	s__GGB33512_SGB15201
CRC_CRA	s__GGB33516_SGB54324
CRC_CRA	s__GGB34797_SGB14322
CRC_CRA	s__GGB3486_SGB4658
CRC_CRA	s__GGB3490_SGB4664
CRC_CRA	s__GGB3491_SGB4665
CRC_CRA	s__GGB3496_SGB4671
CRC_CRA	s__GGB3550_SGB4746
CRC_CRA	s__GGB3585_SGB4803
CRC_CRA	s__GGB3740_SGB5076
CRC_CRA	s__GGB3818_SGB5183
CRC_CRA	s__GGB3819_SGB5184
CRC_CRA	s__GGB3828_SGB5197
CRC_CRA	s__GGB3883_SGB5265
CRC_CRA	s__GGB3887_SGB5270
CRC_CRA	s__GGB3892_SGB5290
CRC_CRA	s__GGB38987_SGB63305
CRC_CRA	s__GGB40351_SGB14301
CRC_CRA	s__GGB45495_SGB63167
CRC_CRA	s__GGB4552_SGB6276
CRC_CRA	s__GGB4567_SGB6308
CRC_CRA	s__GGB4578_SGB6328
CRC_CRA	s__GGB4584_SGB6338
CRC_CRA	s__GGB4588_SGB6347
CRC_CRA	s__GGB4596_SGB6358
CRC_CRA	s__GGB4599_SGB6362
CRC_CRA	s__GGB4603_SGB6367
CRC_CRA	s__GGB4604_SGB6370
CRC_CRA	s__GGB4642_SGB6422
CRC_CRA	s__GGB4659_SGB6447
CRC_CRA	s__GGB4689_SGB6486
CRC_CRA	s__GGB4699_SGB6503
CRC_CRA	s__GGB4713_SGB6526
CRC_CRA	s__GGB4717_SGB6533
CRC_CRA	s__GGB4774_SGB6609
CRC_CRA	s__GGB48168_SGB66171
CRC_CRA	s__GGB51269_SGB5061
CRC_CRA	s__GGB51269_SGB5062
CRC_CRA	s__GGB51441_SGB71759
CRC_CRA	s__GGB52002_SGB72669
CRC_CRA	s__GGB52930_SGB73859
CRC_CRA	s__GGB58233_SGB79883
CRC_CRA	s__GGB6007_SGB8634
CRC_CRA	s__GGB6470_SGB9153
CRC_CRA	s__GGB6544_SGB9243
CRC_CRA	s__GGB71580_SGB98325
CRC_CRA	s__GGB74665_SGB13972
CRC_CRA	s__GGB74701_SGB54318
CRC_CRA	s__GGB74708_SGB54312
CRC_CRA	s__GGB74802_SGB47402
CRC_CRA	s__GGB79104_SGB105821
CRC_CRA	s__GGB79118_SGB105839
CRC_CRA	s__GGB87445_SGB15180
CRC_CRA	s__GGB9059_SGB13976
CRC_CRA	s__GGB9088_SGB14017
CRC_CRA	s__GGB9089_SGB14018
CRC_CRA	s__GGB9091_SGB14020
CRC_CRA	s__GGB9102_SGB54310
CRC_CRA	s__GGB9266_SGB14215
CRC_CRA	s__GGB9266_SGB14216
CRC_CRA	s__GGB9288_SGB14243
CRC_CRA	s__GGB9296_SGB14253
CRC_CRA	s__GGB9365_SGB14342
CRC_CRA	s__GGB9370_SGB14351
CRC_CRA	s__GGB9380_SGB14375
CRC_CRA	s__GGB9383_SGB72489
CRC_CRA	s__GGB9480_SGB14874
CRC_CRA	s__GGB9512_SGB14909
CRC_CRA	s__GGB9536_SGB14939
CRC_CRA	s__GGB9589_SGB15011
CRC_CRA	s__GGB9593_SGB15015
CRC_CRA	s__GGB9597_SGB15022
CRC_CRA	s__GGB9603_SGB15035
CRC_CRA	s__GGB9608_SGB15041
CRC_CRA	s__GGB9616_SGB15051
CRC_CRA	s__GGB9618_SGB15065
CRC_CRA	s__GGB9621_SGB15072
CRC_CRA	s__GGB9636_SGB15108
CRC_CRA	s__GGB9667_SGB15164
CRC_CRA	s__GGB9668_SGB15165
CRC_CRA	s__GGB9677_SGB15179
CRC_CRA	s__GGB9694_SGB15204
CRC_CRA	s__GGB9695_SGB15210
CRC_CRA	s__GGB9695_SGB15211
CRC_CRA	s__GGB9712_SGB15244
CRC_CRA	s__GGB9715_SGB15260
CRC_CRA	s__GGB9719_SGB15273
CRC_CRA	s__GGB9719_SGB53514
CRC_CRA	s__GGB9737_SGB15309
CRC_CRA	s__GGB9758_SGB15368
CRC_CRA	s__GGB9759_SGB15372
CRC_CRA	s__GGB9760_SGB15373
CRC_CRA	s__GGB9770_SGB15389
CRC_CRA	s__GGB9773_SGB15393
CRC_CRA	s__GGB9775_SGB15395
CRC_CRA	s__GGB9813_SGB15447
CRC_CRA	s__Gemella_morbillorum
CRC_CRA	s__Gemmiger_SGB15301
CRC_CRA	s__Gemmiger_formicilis
CRC_CRA	s__Granulicatella_SGB8239
CRC_CRA	s__Granulicatella_adiacens
CRC_CRA	s__Haemophilus_haemolyticus
CRC_CRA	s__Haemophilus_parahaemolyticus
CRC_CRA	s__Hungatella_hathewayi
CRC_CRA	s__Hydrogenoanaerobacterium_SGB53821
CRC_CRA	s__Intestinibacillus_massiliensis
CRC_CRA	s__Jilunia_laotingensis
CRC_CRA	s__Jingyaoa_shaoxingensis
CRC_CRA	s__Jutongia_hominis
CRC_CRA	s__Klebsiella_aerogenes
CRC_CRA	s__Klebsiella_oxytoca
CRC_CRA	s__Klebsiella_pneumoniae
CRC_CRA	s__Lachnoanaerobaculum_orale
CRC_CRA	s__Lachnoclostridium_pacaense
CRC_CRA	s__Lachnospira_SGB5083
CRC_CRA	s__Lachnospira_eligens
CRC_CRA	s__Lachnospira_sp_NSJ_43
CRC_CRA	s__Lachnospiraceae_bacterium_OF09_6
CRC_CRA	s__Lachnotalea_sp_AF33_28
CRC_CRA	s__Lacrimispora_sp_210928_DFI_3_58
CRC_CRA	s__Lactococcus_cremoris
CRC_CRA	s__Lancefieldella_parvula
CRC_CRA	s__Lancefieldella_rimae
CRC_CRA	s__Lawsonibacter_faecis
CRC_CRA	s__Lawsonibacter_hominis
CRC_CRA	s__Leuconostoc_pseudomesenteroides
CRC_CRA	s__Ligilactobacillus_ruminis
CRC_CRA	s__Megasphaera_micronuciformis
CRC_CRA	s__Megasphaera_sp_AM44_1BH
CRC_CRA	s__Methanosphaera_stadtmanae
CRC_CRA	s__Mogibacterium_SGB3923
CRC_CRA	s__Mogibacterium_diversum
CRC_CRA	s__Mogibacterium_timidum
CRC_CRA	s__Morganella_morganii
CRC_CRA	s__Odoribacter_splanchnicus
CRC_CRA	s__Oribacterium_parvum
CRC_CRA	s__Parabacteroides_distasonis
CRC_CRA	s__Parascardovia_denticolens
CRC_CRA	s__Parvimonas_micra
CRC_CRA	s__Peptostreptococcus_SGB749
CRC_CRA	s__Peptostreptococcus_anaerobius
CRC_CRA	s__Peptostreptococcus_stomatis
CRC_CRA	s__Phocaeicola_faecalis
CRC_CRA	s__Phocea_massiliensis
CRC_CRA	s__Porphyromonas_SGB1977
CRC_CRA	s__Porphyromonas_SGB1980
CRC_CRA	s__Porphyromonas_SGB1982
CRC_CRA	s__Porphyromonas_asaccharolytica
CRC_CRA	s__Porphyromonas_endodontalis
CRC_CRA	s__Porphyromonas_somerae
CRC_CRA	s__Porphyromonas_uenonis
CRC_CRA	s__Prevotella_buccae
CRC_CRA	s__Prevotella_denticola
CRC_CRA	s__Prevotella_intermedia
CRC_CRA	s__Prevotella_melaninogenica
CRC_CRA	s__Prevotella_nigrescens
CRC_CRA	s__Prevotella_pallens
CRC_CRA	s__Prevotella_stercorea
CRC_CRA	s__Prevotella_timonensis
CRC_CRA	s__Prevotella_vespertina
CRC_CRA	s__Prevotellamassilia_timonensis
CRC_CRA	s__Propionibacterium_freudenreichii
CRC_CRA	s__Provencibacterium_massiliense
CRC_CRA	s__Pseudoflavonifractor_sp_AF19_9AC
CRC_CRA	s__Pseudoflavonifractor_sp_MSJ_37
CRC_CRA	s__Pseudomonas_aeruginosa
CRC_CRA	s__Pyramidobacter_piscolens
CRC_CRA	s__Raoultibacter_massiliensis
CRC_CRA	s__Roseburia_SGB4939
CRC_CRA	s__Roseburia_intestinalis
CRC_CRA	s__Ruminococcus_torques
CRC_CRA	s__Ruthenibacterium_lactatiformans
CRC_CRA	s__Schaalia_cardiffensis
CRC_CRA	s__Schaalia_turicensis
CRC_CRA	s__Segatella_hominis
CRC_CRA	s__Segatella_sinica
CRC_CRA	s__Slackia_SGB14780
CRC_CRA	s__Slackia_exigua
CRC_CRA	s__Solobacterium_SGB6828
CRC_CRA	s__Solobacterium_SGB6829
CRC_CRA	s__Solobacterium_moorei
CRC_CRA	s__Streptococcus_constellatus
CRC_CRA	s__Streptococcus_lutetiensis
CRC_CRA	s__Streptococcus_mitis
CRC_CRA	s__Streptococcus_sp_F0442
CRC_CRA	s__Streptococcus_thermophilus
CRC_CRA	s__TM7_phylum_sp_oral_taxon_349
CRC_CRA	s__Tyzzerella_nexilis
CRC_CRA	s__Victivallis_sp_Marseille_Q1083
CRC_CRA	s__Weissella_cibaria
CRC_CRA	s__Youxingia_wuxianensis
IBD	s__Actinobaculum_sp_oral_taxon_183
IBD	s__Actinomyces_SGB17132
IBD	s__Actinomyces_graevenitzii
IBD	s__Actinomyces_naeslundii
IBD	s__Actinomyces_oris
IBD	s__Actinomyces_sp_ph3
IBD	s__Adlercreutzia_equolifaciens
IBD	s__Aggregatibacter_segnis
IBD	s__Akkermansia_sp_KLE1798
IBD	s__Alistipes_SGB2313
IBD	s__Alistipes_communis
IBD	s__Alistipes_finegoldii
IBD	s__Alistipes_ihumii
IBD	s__Alistipes_putredinis
IBD	s__Alistipes_senegalensis
IBD	s__Alistipes_shahii
IBD	s__Alistipes_sp_AF17_16
IBD	s__Anaerococcus_obesiensis
IBD	s__Anaeroglobus_geminatus
IBD	s__Anaerostipes_butyraticus
IBD	s__Anaerostipes_caccae
IBD	s__Bacteroidales_bacterium
IBD	s__Bacteroides_congonensis
IBD	s__Bacteroides_fragilis
IBD	s__Bacteroides_intestinalis
IBD	s__Bariatricus_massiliensis
IBD	s__Barnesiella_intestinihominis
IBD	s__Bifidobacterium_animalis
IBD	s__Bifidobacterium_breve
IBD	s__Bifidobacterium_dentium
IBD	s__Bifidobacterium_pullorum
IBD	s__Bilophila_SGB69261
IBD	s__Blautia_SGB4833
IBD	s__Blautia_SGB59878
IBD	s__Blautia_luti
IBD	s__Blautia_producta
IBD	s__Brotolimicola_acetigignens
IBD	s__Butyricicoccus_SGB14985
IBD	s__Butyricimonas_faecihominis
IBD	s__Candidatus_Cibionibacter_quicibialis
IBD	s__Candidatus_Gastranaerophilales_bacterium
IBD	s__Christensenella_minuta
IBD	s__Christensenella_sp_Marseille_P3954
IBD	s__Citrobacter_braakii
IBD	s__Citrobacter_portucalensis
IBD	s__Clostridiaceae_bacterium_AF18_31LB
IBD	s__Clostridiaceae_bacterium_Marseille_Q4143
IBD	s__Clostridiaceae_bacterium_Marseille_Q4145
IBD	s__Clostridiaceae_unclassified_SGB15090
IBD	s__Clostridiaceae_unclassified_SGB4771
IBD	s__Clostridiales_bacterium_CHKCI006
IBD	s__Clostridiales_bacterium_KLE1615
IBD	s__Clostridioides_difficile
IBD	s__Clostridium_butyricum
IBD	s__Clostridium_fessum
IBD	s__Clostridium_paraputrificum
IBD	s__Clostridium_saccharogumia
IBD	s__Clostridium_scindens
IBD	s__Clostridium_sp_AF36_4
IBD	s__Clostridium_sp_AM49_4BH
IBD	s__Clostridium_symbiosum
IBD	s__Coprococcus_eutactus
IBD	s__Dakarella_massiliensis
IBD	s__Desulfovibrio_fairfieldensis
IBD	s__Desulfovibrio_piger
IBD	s__Dialister_pneumosintes
IBD	s__Drancourtella_massiliensis
IBD	s__Eggerthella_lenta
IBD	s__Enterobacter_hormaechei
IBD	s__Enterocloster_aldenensis
IBD	s__Enterocloster_bolteae
IBD	s__Enterocloster_clostridioformis
IBD	s__Enterocloster_lavalensis
IBD	s__Enterococcus_avium
IBD	s__Enterococcus_faecalis
IBD	s__Enterococcus_faecium
IBD	s__Enterococcus_raffinosus
IBD	s__Enteroscipio_rubneri
IBD	s__Erysipelatoclostridium_ramosum
IBD	s__Erysipelatoclostridium_sp_An15
IBD	s__Escherichia_coli
IBD	s__Eubacterium_siraeum
IBD	s__Eubacterium_sp_AF34_35BH
IBD	s__Eubacterium_ventriosum
IBD	s__Faecalicatena_fissicatena
IBD	s__Faecalicatena_orotica
IBD	s__Faecalimonas_umbilicata
IBD	s__Flavonifractor_plautii
IBD	s__Fusicatenibacter_sp_CLA_AA_H277
IBD	s__Fusobacterium_mortiferum
IBD	s__Fusobacterium_nucleatum
IBD	s__Fusobacterium_periodonticum
IBD	s__GGB13404_SGB14252
IBD	s__GGB13489_SGB15224
IBD	s__GGB2652_SGB3573
IBD	s__GGB2653_SGB3574
IBD	s__GGB2970_SGB3952
IBD	s__GGB2982_SGB3964
IBD	s__GGB2983_SGB3965
IBD	s__GGB2998_SGB3988
IBD	s__GGB2998_SGB3989
IBD	s__GGB3001_SGB3992
IBD	s__GGB3032_SGB4027
IBD	s__GGB3033_SGB4029
IBD	s__GGB3058_SGB4060
IBD	s__GGB3061_SGB4063
IBD	s__GGB3118_SGB4130
IBD	s__GGB3142_SGB4155
IBD	s__GGB3175_SGB4191
IBD	s__GGB3267_SGB4317
IBD	s__GGB32900_SGB53446
IBD	s__GGB3321_SGB4395
IBD	s__GGB3340_SGB4419
IBD	s__GGB3345_SGB4425
IBD	s__GGB33469_SGB15237
IBD	s__GGB3352_SGB62935
IBD	s__GGB33539_SGB53381
IBD	s__GGB33586_SGB53517
IBD	s__GGB34228_SGB72916
IBD	s__GGB3478_SGB4643
IBD	s__GGB34797_SGB14323
IBD	s__GGB3480_SGB4648
IBD	s__GGB3534_SGB4722
IBD	s__GGB3548_SGB4744
IBD	s__GGB3619_SGB4894
IBD	s__GGB3653_SGB4964
IBD	s__GGB36599_SGB9269
IBD	s__GGB3680_SGB4995
IBD	s__GGB3730_SGB5060
IBD	s__GGB38239_SGB47716
IBD	s__GGB4456_SGB6141
IBD	s__GGB4552_SGB6276
IBD	s__GGB4566_SGB6305
IBD	s__GGB4571_SGB6317
IBD	s__GGB4571_SGB6321
IBD	s__GGB4578_SGB6328
IBD	s__GGB4583_SGB6334
IBD	s__GGB4584_SGB6338
IBD	s__GGB4585_SGB6340
IBD	s__GGB4599_SGB6362
IBD	s__GGB4604_SGB6370
IBD	s__GGB4605_SGB6376
IBD	s__GGB4651_SGB6438
IBD	s__GGB4683_SGB6473
IBD	s__GGB4684_SGB6478
IBD	s__GGB51269_SGB5062
IBD	s__GGB51647_SGB4348
IBD	s__GGB51884_SGB49168
IBD	s__GGB51959_SGB72479
IBD	s__GGB52130_SGB14966
IBD	s__GGB58158_SGB79798
IBD	s__GGB6012_SGB8640
IBD	s__GGB6470_SGB9153
IBD	s__GGB6649_SGB9391
IBD	s__GGB79118_SGB105839
IBD	s__GGB81342_SGB47944
IBD	s__GGB9052_SGB13957
IBD	s__GGB9060_SGB13977
IBD	s__GGB9198_SGB14137
IBD	s__GGB9253_SGB14198
IBD	s__GGB9271_SGB14222
IBD	s__GGB9288_SGB14243
IBD	s__GGB9290_SGB14247
IBD	s__GGB9309_SGB14270
IBD	s__GGB9347_SGB14313
IBD	s__GGB9365_SGB14341
IBD	s__GGB9450_SGB14840
IBD	s__GGB9501_SGB14898
IBD	s__GGB9502_SGB14899
IBD	s__GGB9512_SGB14909
IBD	s__GGB9531_SGB14932
IBD	s__GGB9534_SGB14937
IBD	s__GGB9545_SGB14951
IBD	s__GGB9559_SGB14969
IBD	s__GGB9580_SGB14998
IBD	s__GGB9590_SGB15012
IBD	s__GGB9597_SGB15022
IBD	s__GGB9602_SGB15031
IBD	s__GGB9614_SGB15049
IBD	s__GGB9616_SGB15051
IBD	s__GGB9616_SGB15052
IBD	s__GGB9618_SGB15065
IBD	s__GGB9620_SGB15070
IBD	s__GGB9627_SGB15081
IBD	s__GGB9635_SGB15103
IBD	s__GGB9635_SGB15106
IBD	s__GGB9640_SGB15115
IBD	s__GGB9667_SGB15164
IBD	s__GGB9690_SGB15196
IBD	s__GGB9699_SGB15216
IBD	s__GGB9707_SGB15229
IBD	s__GGB9708_SGB15233
IBD	s__GGB9708_SGB15234
IBD	s__GGB9712_SGB15244
IBD	s__GGB9715_SGB15260
IBD	s__GGB9715_SGB15265
IBD	s__GGB9715_SGB15267
IBD	s__GGB9724_SGB15278
IBD	s__GGB9737_SGB15309
IBD	s__GGB9747_SGB15356
IBD	s__GGB9758_SGB15368
IBD	s__GGB9759_SGB15370
IBD	s__GGB9760_SGB15373
IBD	s__GGB9760_SGB15374
IBD	s__GGB9766_SGB15383
IBD	s__GGB9767_SGB15385
IBD	s__GGB9775_SGB15395
IBD	s__GGB9819_SGB15460
IBD	s__Gemella_morbillorum
IBD	s__Gemella_sanguinis
IBD	s__Gemmiger_SGB15295
IBD	s__Gemmiger_formicilis
IBD	s__Gemmiger_sp_An50
IBD	s__Granulicatella_SGB8255
IBD	s__Granulicatella_adiacens
IBD	s__Haemophilus_parainfluenzae
IBD	s__Haemophilus_sputorum
IBD	s__Hydrogeniiclostridium_mannosilyticum
IBD	s__Intestinibacter_bartlettii
IBD	s__Jilunia_laotingensis
IBD	s__Jutongia_huaianensis
IBD	s__Klebsiella_oxytoca
IBD	s__Klebsiella_pneumoniae
IBD	s__Klebsiella_quasipneumoniae
IBD	s__Kluyvera_ascorbata
IBD	s__Lachnospira_sp_NSJ_43
IBD	s__Lachnospiraceae_bacterium_AM48_27BH
IBD	s__Lachnospiraceae_bacterium_CLA_AA_H215
IBD	s__Lachnospiraceae_bacterium_CLA_AA_H244
IBD	s__Lachnospiraceae_bacterium_OM04_12BH
IBD	s__Lachnospiraceae_bacterium_oral_taxon_096
IBD	s__Lacticaseibacillus_paracasei
IBD	s__Lacticaseibacillus_rhamnosus
IBD	s__Lactiplantibacillus_plantarum
IBD	s__Lactobacillus_acidophilus
IBD	s__Lactobacillus_gasseri
IBD	s__Lactococcus_lactis
IBD	s__Lactonifactor_longoviformis
IBD	s__Lancefieldella_parvula
IBD	s__Lawsonibacter_SGB15145
IBD	s__Lawsonibacter_asaccharolyticus
IBD	s__Lawsonibacter_faecis
IBD	s__Leuconostoc_citreum
IBD	s__Ligaoa_zhengdingensis
IBD	s__Ligilactobacillus_salivarius
IBD	s__Limosilactobacillus_fermentum
IBD	s__Limosilactobacillus_mucosae
IBD	s__Mediterraneibacter_butyricigenes
IBD	s__Megasphaera_micronuciformis
IBD	s__Mitsuokella_jalaludinii
IBD	s__Mogibacterium_kristiansenii
IBD	s__Odoribacter_laneus
IBD	s__Oscillibacter_sp_ER4
IBD	s__Oscillibacter_sp_MSJ_31
IBD	s__Oscillibacter_valericigenes
IBD	s__Oscillospiraceae_bacterium
IBD	s__Oscillospiraceae_bacterium_CLA_AA_H250
IBD	s__Oscillospiraceae_bacterium_Marseille_Q3528
IBD	s__Oscillospiraceae_unclassified_SGB15252
IBD	s__Parabacteroides_faecis
IBD	s__Parabacteroides_sp_AGMB00274
IBD	s__Parvimonas_parva
IBD	s__Peptoniphilus_harei
IBD	s__Peptostreptococcus_stomatis
IBD	s__Prevotella_buccae
IBD	s__Proteus_mirabilis
IBD	s__Rikenellaceae_bacterium
IBD	s__Roseburia_inulinivorans
IBD	s__Roseburia_sp_AF02_12
IBD	s__Rothia_mucilaginosa
IBD	s__Rubneribacter_badeniensis
IBD	s__Ruminococcus_bicirculans
IBD	s__Ruminococcus_bromii
IBD	s__Ruminococcus_callidus
IBD	s__Ruminococcus_gnavus
IBD	s__Ruminococcus_lactaris
IBD	s__Scardovia_wiggsiae
IBD	s__Schaalia_SGB17153
IBD	s__Schaalia_SGB17158
IBD	s__Senegalimassilia_anaerobia
IBD	s__Simiaoa_sunii
IBD	s__Streptococcus_anginosus
IBD	s__Streptococcus_cristatus
IBD	s__Streptococcus_infantis
IBD	s__Streptococcus_mitis
IBD	s__Streptococcus_oralis
IBD	s__Streptococcus_parasanguinis
IBD	s__Streptococcus_salivarius
IBD	s__Streptococcus_sanguinis
IBD	s__Terrisporobacter_mayombei
IBD	s__Tyzzerella_nexilis
IBD	s__Veillonella_atypica
IBD	s__Veillonella_parvula
IBD	s__Veillonella_rogosae
IBD	s__Veillonella_seminalis
IBD	s__Veillonellaceae_bacterium
IBD	s__Vescimonas_coprocola
IBD	s__Victivallis_lenta
IBD	s__Wujia_chipingensis
IBD	s__bacterium_210917_SL_2_15
IBS_Mars_2020	s__Agathobaculum_butyriciproducens
IBS_Mars_2020	s__Akkermansia_muciniphila
IBS_Mars_2020	s__Alistipes_onderdonkii
IBS_Mars_2020	s__Alistipes_putredinis
IBS_Mars_2020	s__Alistipes_shahii
IBS_Mars_2020	s__Anaerobutyricum_hallii
IBS_Mars_2020	s__Anaerobutyricum_soehngenii
IBS_Mars_2020	s__Anaerostipes_hadrus
IBS_Mars_2020	s__Bacteroides_caccae
IBS_Mars_2020	s__Bacteroides_eggerthii
IBS_Mars_2020	s__Bacteroides_finegoldii
IBS_Mars_2020	s__Bacteroides_fragilis
IBS_Mars_2020	s__Bacteroides_ovatus
IBS_Mars_2020	s__Bacteroides_stercoris
IBS_Mars_2020	s__Bacteroides_thetaiotaomicron
IBS_Mars_2020	s__Bacteroides_uniformis
IBS_Mars_2020	s__Bacteroides_xylanisolvens
IBS_Mars_2020	s__Barnesiella_intestinihominis
IBS_Mars_2020	s__Bifidobacterium_adolescentis
IBS_Mars_2020	s__Bifidobacterium_catenulatum
IBS_Mars_2020	s__Bifidobacterium_longum
IBS_Mars_2020	s__Blautia_caecimuris
IBS_Mars_2020	s__Blautia_faecis
IBS_Mars_2020	s__Blautia_glucerasea
IBS_Mars_2020	s__Blautia_hydrogenotrophica
IBS_Mars_2020	s__Blautia_massiliensis
IBS_Mars_2020	s__Blautia_wexlerae
IBS_Mars_2020	s__Brotolimicola_acetigignens
IBS_Mars_2020	s__Candidatus_Cibionibacter_quicibialis
IBS_Mars_2020	s__Clostridiales_bacterium_KLE1615
IBS_Mars_2020	s__Clostridium_leptum
IBS_Mars_2020	s__Clostridium_sp_AM22_11AC
IBS_Mars_2020	s__Collinsella_aerofaciens
IBS_Mars_2020	s__Coprococcus_eutactus
IBS_Mars_2020	s__Dialister_invisus
IBS_Mars_2020	s__Dorea_formicigenerans
IBS_Mars_2020	s__Dorea_longicatena
IBS_Mars_2020	s__Dorea_phocaeensis
IBS_Mars_2020	s__Dorea_sp_AF36_15AT
IBS_Mars_2020	s__Eggerthella_lenta
IBS_Mars_2020	s__Eubacterium_ramulus
IBS_Mars_2020	s__Eubacterium_rectale
IBS_Mars_2020	s__Eubacterium_ventriosum
IBS_Mars_2020	s__Evtepia_gabavorous
IBS_Mars_2020	s__Faecalibacterium_SGB15346
IBS_Mars_2020	s__Faecalibacterium_prausnitzii
IBS_Mars_2020	s__Faecalibacterium_sp_CLA_AA_H233
IBS_Mars_2020	s__Faecalicatena_fissicatena
IBS_Mars_2020	s__Firmicutes_bacterium
IBS_Mars_2020	s__Fusicatenibacter_saccharivorans
IBS_Mars_2020	s__GGB3345_SGB4425
IBS_Mars_2020	s__GGB3433_SGB4573
IBS_Mars_2020	s__GGB9715_SGB15265
IBS_Mars_2020	s__GGB9760_SGB15373
IBS_Mars_2020	s__Gemmiger_formicilis
IBS_Mars_2020	s__Lachnospira_eligens
IBS_Mars_2020	s__Lachnospira_pectinoschiza
IBS_Mars_2020	s__Lachnospiraceae_bacterium_CLA_AA_H244
IBS_Mars_2020	s__Lawsonibacter_asaccharolyticus
IBS_Mars_2020	s__Lentihominibacter_faecis
IBS_Mars_2020	s__Mediterraneibacter_faecis
IBS_Mars_2020	s__Monoglobus_pectinilyticus
IBS_Mars_2020	s__Oliverpabstia_intestinalis
IBS_Mars_2020	s__Oscillibacter_sp_ER4
IBS_Mars_2020	s__Oscillospiraceae_bacterium_CLA_AA_H250
IBS_Mars_2020	s__Parasutterella_excrementihominis
IBS_Mars_2020	s__Phascolarctobacterium_succinatutens
IBS_Mars_2020	s__Phocaeicola_dorei
IBS_Mars_2020	s__Phocaeicola_massiliensis
IBS_Mars_2020	s__Phocaeicola_vulgatus
IBS_Mars_2020	s__Roseburia_faecis
IBS_Mars_2020	s__Ruminococcus_bicirculans
IBS_Mars_2020	s__Ruminococcus_bromii
IBS_Mars_2020	s__Ruminococcus_gnavus
IBS_Mars_2020	s__Ruminococcus_torques
IBS_Mars_2020	s__Ruthenibacterium_lactatiformans
IBS_Mars_2020	s__Segatella_copri
IBS_Mars_2020	s__Streptococcus_parasanguinis
IBS_Mars_2020	s__Streptococcus_salivarius
IBS_Mars_2020	s__Sutterella_wadsworthensis
IBS_Mars_2020	s__Wujia_chipingensis
