study_code	study_title	package_type	url	local_file	status	bytes	row_count	sample_alias_count	message	downloaded_at
Feng_2015_CRC_Austria	Gut microbiome development along the colorectal adenoma-carcinoma sequence	metadata_all_wide	https://metalog.embl.de/api/study/Feng_2015_CRC_Austria/metadata/human/all.wide.tsv	CRC/Feng_2015_CRC_Austria/metadata_all_wide.tsv	downloaded	112666	156	156	downloaded	2026-05-24T14:41:56
Feng_2015_CRC_Austria	Gut microbiome development along the colorectal adenoma-carcinoma sequence	metaphlan4_species	https://metalog.embl.de/static/download/profiles/by_study/metaphlan4_species_Feng_2015_CRC_Austria_latest.tsv.gz	CRC/Feng_2015_CRC_Austria/metaphlan4_species_Feng_2015_CRC_Austria_latest.tsv.gz	existing_local_file	358859	39161	156	existing_local_file	2026-05-24T14:41:57
Gao_2021_CRC	Alterations, Interactions, and Diagnostic Potential of Gut Bacteria and Viruses in Colorectal Cancer	metadata_all_wide	https://metalog.embl.de/api/study/Gao_2021_CRC/metadata/human/all.wide.tsv	CRC/Gao_2021_CRC/metadata_all_wide.tsv	downloaded	51631	126	126	downloaded	2026-05-24T14:42:03
Gao_2021_CRC	Alterations, Interactions, and Diagnostic Potential of Gut Bacteria and Viruses in Colorectal Cancer	metaphlan4_species	https://metalog.embl.de/static/download/profiles/by_study/metaphlan4_species_Gao_2021_CRC_latest.tsv.gz	CRC/Gao_2021_CRC/metaphlan4_species_Gao_2021_CRC_latest.tsv.gz	existing_local_file	184507	19622	126	existing_local_file	2026-05-24T14:42:04
Hannigan_2018_CRC	Diagnostic Potential and Interactive Dynamics of the Colorectal CRC Virome	metadata_all_wide	https://metalog.embl.de/api/study/Hannigan_2018_CRC/metadata/human/all.wide.tsv	CRC/Hannigan_2018_CRC/metadata_all_wide.tsv	downloaded	77885	181	181	downloaded	2026-05-24T14:42:08
Hannigan_2018_CRC	Diagnostic Potential and Interactive Dynamics of the Colorectal CRC Virome	metaphlan4_species	https://metalog.embl.de/static/download/profiles/by_study/metaphlan4_species_Hannigan_2018_CRC_latest.tsv.gz	CRC/Hannigan_2018_CRC/metaphlan4_species_Hannigan_2018_CRC_latest.tsv.gz	unavailable	0	0	0	curl: (22) The requested URL returned error: 404	2026-05-24T14:42:10
Liu_2022_CRC_China	Sequencing of genomic DNA extracted from stool samples of CRC and HS.	metadata_all_wide	https://metalog.embl.de/api/study/Liu_2022_CRC_China/metadata/human/all.wide.tsv	CRC/Liu_2022_CRC_China/metadata_all_wide.tsv	downloaded	78627	165	165	downloaded	2026-05-24T14:42:13
Liu_2022_CRC_China	Sequencing of genomic DNA extracted from stool samples of CRC and HS.	metaphlan4_species	https://metalog.embl.de/static/download/profiles/by_study/metaphlan4_species_Liu_2022_CRC_China_latest.tsv.gz	CRC/Liu_2022_CRC_China/metaphlan4_species_Liu_2022_CRC_China_latest.tsv.gz	existing_local_file	314818	32157	163	existing_local_file	2026-05-24T14:42:14
Thomas_2019_CRC_Italy	Metagenomic analysis of colorectal cancer datasets identifies cross-cohort microbial diagnostic signatures and a link with choline degradation	metadata_all_wide	https://metalog.embl.de/api/study/Thomas_2019_CRC_Italy/metadata/human/all.wide.tsv	CRC/Thomas_2019_CRC_Italy/metadata_all_wide.tsv	downloaded	70646	140	140	downloaded	2026-05-24T14:42:19
Thomas_2019_CRC_Italy	Metagenomic analysis of colorectal cancer datasets identifies cross-cohort microbial diagnostic signatures and a link with choline degradation	metaphlan4_species	https://metalog.embl.de/static/download/profiles/by_study/metaphlan4_species_Thomas_2019_CRC_Italy_latest.tsv.gz	CRC/Thomas_2019_CRC_Italy/metaphlan4_species_Thomas_2019_CRC_Italy_latest.tsv.gz	existing_local_file	295969	29146	140	existing_local_file	2026-05-24T14:42:20
Vogtmann_2016_CRC_USA	Reproducibility of associations between the human gut microbiome and colorectal cancer assessed in a patient population from Washington, DC, USA	metadata_all_wide	https://metalog.embl.de/api/study/Vogtmann_2016_CRC_USA/metadata/human/all.wide.tsv	CRC/Vogtmann_2016_CRC_USA/metadata_all_wide.tsv	downloaded	48778	110	110	downloaded	2026-05-24T14:42:25
Vogtmann_2016_CRC_USA	Reproducibility of associations between the human gut microbiome and colorectal cancer assessed in a patient population from Washington, DC, USA	metaphlan4_species	https://metalog.embl.de/static/download/profiles/by_study/metaphlan4_species_Vogtmann_2016_CRC_USA_latest.tsv.gz	CRC/Vogtmann_2016_CRC_USA/metaphlan4_species_Vogtmann_2016_CRC_USA_latest.tsv.gz	existing_local_file	337151	31020	110	existing_local_file	2026-05-24T14:42:26
Wirbel_2019_CRC_Germany	Meta-analysis of fecal metagenomes reveals global microbial signatures that are specific for colorectal cancer	metadata_all_wide	https://metalog.embl.de/api/study/Wirbel_2019_CRC_Germany/metadata/human/all.wide.tsv	CRC/Wirbel_2019_CRC_Germany/metadata_all_wide.tsv	downloaded	203816	120	120	downloaded	2026-05-24T14:42:31
Wirbel_2019_CRC_Germany	Meta-analysis of fecal metagenomes reveals global microbial signatures that are specific for colorectal cancer	metaphlan4_species	https://metalog.embl.de/static/download/profiles/by_study/metaphlan4_species_Wirbel_2019_CRC_Germany_latest.tsv.gz	CRC/Wirbel_2019_CRC_Germany/metaphlan4_species_Wirbel_2019_CRC_Germany_latest.tsv.gz	existing_local_file	365897	33913	120	existing_local_file	2026-05-24T14:42:32
Yachida_2019_CRC	Metagenomic and metabolomic analyses reveal distinct stage-specific phenotypes of the gut microbiota in colorectal cancer	metadata_all_wide	https://metalog.embl.de/api/study/Yachida_2019_CRC/metadata/human/all.wide.tsv	CRC/Yachida_2019_CRC/metadata_all_wide.tsv	downloaded	343319	645	645	downloaded	2026-05-24T14:42:38
Yachida_2019_CRC	Metagenomic and metabolomic analyses reveal distinct stage-specific phenotypes of the gut microbiota in colorectal cancer	metaphlan4_species	https://metalog.embl.de/static/download/profiles/by_study/metaphlan4_species_Yachida_2019_CRC_latest.tsv.gz	CRC/Yachida_2019_CRC/metaphlan4_species_Yachida_2019_CRC_latest.tsv.gz	existing_local_file	1096666	106213	643	existing_local_file	2026-05-24T14:42:41
Yu_2017_CRC_China	Metagenomic analysis of faecal microbiome as a tool towards targeted non-invasive biomarkers for colorectal cancer	metadata_all_wide	https://metalog.embl.de/api/study/Yu_2017_CRC_China/metadata/human/all.wide.tsv	CRC/Yu_2017_CRC_China/metadata_all_wide.tsv	downloaded	62031	128	128	downloaded	2026-05-24T14:42:46
Yu_2017_CRC_China	Metagenomic analysis of faecal microbiome as a tool towards targeted non-invasive biomarkers for colorectal cancer	metaphlan4_species	https://metalog.embl.de/static/download/profiles/by_study/metaphlan4_species_Yu_2017_CRC_China_latest.tsv.gz	CRC/Yu_2017_CRC_China/metaphlan4_species_Yu_2017_CRC_China_latest.tsv.gz	downloaded	282626	27423	128	downloaded	2026-05-24T14:42:52
Zeller_2014_CRC_France	Potential of fecal microbiota for early-stage detection of colorectal cancer	metadata_all_wide	https://metalog.embl.de/api/study/Zeller_2014_CRC_France/metadata/human/all.wide.tsv	CRC/Zeller_2014_CRC_France/metadata_all_wide.tsv	downloaded	96988	198	198	downloaded	2026-05-24T14:42:57
Zeller_2014_CRC_France	Potential of fecal microbiota for early-stage detection of colorectal cancer	metaphlan4_species	https://metalog.embl.de/static/download/profiles/by_study/metaphlan4_species_Zeller_2014_CRC_France_latest.tsv.gz	CRC/Zeller_2014_CRC_France/metaphlan4_species_Zeller_2014_CRC_France_latest.tsv.gz	downloaded	531190	46406	179	downloaded	2026-05-24T14:43:05
