study_code	package_type	url	local_file	status	bytes	row_count	sample_alias_count	message	downloaded_at
Ananthakrishnan_2017_IBD	metadata_all_wide	https://metalog.embl.de/api/study/Ananthakrishnan_2017_IBD/metadata/human/all.wide.tsv	IBD/Ananthakrishnan_2017_IBD/metadata_all_wide.tsv	downloaded	107569	174	174	validated	2026-05-24T13:02:52
Ananthakrishnan_2017_IBD	metaphlan4_species	https://metalog.embl.de/static/download/profiles/by_study/metaphlan4_species_Ananthakrishnan_2017_IBD_latest.tsv.gz	IBD/Ananthakrishnan_2017_IBD/metaphlan4_species_Ananthakrishnan_2017_IBD_latest.tsv.gz	unavailable	0	0	0	curl: (22) The requested URL returned error: 404	2026-05-24T13:02:58
Braun_2024_Crohn	metadata_all_wide	https://metalog.embl.de/api/study/Braun_2024_Crohn/metadata/human/all.wide.tsv	IBD/Braun_2024_Crohn/metadata_all_wide.tsv	downloaded	19915	38	38	validated	2026-05-24T13:03:01
Braun_2024_Crohn	metaphlan4_species	https://metalog.embl.de/static/download/profiles/by_study/metaphlan4_species_Braun_2024_Crohn_latest.tsv.gz	IBD/Braun_2024_Crohn/metaphlan4_species_Braun_2024_Crohn_latest.tsv.gz	downloaded	40353	4056	38	validated	2026-05-24T13:03:06
Bushman_2020_pediatric_Cdiff_IBD	metadata_all_wide	https://metalog.embl.de/api/study/Bushman_2020_pediatric_Cdiff_IBD/metadata/human/all.wide.tsv	IBD/Bushman_2020_pediatric_Cdiff_IBD/metadata_all_wide.tsv	downloaded	109784	148	148	validated	2026-05-24T13:03:11
Bushman_2020_pediatric_Cdiff_IBD	metaphlan4_species	https://metalog.embl.de/static/download/profiles/by_study/metaphlan4_species_Bushman_2020_pediatric_Cdiff_IBD_latest.tsv.gz	IBD/Bushman_2020_pediatric_Cdiff_IBD/metaphlan4_species_Bushman_2020_pediatric_Cdiff_IBD_latest.tsv.gz	downloaded	142332	13092	148	validated	2026-05-24T13:03:18
Chen_2023_uc_FMT_capsule	metadata_all_wide	https://metalog.embl.de/api/study/Chen_2023_uc_FMT_capsule/metadata/human/all.wide.tsv	IBD/Chen_2023_uc_FMT_capsule/metadata_all_wide.tsv	downloaded	41193	83	83	validated	2026-05-24T13:03:22
Chen_2023_uc_FMT_capsule	metaphlan4_species	https://metalog.embl.de/static/download/profiles/by_study/metaphlan4_species_Chen_2023_uc_FMT_capsule_latest.tsv.gz	IBD/Chen_2023_uc_FMT_capsule/metaphlan4_species_Chen_2023_uc_FMT_capsule_latest.tsv.gz	downloaded	94781	9854	83	validated	2026-05-24T13:03:29
Damman_2015_FMT_UC	metadata_all_wide	https://metalog.embl.de/api/study/Damman_2015_FMT_UC/metadata/human/all.wide.tsv	IBD/Damman_2015_FMT_UC/metadata_all_wide.tsv	downloaded	25209	41	41	validated	2026-05-24T13:03:38
Damman_2015_FMT_UC	metaphlan4_species	https://metalog.embl.de/static/download/profiles/by_study/metaphlan4_species_Damman_2015_FMT_UC_latest.tsv.gz	IBD/Damman_2015_FMT_UC/metaphlan4_species_Damman_2015_FMT_UC_latest.tsv.gz	downloaded	66725	7757	41	validated	2026-05-24T13:03:45
Douglas_2018_child_Crohn	metadata_all_wide	https://metalog.embl.de/api/study/Douglas_2018_child_Crohn/metadata/human/all.wide.tsv	IBD/Douglas_2018_child_Crohn/metadata_all_wide.tsv	downloaded	19131	40	40	validated	2026-05-24T13:03:49
Douglas_2018_child_Crohn	metaphlan4_species	https://metalog.embl.de/static/download/profiles/by_study/metaphlan4_species_Douglas_2018_child_Crohn_latest.tsv.gz	IBD/Douglas_2018_child_Crohn/metaphlan4_species_Douglas_2018_child_Crohn_latest.tsv.gz	downloaded	6489	565	38	validated	2026-05-24T13:03:54
Franzosa_2018_IBD	metadata_all_wide	https://metalog.embl.de/api/study/Franzosa_2018_IBD/metadata/human/all.wide.tsv	IBD/Franzosa_2018_IBD/metadata_all_wide.tsv	downloaded	126329	220	220	validated	2026-05-24T13:03:58
Franzosa_2018_IBD	metaphlan4_species	https://metalog.embl.de/static/download/profiles/by_study/metaphlan4_species_Franzosa_2018_IBD_latest.tsv.gz	IBD/Franzosa_2018_IBD/metaphlan4_species_Franzosa_2018_IBD_latest.tsv.gz	downloaded	351055	34921	220	validated	2026-05-24T13:04:10
Gevers_2014_Crohn_child	metadata_all_wide	https://metalog.embl.de/api/study/Gevers_2014_Crohn_child/metadata/human/all.wide.tsv	IBD/Gevers_2014_Crohn_child/metadata_all_wide.tsv	downloaded	25452	43	43	validated	2026-05-24T13:04:15
Gevers_2014_Crohn_child	metaphlan4_species	https://metalog.embl.de/static/download/profiles/by_study/metaphlan4_species_Gevers_2014_Crohn_child_latest.tsv.gz	IBD/Gevers_2014_Crohn_child/metaphlan4_species_Gevers_2014_Crohn_child_latest.tsv.gz	downloaded	58798	5795	43	validated	2026-05-24T13:04:21
Hall_2017_IBD	metadata_all_wide	https://metalog.embl.de/api/study/Hall_2017_IBD/metadata/human/all.wide.tsv	IBD/Hall_2017_IBD/metadata_all_wide.tsv	downloaded	115025	262	262	validated	2026-05-24T13:04:26
Hall_2017_IBD	metaphlan4_species	https://metalog.embl.de/static/download/profiles/by_study/metaphlan4_species_Hall_2017_IBD_latest.tsv.gz	IBD/Hall_2017_IBD/metaphlan4_species_Hall_2017_IBD_latest.tsv.gz	downloaded	317415	34939	257	validated	2026-05-24T13:04:34
He_2017_Crohn	metadata_all_wide	https://metalog.embl.de/api/study/He_2017_Crohn/metadata/human/all.wide.tsv	IBD/He_2017_Crohn/metadata_all_wide.tsv	downloaded	65461	123	123	validated	2026-05-24T13:04:40
He_2017_Crohn	metaphlan4_species	https://metalog.embl.de/static/download/profiles/by_study/metaphlan4_species_He_2017_Crohn_latest.tsv.gz	IBD/He_2017_Crohn/metaphlan4_species_He_2017_Crohn_latest.tsv.gz	downloaded	170168	16969	123	validated	2026-05-24T13:04:48
Kumbhari_2024_IBD	metadata_all_wide	https://metalog.embl.de/api/study/Kumbhari_2024_IBD/metadata/human/all.wide.tsv	IBD/Kumbhari_2024_IBD/metadata_all_wide.tsv	downloaded	427546	960	960	validated	2026-05-24T13:04:55
Kumbhari_2024_IBD	metaphlan4_species	https://metalog.embl.de/static/download/profiles/by_study/metaphlan4_species_Kumbhari_2024_IBD_latest.tsv.gz	IBD/Kumbhari_2024_IBD/metaphlan4_species_Kumbhari_2024_IBD_latest.tsv.gz	downloaded	1169696	112250	939	validated	2026-05-24T13:05:03
Lee_2017_FMT_UC	metadata_all_wide	https://metalog.embl.de/api/study/Lee_2017_FMT_UC/metadata/human/all.wide.tsv	IBD/Lee_2017_FMT_UC/metadata_all_wide.tsv	downloaded	4624	10	10	validated	2026-05-24T13:05:07
Lee_2017_FMT_UC	metaphlan4_species	https://metalog.embl.de/static/download/profiles/by_study/metaphlan4_species_Lee_2017_FMT_UC_latest.tsv.gz	IBD/Lee_2017_FMT_UC/metaphlan4_species_Lee_2017_FMT_UC_latest.tsv.gz	downloaded	25841	2704	10	validated	2026-05-24T13:05:12
Lee_2021_IBD	metadata_all_wide	https://metalog.embl.de/api/study/Lee_2021_IBD/metadata/human/all.wide.tsv	IBD/Lee_2021_IBD/metadata_all_wide.tsv	downloaded	69193	114	114	validated	2026-05-24T13:05:21
Lee_2021_IBD	metaphlan4_species	https://metalog.embl.de/static/download/profiles/by_study/metaphlan4_species_Lee_2021_IBD_latest.tsv.gz	IBD/Lee_2021_IBD/metaphlan4_species_Lee_2021_IBD_latest.tsv.gz	downloaded	115826	11336	114	validated	2026-05-24T13:05:27
Lima_2021_FMT_UC	metadata_all_wide	https://metalog.embl.de/api/study/Lima_2021_FMT_UC/metadata/human/all.wide.tsv	IBD/Lima_2021_FMT_UC/metadata_all_wide.tsv	downloaded	29032	59	59	validated	2026-05-24T13:05:32
Lima_2021_FMT_UC	metaphlan4_species	https://metalog.embl.de/static/download/profiles/by_study/metaphlan4_species_Lima_2021_FMT_UC_latest.tsv.gz	IBD/Lima_2021_FMT_UC/metaphlan4_species_Lima_2021_FMT_UC_latest.tsv.gz	downloaded	145459	14336	59	validated	2026-05-24T13:05:40
Lloyd-Price_2019_HMP2IBD	metadata_all_wide	https://metalog.embl.de/api/study/Lloyd-Price_2019_HMP2IBD/metadata/human/all.wide.tsv	IBD/Lloyd-Price_2019_HMP2IBD/metadata_all_wide.tsv	downloaded	2203729	1316	1316	validated	2026-05-24T13:05:46
Lloyd-Price_2019_HMP2IBD	metaphlan4_species	https://metalog.embl.de/static/download/profiles/by_study/metaphlan4_species_Lloyd-Price_2019_HMP2IBD_latest.tsv.gz	IBD/Lloyd-Price_2019_HMP2IBD/metaphlan4_species_Lloyd-Price_2019_HMP2IBD_latest.tsv.gz	downloaded	1231532	118647	1285	validated	2026-05-24T13:05:57
Nusbaum_2018_FMT_UC_children	metadata_all_wide	https://metalog.embl.de/api/study/Nusbaum_2018_FMT_UC_children/metadata/human/all.wide.tsv	IBD/Nusbaum_2018_FMT_UC_children/metadata_all_wide.tsv	downloaded	7311	12	12	validated	2026-05-24T13:06:08
Nusbaum_2018_FMT_UC_children	metaphlan4_species	https://metalog.embl.de/static/download/profiles/by_study/metaphlan4_species_Nusbaum_2018_FMT_UC_children_latest.tsv.gz	IBD/Nusbaum_2018_FMT_UC_children/metaphlan4_species_Nusbaum_2018_FMT_UC_children_latest.tsv.gz	downloaded	6633	612	12	validated	2026-05-24T13:06:14
Podlesny_2022_FMT_UC	metadata_all_wide	https://metalog.embl.de/api/study/Podlesny_2022_FMT_UC/metadata/human/all.wide.tsv	IBD/Podlesny_2022_FMT_UC/metadata_all_wide.tsv	downloaded	106802	160	160	validated	2026-05-24T13:06:23
Podlesny_2022_FMT_UC	metaphlan4_species	https://metalog.embl.de/static/download/profiles/by_study/metaphlan4_species_Podlesny_2022_FMT_UC_latest.tsv.gz	IBD/Podlesny_2022_FMT_UC/metaphlan4_species_Podlesny_2022_FMT_UC_latest.tsv.gz	downloaded	231272	23283	160	validated	2026-05-24T13:06:31
Schirmer_2024_UC	metadata_all_wide	https://metalog.embl.de/api/study/Schirmer_2024_UC/metadata/human/all.wide.tsv	IBD/Schirmer_2024_UC/metadata_all_wide.tsv	downloaded	133140	241	241	validated	2026-05-24T13:06:38
Schirmer_2024_UC	metaphlan4_species	https://metalog.embl.de/static/download/profiles/by_study/metaphlan4_species_Schirmer_2024_UC_latest.tsv.gz	IBD/Schirmer_2024_UC/metaphlan4_species_Schirmer_2024_UC_latest.tsv.gz	downloaded	201091	19824	241	validated	2026-05-24T13:06:47
Schmidt_2022_FMT_UC_CDI	metadata_all_wide	https://metalog.embl.de/api/study/Schmidt_2022_FMT_UC_CDI/metadata/human/all.wide.tsv	IBD/Schmidt_2022_FMT_UC_CDI/metadata_all_wide.tsv	downloaded	14256	26	26	validated	2026-05-24T13:06:51
Schmidt_2022_FMT_UC_CDI	metaphlan4_species	https://metalog.embl.de/static/download/profiles/by_study/metaphlan4_species_Schmidt_2022_FMT_UC_CDI_latest.tsv.gz	IBD/Schmidt_2022_FMT_UC_CDI/metaphlan4_species_Schmidt_2022_FMT_UC_CDI_latest.tsv.gz	downloaded	60464	6255	26	validated	2026-05-24T13:06:58
SerranoGomez_2021_IBD	metadata_all_wide	https://metalog.embl.de/api/study/SerranoGomez_2021_IBD/metadata/human/all.wide.tsv	IBD/SerranoGomez_2021_IBD/metadata_all_wide.tsv	downloaded	47969	98	98	validated	2026-05-24T13:07:07
SerranoGomez_2021_IBD	metaphlan4_species	https://metalog.embl.de/static/download/profiles/by_study/metaphlan4_species_SerranoGomez_2021_IBD_latest.tsv.gz	IBD/SerranoGomez_2021_IBD/metaphlan4_species_SerranoGomez_2021_IBD_latest.tsv.gz	unavailable	0	0	0	curl: (22) The requested URL returned error: 404	2026-05-24T13:07:11
Smith_2022_FMT_UC	metadata_all_wide	https://metalog.embl.de/api/study/Smith_2022_FMT_UC/metadata/human/all.wide.tsv	IBD/Smith_2022_FMT_UC/metadata_all_wide.tsv	downloaded	126230	159	159	validated	2026-05-24T13:07:15
Smith_2022_FMT_UC	metaphlan4_species	https://metalog.embl.de/static/download/profiles/by_study/metaphlan4_species_Smith_2022_FMT_UC_latest.tsv.gz	IBD/Smith_2022_FMT_UC/metaphlan4_species_Smith_2022_FMT_UC_latest.tsv.gz	downloaded	306638	33230	158	validated	2026-05-24T13:07:26
Tian_2024_IBD	metadata_all_wide	https://metalog.embl.de/api/study/Tian_2024_IBD/metadata/human/all.wide.tsv	IBD/Tian_2024_IBD/metadata_all_wide.tsv	downloaded	61202	139	139	validated	2026-05-24T13:07:33
Tian_2024_IBD	metaphlan4_species	https://metalog.embl.de/static/download/profiles/by_study/metaphlan4_species_Tian_2024_IBD_latest.tsv.gz	IBD/Tian_2024_IBD/metaphlan4_species_Tian_2024_IBD_latest.tsv.gz	unavailable	0	0	0	curl: (22) The requested URL returned error: 404	2026-05-24T13:07:39
Vaughn_2016_FMT_Crohn	metadata_all_wide	https://metalog.embl.de/api/study/Vaughn_2016_FMT_Crohn/metadata/human/all.wide.tsv	IBD/Vaughn_2016_FMT_Crohn/metadata_all_wide.tsv	downloaded	37416	53	53	validated	2026-05-24T13:07:42
Vaughn_2016_FMT_Crohn	metaphlan4_species	https://metalog.embl.de/static/download/profiles/by_study/metaphlan4_species_Vaughn_2016_FMT_Crohn_latest.tsv.gz	IBD/Vaughn_2016_FMT_Crohn/metaphlan4_species_Vaughn_2016_FMT_Crohn_latest.tsv.gz	downloaded	46952	5237	53	validated	2026-05-24T13:07:48
Yadav_2024_ulcerative_colitis_India	metadata_all_wide	https://metalog.embl.de/api/study/Yadav_2024_ulcerative_colitis_India/metadata/human/all.wide.tsv	IBD/Yadav_2024_ulcerative_colitis_India/metadata_all_wide.tsv	downloaded	21778	41	41	validated	2026-05-24T13:07:53
Yadav_2024_ulcerative_colitis_India	metaphlan4_species	https://metalog.embl.de/static/download/profiles/by_study/metaphlan4_species_Yadav_2024_ulcerative_colitis_India_latest.tsv.gz	IBD/Yadav_2024_ulcerative_colitis_India/metaphlan4_species_Yadav_2024_ulcerative_colitis_India_latest.tsv.gz	unavailable	0	0	0	curl: (22) The requested URL returned error: 404	2026-05-24T13:07:57
