sample_id	IBS
SMP_390bb625f728e4b081b3	control
SMP_86ed6dbdf245f66a89b4	case
SMP_96073a892d283249e595	case
SMP_96a5174632d6baa413c0	case
SMP_c9fa6ea539a858e26e7e	control
SMP_f2f6ce1d380730b81ba4	case
SMP_bfde3658f0f92ea2641d	case
SMP_fadc627a1f2cd9b2c770	case
SMP_137c06f56792a0f2e1be	case
SMP_61242c8d88c1ee39c967	control
SMP_3dbbaf73de8a99d4c77d	case
SMP_f57c680f06af2ff3ac63	case
SMP_2da5cf502cb9ece2e704	control
SMP_f665f9951f9dfadc0562	control
SMP_85025bdc96f32223418b	case
SMP_e190cf5f65f1e63b86e5	case
SMP_caef4feb645fcacb72bb	case
SMP_5dad9e9b7d15c72f8a00	control
SMP_0ef5cebefa7c7a92c494	case
SMP_3709b880ae58f2ee7df7	control
SMP_8fece9ec7ae69366b85f	case
SMP_6338af0a1fc4386007dd	case
SMP_1dd6d0ca79f624339d5d	control
SMP_abd43e92ef971733edcf	control
SMP_6b844c4db5c13d7ee885	case
SMP_cef94910db1ca1295521	case
SMP_512f213dcc6bab23b670	case
SMP_62ca6637c5f09e1a0091	case
SMP_c9570d7823cba520635a	control
SMP_882dfad3fd7b978a87a0	case
SMP_a19fe4c48bf9fba1b926	control
SMP_1aa6b181cdfd1351a9e6	case
SMP_cd5ce8f5e46686ac5013	case
SMP_3a0c2af013be4a446bce	case
SMP_85ff67f95ff76f846764	control
SMP_81f42fe7104b04666e1e	case
SMP_028fcc336defecc0b22b	case
SMP_cdde0f30b29b0eb09b36	control
SMP_f2aea1084f749d2647a6	case
SMP_6802227928aa5ace0e83	case
SMP_617e1c7c2c998d04f5a6	control
SMP_0c64adc352eb34f75cee	case
SMP_7f4f7505fe7f2d07451b	control
SMP_385f2652d3bf1293319f	case
SMP_da6ac10fcad19007942e	case
SMP_433365b25c6ecfb6ca23	control
SMP_78d8d3cd1bdab6c0c926	control
SMP_472d87185372e58d77fa	case
SMP_25bb9e8e64fedec31dfe	case
SMP_2c5fbb3c7275c0f6b907	case
SMP_25af98d8709c7c8dcaa1	control
SMP_b7de02539f6385f18552	case
SMP_12c52d0464ee3ccd59b3	control
SMP_d3656a83de21c7bd502d	case
SMP_e70822ca221fd5c35138	control
SMP_f182dc17b5d77c19a9d9	control
SMP_92ad09e7b44720b5072b	case
SMP_5fad946355ad4b2f1536	case
SMP_cf13369af959a98e1a45	case
SMP_f06ae293c235d125cdd7	case
SMP_8671642461a32ec8cd01	control
SMP_4eae73de842b1d31f738	control
SMP_f2a302271168af1683b9	case
SMP_cecee40b33d49c620559	control
SMP_530d58896a113b734977	control
SMP_ba7f466025bc2633dba2	control
SMP_e85da5141ba186fbd132	case
SMP_4da0fa4fce7b0e10a578	case
SMP_8974c9a34114ef8b7f65	control
SMP_a101989f4e01cb87b444	control
SMP_07e4d362385d27d08354	case
SMP_31b84dc15a61d92e3987	case
SMP_dd337b7b116bc968a792	case
SMP_761ab60c2f57cfb3796a	case
SMP_b77b158b61315d85f088	control
SMP_b15889a26527644e783b	case
SMP_5bc6a0f0a0e45a45e897	case
SMP_21e7cd7181f9f3b3f80e	case
SMP_d47827c70c48faab1542	case
SMP_422c72fbcb6c87e72ec6	case
SMP_d01dce06606a66a3f3c2	case
SMP_2e5577fda6c2929773dd	case
SMP_7b16fc8436216e2b50b8	control
SMP_73425e584e3e8c3b1031	case
SMP_18c34098542289675904	case
SMP_8cb965f2f94ade3a257a	control
SMP_57318d65761deffb98e2	case
SMP_e85ff646753540a290d9	control
SMP_9f3f171725652083413b	case
SMP_cb5f05babb3df4f2a167	case
SMP_e78b412b5f676c3e4982	case
SMP_1e5cda8fbae195a03e88	case
SMP_dda7e5508a763ddc0d2c	control
SMP_ee8f610830dd121fcd35	case
SMP_770536ef16ba5d4003c6	control
SMP_fe501ee07ecb49286cf0	case
SMP_dcc34d2a8d9cd4c9f53e	control
SMP_0ce7fb225b9cc047dda7	case
SMP_9bb559a9e69d54c030b7	case
SMP_bdad40fa34626e4ddf71	case
SMP_d81bb89bd1aa620fbedb	case
SMP_26f2f657672c70071be9	control
SMP_3950695d8592c016931c	case
SMP_be428b610d6bf8d78092	control
SMP_77d201008dd862d06350	case
SMP_1aef92170995188eaf37	case
SMP_c1329ef17a66bb948a34	case
SMP_006b29cb8e6fa0cd9e33	case
SMP_3e3edaa1d3e12aa6b741	case
SMP_2598403f12e30d90cbe0	case
SMP_b07f59913f929e7ad821	case
SMP_a9c4197a5bfa1c5a737e	case
SMP_19d503bd1f6868bcad28	case
SMP_b5e6d333aabf8f4c13a8	control
SMP_2c10746865cddc514491	case
SMP_09fbb50e49407f21d1c0	case
SMP_f097e24ec7a77c4a2d5b	case
SMP_747b178cb132f93b8c28	case
SMP_0de4438ff9092307fb0a	case
SMP_2812f304b5ed2ab521c4	control
SMP_3b5a43d8edcaae75b485	control
SMP_b061ede75bad41fcc4d0	case
SMP_72c1532e7a66b8650509	case
SMP_483fe7979a54fe5343fd	case
SMP_4021361b18fbbfc18286	case
SMP_bb0ac862b4c31e212dd4	case
SMP_b5aa1d4b7eebed1d4d89	control
SMP_e450eee6037047c19d90	control
SMP_3ebb8a3bf4c6b33fa079	case
SMP_31db1c69eac6d99cba98	case
SMP_bec9bf1b383da74c2523	case
SMP_6cc3dc04a4e7309b8733	control
SMP_731c8a3d32f6d9ce538b	case
SMP_7ef34bbca48994388ec9	control
SMP_fe540736e8ac71c458f1	control
SMP_42475ea0f746121b7895	case
SMP_ba4c92d13fb805c805d0	control
SMP_1f3ac91ee2e2f547cc14	control
SMP_523f20044ab5824a287c	case
SMP_f0b51591c41e40423668	case
SMP_552bc17bc710748b1416	control
SMP_df6d21698f3f157406d2	case
SMP_c561560941589af4b128	case
SMP_78e761f46e5c2229ee0e	case
SMP_4942390840f15b140af7	case
SMP_28422638554040fbabd8	case
SMP_35862da6abaece1a009d	case
SMP_57ac72d492a5e191b6f0	case
SMP_93a8cde79a465f003f65	control
SMP_2495d914dfb6533174c3	case
SMP_61e9badb17dccd8c170c	case
SMP_877fa0aa0f5304d222e6	case
SMP_413017bc82adfbbde1cb	case
SMP_f5291e43a6910813355d	case
SMP_aef8d84c94b54336ff50	control
SMP_38992071bab680c995e1	control
SMP_9d1c6092bf3f3f93a657	case
SMP_65fa4c58b68c10aca561	control
SMP_af28dec300f26e31d5db	control
SMP_5b69a059b6281001d6d2	case
SMP_a8daeb36a06c78df2ce8	control
SMP_4b6021de326f8e2754b8	case
SMP_25973a6dc2d1f1f352a6	case
SMP_a35db46d026c72ad514e	case
SMP_fa41f7e7c6492b9ef2f2	control
SMP_70b588ff11c94c2087a8	case
SMP_194e4db9a1939d7a1c84	control
SMP_f615b3cd9bd2a4b13066	case
SMP_570d0ec31e15ddebcfd7	case
SMP_40b4f3a401af2dac66e6	control
SMP_c5274a0a6e64a5cee81d	case
SMP_16560a846b7eafd65390	case
SMP_b84cc1f1d60f9213adeb	control
SMP_bc6e1dd027c3f21b0f6c	control
SMP_701c5ef3503585da25af	case
SMP_f05e6f0ad27998a0b2cb	case
SMP_5c24d66c2d3c7039a6b5	case
SMP_d7355d6bbe3302a2ef39	case
SMP_3085a6479cbd3ddfb9a5	case
SMP_c5f3b9b36ca98a5ed475	control
SMP_02aa75774465edaee73f	control
SMP_6aee99edd6a54c24d401	case
SMP_81d65d211ec6973ea8cc	case
SMP_f39639c90b90f19daa7f	control
SMP_e6752636b7bb4c38e327	case
SMP_d69a83bff6520b0bb045	case
SMP_c7194ca356d47c197eb0	case
SMP_95d08288b6cf071bba0e	case
SMP_5e4d7c960f3129812f5a	case
SMP_2fe0aea0aee135b633fe	control
SMP_cdf9c134ce637029ca5c	case
SMP_3d64745268fb943d08bf	case
SMP_f46f6f9f0a1c08f5660d	case
SMP_3db744e23f992d3a5bb7	case
SMP_8e238755d420a20d95ec	case
SMP_ccd2e37828ff173aa845	case
SMP_fcfc0ba039a1e008f996	case
SMP_d4dfae8342d4644fb6b4	case
SMP_f7799b4272e8632b4622	control
SMP_9ec2242614511b8bb90d	case
SMP_47a23d632b796f49bc59	case
SMP_0dccc3fe3b146ccb848b	case
SMP_228aaec6ec7dea41d34f	control
SMP_9775c6d7660dbeae3ab6	case
SMP_fa8d3ea27c51dde62f14	control
SMP_4144e2ffa7ad73068d04	case
SMP_3d5b47391ddced842d78	case
SMP_ac713512836765d2137b	case
SMP_837ea830ae34d45933de	case
SMP_bd0e846495de12b31a90	control
SMP_d0fc375b2e262dd15dad	case
SMP_df6ba49541ce00cd89f0	case
SMP_b51d91f8648050d897fa	case
SMP_1a2b43a056eacf53fedb	case
SMP_7c1114b8cc6b176e03b4	case
SMP_bd3b88b4360aeb4dee35	case
SMP_410557d3c66ef243e99d	case
SMP_f5f9618620054cfe4b8c	case
SMP_1a854d3dc012e5ceac09	case
SMP_2dc336115668d2827ae0	case
SMP_9b96ee0a392325b6681b	control
SMP_3dccfe0ae99f0e5ef60b	case
SMP_696463d29d380113af9b	case
SMP_a5929bba807f59000d3f	case
SMP_762a56e05db537bad017	case
SMP_48a1757afb6e4b4ddccf	case
SMP_18c718c0a207d1305524	case
SMP_f0086bb675dc7874f5c3	control
SMP_b540fb115dafe937318c	case
SMP_592ba7d8c178e8bd93c5	case
SMP_0122dbae3cae27b6af2f	case
SMP_688d882d937988964f2c	case
SMP_e830a3421c294b768841	control
SMP_c408dc455483636d2339	case
SMP_24f6b4dcdaab7fa33c4a	case
SMP_0946f92eb7d9db0d1fdd	case
SMP_688ab866a71c48424442	case
SMP_a8e688d32c6a7912203c	case
SMP_514074fac1d13cb8583f	case
SMP_2e37aa085c4b7ed34d56	case
SMP_fdcabe87b868e3d86f97	case
SMP_910fd5e5fca62fa3a625	case
SMP_09805b930704b0fbc292	control
SMP_e294ac666450a175059f	case
SMP_324cb60c8ac82a5ff9bd	case
SMP_be9cb8a09031e3dcc77f	control
SMP_68e4b62361e782f91501	case
SMP_24522ffa632233986089	case
SMP_9844d9a9ff57ba988d3a	case
SMP_c9beed403f004383abd2	case
SMP_18d9a58f1e4442c4cfc2	control
SMP_81022af9e33732202bd1	control
SMP_d920b36ecc97b23d12b3	case
SMP_6767708014e2ceb831dd	case
SMP_b8f87f1bb5a3bcffded6	control
SMP_8721d467cac79b66eee1	control
SMP_a2456082fc8e00250357	case
SMP_5b8cbc3a77b2f5f517dc	case
SMP_3f95242d16bc7cf1c8f1	case
SMP_4825383e41e8e5f24971	control
SMP_25d2dff7326932110bb6	case
SMP_3d0f192d3b75d333cd2f	control
SMP_7f179bbea5755afe91a5	case
SMP_b8da6aaca49eeadfe4e1	case
SMP_ae96c5689738ae960d11	case
SMP_064e1ef104304e8dc41a	control
SMP_44f899af6488c3c657cd	case
SMP_36a4b2ea2713dff690ac	case
SMP_e5e7e1cb9792ff7b4c76	case
SMP_c95b96a724318ee6c1a8	control
SMP_bbf1956a2f94c03e7dd3	case
SMP_28d7fac9bd135a5b1dae	control
SMP_1bd95398c53f99b1b294	case
SMP_505ba5e1829441147f1b	case
SMP_9ba6bec8c34c86b9f2ab	control
SMP_6b89d7d1e680f654776b	case
SMP_88f289aa1881fb77b3fd	case
SMP_fdf3e2bbe4180c97df00	case
SMP_6a8a34c3232fdaa7fae0	case
SMP_cfe0388e540724e4107a	control
SMP_fb74007f0cc90e622d87	control
SMP_2a119881e5b87d88afe0	case
SMP_a7dacd2118c5e69a9dbe	control
SMP_bce99a2a870fcdb1da8a	case
SMP_7bf46f50b989cc8be2d8	control
SMP_196d7342b8150df6d8d3	control
SMP_d6900ef9b90352e37570	case
SMP_26d2a5f276f9cf182872	case
SMP_e8d2a5de403e6148fa11	control
SMP_d15d8e217797948d5791	case
SMP_2079ceb462b7030b35a1	case
SMP_c001d2628efa49db6f90	case
SMP_188f8488b9f676dc8e74	case
SMP_9139e432f4a3c3b2bac2	control
SMP_26801e742bec7384e5da	control
SMP_5700894f6846d59bed22	case
SMP_f17271bae1f60e1d3e8c	case
SMP_518d55a61415917287f3	control
SMP_1613ad52721e9f27e320	case
SMP_81a2edc35c4380e8689f	case
SMP_47cca0653cfc9257ee7b	case
SMP_53abca58c4296aade2ca	control
SMP_ff80e315cf8210195301	case
SMP_99449cdc25bf22639174	case
SMP_1e7fc7f363a6d227764b	case
SMP_88f963e9c2ee4972c9bf	case
SMP_0a35d2b4ae57ae59e25b	case
SMP_5bc6d5ac073c1d9e9bb1	control
SMP_50a419f2ba276ad0fb09	case
SMP_335333ef97ef242d5698	control
SMP_c25127d50a428aff9792	control
SMP_43a20e2edb126256cedd	control
SMP_5db395b6d49743f95c46	control
SMP_6367ad0afeec4425048b	control
SMP_7c27a1c7923cc36d57ee	case
SMP_90d78bb4287638415a95	case
SMP_783f1d534830f89c1e43	case
SMP_23eac1e7ea6627879e22	case
SMP_3865840cd472b5c99003	case
SMP_1be52c0649209aa98a11	control
SMP_70d1b615411141d1581f	case
SMP_aede56c92eab801740ea	case
SMP_2db95f71455e0b3a42f4	case
SMP_8093e925ba618886ed93	control
SMP_4f787d9f4ec867024fee	case
SMP_e3baa7e516b2189afee3	case
SMP_68ea864d5f745f213f63	case
SMP_3c05b52223e00437c3df	case
SMP_0d7d9d0644c0a496c946	case
SMP_2e853230a2d60a242120	case
SMP_2c3840d46b4992858396	control
SMP_809488b423cc3754e7b5	case
SMP_29eff0aaf5e73e364c0d	case
SMP_461c7fa5ce121c492e54	control
SMP_929812188259c0fd15f7	case
SMP_cd81d72a24f2c3d71aaa	control
SMP_5f57eaadd708a98bd9d3	case
SMP_107c2f8457290e55b393	case
SMP_4750299ca519f4ed82a1	control
SMP_0606817ee2817979dfac	case
SMP_675c0845d4eb4690e22c	control
SMP_212f0616acf1fcb2a76c	case
SMP_783c274e3457a9d1639e	case
SMP_e95818bf4b0710ca6778	case
SMP_671876bcc867cb666eaa	control
SMP_31a47b405b5b8a242d92	control
SMP_f95f2ac00ab8cc5ba7f1	case
SMP_32538f3c4a0009a12f83	case
SMP_c87c8dda500332eb999c	control
SMP_bafe1e8390e02d330675	case
SMP_4ad8d28770ec2d40a941	control
SMP_400d8e7daff7f87e719c	case
SMP_b6597283793322ab6b6b	control
SMP_90c6e0010cf1a636c9ed	case
SMP_2dd09447d0c47661d43d	case
SMP_46eb68f16760c071de15	case
SMP_c6afccb44af573575b2a	case
SMP_73ce644526f53ef66faa	control
SMP_d02d76631d79b557577c	case
SMP_25352f35141799902864	case
SMP_972d6783271116b6d6df	control
SMP_e5d38306d38788b28e99	case
SMP_c04330332e3773fe06ee	case
SMP_d40e8e0d86f749aa375d	case
SMP_5aa0ebb2d24ce3c9e5bd	case
SMP_6cc64b24c961036cf973	control
SMP_c67c5794e3c3227c2dc3	case
SMP_77e27c322e8d7582dbbf	case
SMP_e91404d1695bdf3088ed	case
SMP_ea6d013f1ca3656cd24e	case
SMP_5bbdd57165903b31a3aa	case
SMP_47ca9d7380adb021b802	case
SMP_6d87dca79ce7aa9eb383	case
SMP_e73b1bc9068ffe89919d	case
SMP_5bcda5a31b5f18c63cf8	case
SMP_69465e6d286c99c960be	case
SMP_5a6298c3ede1dfcbd645	control
SMP_fde99e7720c9b8949389	case
SMP_a7a16b668bdc22aea798	case
SMP_c4572a6eb2eb75fa6b51	case
SMP_8e88e038dcd5c8b2b3a9	case
SMP_2cd882f3eabf9b9657d3	case
SMP_2ffe877ec46084e134d4	control
SMP_807c1af4edcfbf91e681	case
SMP_aec4dc1e27ab5cac3f33	control
SMP_0b40607634a1643a8a99	case
SMP_ee3addb87bfb224fdd96	case
SMP_919465a59d81b340ef5c	control
SMP_e61f3d3f05079bbd11bf	case
SMP_fde32189e16a66735e1b	case
SMP_334cc48ba2713e164a7a	control
SMP_a228cf5428aef2a4707c	control
SMP_cc08f85c3fb6d8655d09	control
SMP_1c717bc4326690442214	case
SMP_ad4c0e98c34d3981b0a4	control
SMP_5fbeb1bffc0055e5fe92	case
SMP_c829e9b8396de22ec215	control
SMP_11d6d66a4e4f4410b644	control
SMP_b6040871ac179690d38e	control
SMP_2f1eaeb033fe53686c0f	case
SMP_93566cf976efeb422b55	control
SMP_660d13174cb76f7cc2ad	case
SMP_0b86a3210858cf839dae	control
SMP_991eddde41a4b0e389e4	control
SMP_35e6ecefd0a6795751de	case
SMP_34efdfe1ad9befee886a	case
SMP_56f49ab8fdef42d1c965	case
SMP_02f55c10498e12b953e3	case
SMP_91b5329c9b3c2e4f7a60	case
SMP_37e6cd581ddfa7493a33	case
SMP_4f2334eb47aa0897f99f	case
SMP_015fde7cf8087f21c6b9	case
SMP_bb9e8892a70ffca7f409	control
SMP_71b6666884da32d7340c	case
SMP_a68e37e76d488de09401	case
SMP_de16f53c1c59e8409a7f	case
SMP_a6253b7311410e684ddb	control
SMP_a1c199607332acf2e78a	case
SMP_7c71a04cdadc5ef85e9e	case
SMP_571dbe9af7e2f5e3f040	control
SMP_41d1375bcdab3f281995	case
SMP_11f3c3468c7edbe3dbad	control
SMP_759e7674f2b1d9be5662	case
SMP_5515e51b47c8beb08872	case
SMP_1ef74302477eeb9f357f	control
SMP_de240ef006a54e30a9c5	case
SMP_8462888a7a8f883a88a3	case
SMP_f1fccffa01ee09813d48	control
SMP_a31ee0a837148e9d2a4d	case
SMP_90d015da40e2141d727d	case
SMP_fbf5862bd78b9533943e	control
SMP_78b18fcc43a3e6a0a513	case
SMP_4aeceb64732544814258	case
SMP_d76e9ce82cf7857a1d54	control
SMP_8ceb96e0bf136e3708b6	case
SMP_f3189fe17b8503a8a62e	control
SMP_cc8ff672e3551d233507	case
SMP_8262681d225233714a51	case
SMP_24ebf8cfce629bc42470	case
SMP_ff6b50c588b5ea4d67ec	control
SMP_7d830f3d653046b6f4fb	case
SMP_e920008bc730b5a580c6	control
SMP_354f7debbcb6d94b1b91	control
SMP_1220719d81d827635f51	case
SMP_5cbd096ec55094de4775	case
SMP_b02b8e964ad5efb64e17	case
SMP_4d9a112784116760de8b	case
SMP_305a822a11cf8e02efd1	case
SMP_54536885868c6b354298	control
SMP_f1e52157f882a027b8ce	case
SMP_eb94dc37eb5c05dcb156	case
SMP_6ffd0c772d8740f9103c	case
SMP_a2181269721a6d925f7f	case
SMP_2bfd370e143dd2ff5efb	control
SMP_76bcc296bcc781f256be	case
SMP_d649a6e071303ff8b8ee	control
SMP_1a37d04417fd576d1331	case
SMP_36116eb1665405de87c4	control
SMP_f10c5f9f1e1877a5431b	case
SMP_c277b6bb019a30694c86	control
SMP_9d8486fbf75573fd5cfa	case
SMP_d55887230b78a42714b6	control
SMP_6506f49bb55fa416bfb6	control
SMP_55d479922732d08bf354	case
SMP_e50ffd71a94055028ec4	case
SMP_d2be6053f79f444e28ab	control
SMP_ef75760ca187eed111e1	case
SMP_bfbfadfe1c3d9d9b9aaa	case
SMP_aee338d8f97e77fca98f	case
SMP_4a5ffe8a08c0bad29276	control
SMP_6a651fc0f9aa4c8c3c42	control
SMP_2b3c05d3bf13ee9c2c80	case
SMP_f647f7965e93c31ff574	control
SMP_f2d7c4e364c6812c5240	control
