sample_id	CRC	CRC_CRA
SMP_7f399ea79529e977d2ff	control	control
SMP_7918efbae8ed2a01a436	control	control
SMP_cafedf8e33f31d709ffa	case	case
SMP_4275784105bb55a8c791	case	case
SMP_eb7a64d0866c8b1794a7	case	case
SMP_1cbb4f5beeec8801d331	case	case
SMP_9c6df9e3ba49f972bcc6	case	case
SMP_53cf8b87b1fa41c1d8a3	control	control
SMP_e20a36f9f9ed855d8a2f	control	control
SMP_59010a634bac6a2c9100	control	control
SMP_d2817e798e6a507ff5c2	control	control
SMP_705348b265464930e577	case	case
SMP_13740ce596de883dfd42	case	case
SMP_5ea8856437866101b4b2	case	case
SMP_06d3043152eb59d3de5c	case	case
SMP_6da620be867f5716caf2	case	case
SMP_a0203ebff1a51b74d313	control	control
SMP_144e17cc2ea4b0321155	case	case
SMP_c979df7b93e8960e4b2a	control	control
SMP_1d9048117bb16a346f47	control	control
SMP_fa616be941f6b01853e8	case	case
SMP_00d3a3a17304291bcc5f	case	case
SMP_6c847f6f2d59b64fb066	control	control
SMP_b3f0d76aa87082d2b774	case	case
SMP_c086a684c7b09e5fd4ff	case	case
SMP_494be714dcb8594caf75	case	case
SMP_8048f71b988075061fcf	control	control
SMP_29d8a626aa0a3f737de3	control	control
SMP_6a3bca3353c0b9907b11	control	control
SMP_05cd354bdcc97a3c83da	control	control
SMP_ef3e5ac15fcfc1d553ab	control	control
SMP_bd7b2caf1cd52260b437	control	control
SMP_6bf061bfaa672da229b8	control	control
SMP_d38fb22d5ec5d3c682f3	control	control
SMP_19524ab36efdd32c79da	control	control
SMP_d40d28b125082c13cf47	case	case
SMP_831c3004c371d3573f77	control	control
SMP_955327ae37c1210d93a7	case	case
SMP_8b3180930bc8812a4722	control	control
SMP_4d56dd012f4797ca143f	case	case
SMP_8f3982c033f37fd217ad	control	control
SMP_cd1a5adbc271d40e56d3	control	control
SMP_3dd30e200583ab2f84ee	control	control
SMP_ab896abaf8933302dea4	control	control
SMP_d830342a706792ba7819	case	case
SMP_3b8cfba770e62af28877	control	control
SMP_5bec0c8a31f598e1a6b6	control	control
SMP_50e45d296b15cedef8c6	case	case
SMP_1c106892e3508000b232	case	case
SMP_653487f876820449dd1e	control	control
SMP_5760e3a6589ecd71fb11	control	control
SMP_f70694f2ed5010983602	case	case
SMP_d6cdff189a4489a19f6f	case	case
SMP_73b2c9abe0d64e5a844e	control	control
SMP_2ca9cefe94a43471b772	case	case
SMP_3a6919da27809286fa63	case	case
SMP_503efdc1a7e662fe9fc0	control	control
SMP_4539ac66a311032a1851	case	case
SMP_096a9333f347febadc54	control	control
SMP_7417bddb120e19456c3b	case	case
SMP_934bda5c0b4cd61c04f2	control	control
SMP_d3b54d453ae13e645121	control	control
SMP_9298369235baa35b04cc	control	control
SMP_24c2c83a39049eca4fad	control	control
SMP_f5cb6a3b0fce42d20d0c	control	control
SMP_8218d762b2bde32b5784	case	case
SMP_151df4630ed48c1d20d0	case	case
SMP_d5f6ea74b8b12c9d6ce4	case	case
SMP_2f01a0d395b996f2813f	control	control
SMP_9950cf55f7a916de0cb1	control	control
SMP_a0cc8e5d67b1669cdbb3	control	control
SMP_18608e3e7a3f285d7e99	control	control
SMP_51cfe1d155561d2855f4	control	control
SMP_151554d15edc816f1ba4	case	case
SMP_6f270527fdc3ef256a32	case	case
SMP_8a39f0bcf0e1eeec2ba5	case	case
SMP_302c3ebe7ea5bf169e43	case	case
SMP_1222426f3f4d186856a6	case	case
SMP_eb1ca5abb909008794c6	case	case
SMP_e5e84ac6c9a098ddc953	case	case
SMP_98fa3883d90441f46b1d	control	control
SMP_bb56a511e686653fdeb0	control	control
SMP_222dc1fa6d4cb3ad8636	control	control
SMP_03f54dd5a6a244acf777	case	case
SMP_123e3de29e2082feb211	case	case
SMP_7db70bd145b47d628a5e	control	control
SMP_f21f650891a13335001b	case	case
SMP_04d8cefaadf9aab96fd3	case	case
SMP_1770fc85288297003f94	control	control
SMP_82f66eb16cbee3fbfdd2	control	control
SMP_80ec77ed0da29ed4efbb	case	case
SMP_ea40d36e2e66c0cad477	control	control
SMP_38b89ff6e7097200a048	case	case
SMP_7ca7c4fc362c201cf5ae	control	control
SMP_8b00704f2bb9d9e89a47	case	case
SMP_ae1799c8943af897a25d	case	case
SMP_6dcfdcf20c57b3b40288	case	case
SMP_1bb21f2e3b81c7eb5396	control	control
SMP_bad36a84d4910bb91b66	control	control
SMP_801782f9bfb507be83d3	case	case
SMP_90b3ab2dafd818f0db21	case	case
SMP_32049383e5971c6b0d3a	case	case
SMP_4c140074697503ee0485	case	case
SMP_f5a3c8ee3bcb0b853382	control	control
SMP_2c88609e38b9ff426adf	case	case
SMP_a647f2f8e24a212b817e	control	control
SMP_2fef36ab0cb446b7eb9c	control	control
SMP_b23f2425683eb2a4fbc4	case	case
SMP_b7dbb2cc18c95218e75c	case	case
SMP_5debe5c1552f98ec4283	case	case
SMP_3f13caffff1b1d4b18c9	control	control
SMP_5d9c91bc5546ab4ccaa6	case	case
SMP_64c1e12216fff036c6ec	case	case
SMP_3ffb415c8ecf9e8d5e13	case	case
SMP_72532e8f48263d25addb	case	case
SMP_797655289de1795fa678	control	control
SMP_c1c2fd315dbcea8fb6a4	case	case
SMP_9c81af014556e923b4e0	control	control
SMP_146892b4fb3ab9239441	control	control
SMP_b2e927b2812c471c337a	control	control
