sample_id	CRA	CRC	CRC_CRA
SMP_9305876361848c867252	control	control	control
SMP_415f3520375daa13b531	case	not_in_comparison	case
SMP_6cc2cfaa696c93405eef	not_in_comparison	case	case
SMP_4ad06db4982139dd6fdf	case	not_in_comparison	case
SMP_4b98ca77ede59ab70928	case	not_in_comparison	case
SMP_7f3569f6d10e1ef2c1b5	case	not_in_comparison	case
SMP_ed1294598023d9d33be7	control	control	control
SMP_842f69955955cd66ea25	case	not_in_comparison	case
SMP_050e579c05c6ff093fa8	case	not_in_comparison	case
SMP_24ee27dd96ca0569a3ba	control	control	control
SMP_6c93acc2f6af869b7c71	case	not_in_comparison	case
SMP_b9826c8d68985f4e8630	not_in_comparison	case	case
SMP_3d224a812209ee9ee77f	case	not_in_comparison	case
SMP_aa4d7837da95bbd1c805	not_in_comparison	case	case
SMP_73f34b0ed400a15ef5e2	not_in_comparison	case	case
SMP_3fa55ba7dba8b6f78353	not_in_comparison	case	case
SMP_bcfa42098cbf23387f3a	not_in_comparison	case	case
SMP_cb79cdbe17958ea52706	not_in_comparison	case	case
SMP_9c1f194c8d6c4c1fcd3f	not_in_comparison	case	case
SMP_decad1d4c60c8dc74f76	not_in_comparison	case	case
SMP_f8727ca0d7994b178b39	not_in_comparison	case	case
SMP_05f318e312baa0d5ae33	not_in_comparison	case	case
SMP_8091963b72c79f24f02a	case	not_in_comparison	case
SMP_8f8541d02fa8c8e8a3fa	not_in_comparison	case	case
SMP_43c8b8840ed8a6db0470	case	not_in_comparison	case
SMP_cb7a5656daca5b0fc0f4	control	control	control
SMP_16221b8251194d3d1a2e	case	not_in_comparison	case
SMP_b261f450b0a9e6c4c4be	case	not_in_comparison	case
SMP_2e4c3afaced3e1bd557b	case	not_in_comparison	case
SMP_b6133bacbc4ca05bdfc6	case	not_in_comparison	case
SMP_bb37641743a9b6ba3d2c	control	control	control
SMP_e50d43dd2b4a06bb7276	control	control	control
SMP_b2c1b4189640e859df01	case	not_in_comparison	case
SMP_36258864e52b46f19651	case	not_in_comparison	case
SMP_e16c0d6fa7a0c1de2915	case	not_in_comparison	case
SMP_38e04c02f971b430262e	case	not_in_comparison	case
SMP_ec122bec74c4edcd5849	case	not_in_comparison	case
SMP_e869a94c32f0f7e135d0	not_in_comparison	case	case
SMP_7656a276c107c2fb3dce	case	not_in_comparison	case
SMP_704aa843e0d7c7b7109e	case	not_in_comparison	case
SMP_b39e89a762dcc65e714a	case	not_in_comparison	case
SMP_a3109020602bdd149bbc	not_in_comparison	case	case
SMP_20fb7fa5af2d8f325803	not_in_comparison	case	case
SMP_ec8d5607c847f09bf243	not_in_comparison	case	case
SMP_9949eb45acdbcd0a7ce8	control	control	control
SMP_690c7a554ae402f33f8f	case	not_in_comparison	case
SMP_dcb5476a6a4cc9cdebc2	not_in_comparison	case	case
SMP_1fcfecad2b9e035ea46b	case	not_in_comparison	case
SMP_a8637f2ff803247103d6	not_in_comparison	case	case
SMP_a907e7208edfced9556f	not_in_comparison	case	case
SMP_7ac48d34a0420ca2587d	not_in_comparison	case	case
SMP_f802c14f509147694fa4	not_in_comparison	case	case
SMP_e10a2127de652610b8d2	not_in_comparison	case	case
SMP_f71a3b25f49bf06390a1	not_in_comparison	case	case
SMP_096ce5caa7812651e607	not_in_comparison	case	case
SMP_9e26c6c697cb3abe4b46	case	not_in_comparison	case
SMP_588ed80b29eb166a56fa	not_in_comparison	case	case
SMP_a9d85ec2587af56a8f3f	not_in_comparison	case	case
SMP_399822e3051a19f3e227	not_in_comparison	case	case
SMP_9f501cf93bae5e04fc2a	not_in_comparison	case	case
SMP_75de815ca6cdd7b8f066	control	control	control
SMP_efb28120ab631d5c1576	control	control	control
SMP_a93b201b451c8add8d77	control	control	control
SMP_13b572381b454bc1987a	control	control	control
SMP_7e67e20f08b7d9a2e8a8	control	control	control
SMP_00848b5adcfa0712dfdb	case	not_in_comparison	case
SMP_dc49a2a7b9b637fac310	control	control	control
SMP_476d6056d5ab160ddd18	control	control	control
SMP_e2fbcfe7758fffd132ac	control	control	control
SMP_f387dda18035fd88c1f8	control	control	control
SMP_e5666a35ea5bbb43e493	control	control	control
SMP_62b11619aa2fc838d4f3	not_in_comparison	case	case
SMP_6e2143e349c46d9ab02e	case	not_in_comparison	case
SMP_1620d6b8a3e24a075302	control	control	control
SMP_a6b296396bb872210eb7	control	control	control
SMP_2232fe81d2b5c9da0680	control	control	control
SMP_c4d436ffd68653cd2f42	control	control	control
SMP_7e085b90560e96623f91	control	control	control
SMP_7a21df44fc2ce4f31522	control	control	control
SMP_00a9b42a14f4253e536c	control	control	control
SMP_dde93dd4d6bb3786cd22	not_in_comparison	case	case
SMP_be10eaf32c7179fdc9e7	not_in_comparison	case	case
SMP_f25462545e6f0c59731a	control	control	control
SMP_2bd954682655c886d948	not_in_comparison	case	case
SMP_5f615bb35778bb326109	not_in_comparison	case	case
SMP_2f195abd3a0040764429	not_in_comparison	case	case
SMP_b68b605f730ec8926e94	not_in_comparison	case	case
SMP_719fa4aec1d8c2d8560d	not_in_comparison	case	case
SMP_b10c61610f443ed94b53	not_in_comparison	case	case
SMP_1349066afd63b625cec1	not_in_comparison	case	case
SMP_1def45f06127e8687e70	control	control	control
SMP_592e357cef0a80d18a46	control	control	control
SMP_7c2f4a2df3b40e1f5c25	control	control	control
SMP_59446becb1d4de675147	not_in_comparison	case	case
SMP_1bd232657d2101fc6b1c	control	control	control
SMP_0306f168f779873605ec	not_in_comparison	case	case
SMP_2e35116e33bb90a693a0	control	control	control
SMP_9d9e6fdec50e7b1d0d16	not_in_comparison	case	case
SMP_543fb03737dd6ccbba75	not_in_comparison	case	case
SMP_d5c5476e26e1e65a9e5a	not_in_comparison	case	case
SMP_67afed362af4dbe2fe3a	not_in_comparison	case	case
SMP_8fb56c348a6d501a4ddb	not_in_comparison	case	case
SMP_58701e8e167f6d924fa3	not_in_comparison	case	case
SMP_95f479067cbd6e13e23c	not_in_comparison	case	case
SMP_297b0bdf4b24b2fca750	control	control	control
SMP_328157b6798d28f754f5	not_in_comparison	case	case
SMP_95b0f6bad077efaea5b7	not_in_comparison	case	case
SMP_86e833e61084d9bf8be5	control	control	control
SMP_af7814d1e83058efb159	not_in_comparison	case	case
SMP_fb22c375dd030d17d137	not_in_comparison	case	case
SMP_6592d5384a8d78cbdd6b	not_in_comparison	case	case
SMP_b2806ca2d71a47022d24	control	control	control
SMP_963e2fc6164ea90901b6	control	control	control
SMP_5bac2591cce8e0fa2cd1	not_in_comparison	case	case
SMP_ee0885c3e5c28af9383d	not_in_comparison	case	case
SMP_47ee6e40af96b3482611	not_in_comparison	case	case
SMP_d3b0ba193020d1e5287f	not_in_comparison	case	case
SMP_e70dd43864675522d0b1	not_in_comparison	case	case
SMP_71430b3a6da8a91d252d	not_in_comparison	case	case
SMP_4aa5059cb6045c4fa6b7	not_in_comparison	case	case
SMP_d74857c0f71ff1112a30	control	control	control
SMP_6cdb2ab86fe466953b81	control	control	control
SMP_ef9e3371d287b641d7ff	not_in_comparison	case	case
SMP_80150e74ce6f1dc6b6be	control	control	control
SMP_e53d2e0a6c752484b7e4	not_in_comparison	case	case
SMP_073ee3ed93f19bcb5f8b	control	control	control
SMP_6be91e286d1a8d324172	control	control	control
SMP_5bed0d361ea1ff211b9e	control	control	control
SMP_e9793babda7beaf7a16f	control	control	control
SMP_1fc39199cdccad92b64f	control	control	control
SMP_717552dbcc292ef8ed6c	control	control	control
SMP_55fc0c4e8e53b7e4ba3d	control	control	control
SMP_aaf0d1cbfdc49803615b	control	control	control
SMP_41c22fc3b5906aa8c6df	control	control	control
SMP_3190c041fd479bc5ec27	control	control	control
SMP_2c6bcd53755af5b4a758	control	control	control
SMP_29ae92c504ac136e25b0	control	control	control
SMP_18ec13afcb732649ef72	control	control	control
SMP_a9449def273a8091747f	control	control	control
SMP_6f3dc37749ee05ca2007	control	control	control
