diseases	n_diseases	set_sizes	background_size	shared_count	jaccard	overlap_coefficient	expected_hypergeom	expected_permutation	permutation_q95	observed_expected_ratio	hypergeom_p	permutation_p	shared_species	hypergeom_q	permutation_q	significantly_above_random
CRA|CRC	2	300|300	1817	67	0.12570356472795496	0.22333333333333333	49.53219592735278	49.5638	60.0	1.3517930425027944	0.0024901169800502446	0.0024997500249975004	s__Acidaminococcus_massiliensis;s__Alistipes_indistinctus;s__Alistipes_provencensis;s__Anaerostipes_hadrus;s__Anaerotignum_faecicola;s__Bacteroides_caccae;s__Bacteroides_nordii;s__Christensenella_minuta;s__Cloacibacillus_porcorum;s__Clostridiaceae_bacterium;s__Clostridiales_bacterium_KLE1615;s__Clostridium_sp_AF12_28;s__Dialister_pneumosintes;s__Dysosmobacter_sp_Marseille_Q4140;s__Enterococcus_durans;s__Eubacterium_ventriosum;s__Fusicatenibacter_saccharivorans;s__Fusobacterium_nucleatum;s__GGB1568_SGB2155;s__GGB3001_SGB3992;s__GGB3281_SGB4335;s__GGB3304_SGB4367;s__GGB3433_SGB4574;s__GGB34797_SGB14322;s__GGB3486_SGB4658;s__GGB3818_SGB5183;s__GGB3828_SGB5197;s__GGB40351_SGB14301;s__GGB4578_SGB6328;s__GGB4588_SGB6347;s__GGB4599_SGB6362;s__GGB4642_SGB6422;s__GGB4659_SGB6447;s__GGB4717_SGB6533;s__GGB4769_SGB6602;s__GGB51269_SGB5061;s__GGB51441_SGB71759;s__GGB58233_SGB79883;s__GGB9061_SGB13979;s__GGB9117_SGB14050;s__GGB9380_SGB14375;s__GGB9597_SGB15022;s__GGB9603_SGB15035;s__GGB9616_SGB15051;s__GGB9618_SGB15065;s__GGB9719_SGB15273;s__GGB9758_SGB15368;s__GGB9813_SGB15447;s__Gemella_morbillorum;s__Granulicatella_adiacens;s__Haemophilus_haemolyticus;s__Jingyaoa_shaoxingensis;s__Jutongia_hominis;s__Lachnospira_SGB5083;s__Lachnospira_eligens;s__Lachnospiraceae_bacterium_OF09_6;s__Megasphaera_micronuciformis;s__Mogibacterium_timidum;s__Parascardovia_denticolens;s__Peptostreptococcus_stomatis;s__Prevotellamassilia_timonensis;s__Raoultella_ornithinolytica;s__Streptococcus_anginosus;s__Streptococcus_constellatus;s__Streptococcus_cristatus;s__Streptococcus_infantis;s__Streptococcus_thermophilus	0.007470350940150734	0.006874312568743126	True
CRA|IBD	2	300|300	1801	62	0.11524163568773234	0.20666666666666667	49.97223764575236	49.9842	60.0	1.2403919638605798	0.027107109802614365	0.0268973102689731	s__Actinomyces_graevenitzii;s__Actinomyces_naeslundii;s__Actinomyces_oris;s__Alistipes_shahii;s__Anaeroglobus_geminatus;s__Bifidobacterium_animalis;s__Bifidobacterium_breve;s__Blautia_producta;s__Candidatus_Gastranaerophilales_bacterium;s__Christensenella_minuta;s__Clostridiales_bacterium_KLE1615;s__Clostridium_saccharogumia;s__Desulfovibrio_piger;s__Dialister_pneumosintes;s__Enterococcus_avium;s__Enterococcus_faecalis;s__Enterococcus_faecium;s__Eubacterium_ventriosum;s__Fusobacterium_nucleatum;s__GGB2982_SGB3964;s__GGB3001_SGB3992;s__GGB32900_SGB53446;s__GGB3619_SGB4894;s__GGB4578_SGB6328;s__GGB4599_SGB6362;s__GGB4651_SGB6438;s__GGB9198_SGB14137;s__GGB9347_SGB14313;s__GGB9545_SGB14951;s__GGB9597_SGB15022;s__GGB9616_SGB15051;s__GGB9618_SGB15065;s__GGB9667_SGB15164;s__GGB9712_SGB15244;s__GGB9715_SGB15260;s__GGB9724_SGB15278;s__GGB9758_SGB15368;s__Gemella_morbillorum;s__Gemella_sanguinis;s__Granulicatella_adiacens;s__Intestinibacter_bartlettii;s__Jilunia_laotingensis;s__Klebsiella_pneumoniae;s__Klebsiella_quasipneumoniae;s__Lacticaseibacillus_paracasei;s__Lactobacillus_acidophilus;s__Lactococcus_lactis;s__Ligaoa_zhengdingensis;s__Megasphaera_micronuciformis;s__Oscillibacter_sp_ER4;s__Parabacteroides_faecis;s__Peptostreptococcus_stomatis;s__Rubneribacter_badeniensis;s__Ruminococcus_bicirculans;s__Scardovia_wiggsiae;s__Schaalia_SGB17153;s__Schaalia_SGB17158;s__Streptococcus_anginosus;s__Streptococcus_cristatus;s__Streptococcus_infantis;s__Streptococcus_salivarius;s__Streptococcus_sanguinis	0.04318608576472541	0.05371129553711295	False
CRA|IBS	2	300|238	1684	35	0.06958250497017893	0.14705882352941177	42.39904988123516	42.3213	51.0	0.8270067318347971	0.9280380911543994	0.9259074092590741	s__Actinomyces_oris;s__Anaerobutyricum_hallii;s__Anaerostipes_hadrus;s__Anaerotignum_faecicola;s__Anaerotignum_sp_MSJ_24;s__Anaerotruncus_rubiinfantis;s__Bacteroides_mediterraneensis;s__Bifidobacterium_animalis;s__Blautia_caecimuris;s__Blautia_wexlerae;s__Clostridium_spiroforme;s__Desulfovibrio_piger;s__GGB2848_SGB3813;s__GGB2980_SGB3962;s__GGB2982_SGB3964;s__GGB3828_SGB5197;s__GGB45432_SGB63101;s__GGB9302_SGB14263;s__GGB9342_SGB14306;s__GGB9347_SGB14313;s__GGB9545_SGB14951;s__GGB9636_SGB15107;s__GGB9712_SGB15244;s__GGB9719_SGB15272;s__GGB9782_SGB15403;s__Hydrogenoanaerobacterium_saccharovorans;s__Jingyaoa_shaoxingensis;s__Paraprevotella_clara;s__Phocaeicola_massiliensis;s__Phocea_massiliensis;s__Streptococcus_constellatus;s__Streptococcus_mutans;s__Streptococcus_salivarius;s__Streptococcus_thermophilus;s__Youxingia_wuxianensis	0.9280380911543994	1.0	False
CRC|IBD	2	300|300	1843	75	0.14285714285714285	0.25	48.83342376559957	48.8283	59.0	1.53599449499573	1.3375631030686804e-05	9.999000099990002e-05	s__Actinomyces_SGB17132;s__Actinomyces_sp_ph3;s__Adlercreutzia_equolifaciens;s__Aggregatibacter_segnis;s__Alistipes_finegoldii;s__Anaerococcus_obesiensis;s__Bacteroides_fragilis;s__Brotolimicola_acetigignens;s__Candidatus_Cibionibacter_quicibialis;s__Christensenella_minuta;s__Christensenella_sp_Marseille_P3954;s__Clostridiaceae_bacterium_Marseille_Q4145;s__Clostridiales_bacterium_KLE1615;s__Clostridium_scindens;s__Clostridium_sp_AM49_4BH;s__Clostridium_symbiosum;s__Dialister_pneumosintes;s__Enterocloster_aldenensis;s__Enterocloster_bolteae;s__Enterocloster_clostridioformis;s__Enterocloster_lavalensis;s__Escherichia_coli;s__Eubacterium_sp_AF34_35BH;s__Eubacterium_ventriosum;s__Flavonifractor_plautii;s__Fusicatenibacter_sp_CLA_AA_H277;s__Fusobacterium_mortiferum;s__Fusobacterium_nucleatum;s__Fusobacterium_periodonticum;s__GGB13404_SGB14252;s__GGB2970_SGB3952;s__GGB2998_SGB3988;s__GGB3001_SGB3992;s__GGB3033_SGB4029;s__GGB3175_SGB4191;s__GGB3345_SGB4425;s__GGB3653_SGB4964;s__GGB38239_SGB47716;s__GGB4552_SGB6276;s__GGB4571_SGB6321;s__GGB4578_SGB6328;s__GGB4584_SGB6338;s__GGB4599_SGB6362;s__GGB4604_SGB6370;s__GGB4684_SGB6478;s__GGB51269_SGB5062;s__GGB6470_SGB9153;s__GGB9253_SGB14198;s__GGB9512_SGB14909;s__GGB9597_SGB15022;s__GGB9616_SGB15051;s__GGB9618_SGB15065;s__GGB9758_SGB15368;s__GGB9760_SGB15373;s__Gemella_morbillorum;s__Gemmiger_formicilis;s__Granulicatella_adiacens;s__Jutongia_huaianensis;s__Klebsiella_oxytoca;s__Lachnospira_sp_NSJ_43;s__Lachnospiraceae_bacterium_CLA_AA_H215;s__Lacticaseibacillus_rhamnosus;s__Lancefieldella_parvula;s__Megasphaera_micronuciformis;s__Mogibacterium_kristiansenii;s__Peptostreptococcus_stomatis;s__Prevotella_buccae;s__Ruminococcus_gnavus;s__Streptococcus_anginosus;s__Streptococcus_cristatus;s__Streptococcus_infantis;s__Streptococcus_mitis;s__Streptococcus_oralis;s__Tyzzerella_nexilis;s__Veillonella_parvula	8.025378618412082e-05	0.0010998900109989002	True
CRC|IBS	2	300|238	1720	43	0.08686868686868687	0.18067226890756302	41.51162790697674	41.5278	51.0	1.035450950929257	0.42238392567608224	0.42175782421757824	s__Alistipes_finegoldii;s__Anaerostipes_hadrus;s__Anaerotignum_faecicola;s__Anaerotruncus_massiliensis;s__Bacteroides_fragilis;s__Bacteroides_thetaiotaomicron;s__Blautia_hydrogenotrophica;s__Butyricimonas_virosa;s__Clostridiaceae_bacterium_Marseille_Q4145;s__Clostridium_scindens;s__Clostridium_symbiosum;s__Eisenbergiella_massiliensis;s__Eubacterium_rectale;s__Eubacterium_sp_AF34_35BH;s__Faecalibacterium_SGB15346;s__Faecalibacterium_prausnitzii;s__Flavonifractor_plautii;s__GGB13404_SGB14252;s__GGB2970_SGB3952;s__GGB34900_SGB14891;s__GGB3653_SGB4964;s__GGB3740_SGB5076;s__GGB3828_SGB5197;s__GGB4552_SGB6276;s__GGB87445_SGB15180;s__GGB9253_SGB14198;s__GGB9512_SGB14909;s__GGB9781_SGB15402;s__GGB9781_SGB66170;s__Jingyaoa_shaoxingensis;s__Lachnospira_pectinoschiza;s__Lachnospiraceae_bacterium_CLA_AA_H215;s__Methanobrevibacter_smithii;s__Odoribacter_splanchnicus;s__Porphyromonas_asaccharolytica;s__Ruminococcus_champanellensis;s__Ruminococcus_torques;s__Ruthenibacterium_lactatiformans;s__Streptococcus_constellatus;s__Streptococcus_lutetiensis;s__Streptococcus_thermophilus;s__Veillonella_parvula;s__Zhenpiania_hominis	0.5068607108112987	0.57991700829917	False
IBD|IBS	2	300|238	1443	61	0.1278825995807128	0.25630252100840334	49.48024948024948	49.4192	59.0	1.2343380710331209	0.02879072384315027	0.0292970702929707	s__Actinomyces_oris;s__Alistipes_communis;s__Alistipes_finegoldii;s__Alistipes_ihumii;s__Alistipes_sp_AF17_16;s__Bacteroides_congonensis;s__Bacteroides_fragilis;s__Bifidobacterium_animalis;s__Clostridiaceae_bacterium_Marseille_Q4145;s__Clostridiaceae_unclassified_SGB15090;s__Clostridium_scindens;s__Clostridium_symbiosum;s__Desulfovibrio_piger;s__Eggerthella_lenta;s__Eubacterium_sp_AF34_35BH;s__Flavonifractor_plautii;s__GGB13404_SGB14252;s__GGB2653_SGB3574;s__GGB2970_SGB3952;s__GGB2982_SGB3964;s__GGB2998_SGB3989;s__GGB3061_SGB4063;s__GGB3142_SGB4155;s__GGB33586_SGB53517;s__GGB3653_SGB4964;s__GGB4552_SGB6276;s__GGB51647_SGB4348;s__GGB51959_SGB72479;s__GGB58158_SGB79798;s__GGB6649_SGB9391;s__GGB9253_SGB14198;s__GGB9347_SGB14313;s__GGB9365_SGB14341;s__GGB9512_SGB14909;s__GGB9534_SGB14937;s__GGB9545_SGB14951;s__GGB9559_SGB14969;s__GGB9614_SGB15049;s__GGB9620_SGB15070;s__GGB9627_SGB15081;s__GGB9640_SGB15115;s__GGB9708_SGB15234;s__GGB9712_SGB15244;s__GGB9715_SGB15265;s__GGB9715_SGB15267;s__GGB9759_SGB15370;s__GGB9760_SGB15374;s__GGB9766_SGB15383;s__GGB9767_SGB15385;s__Haemophilus_parainfluenzae;s__Lachnospiraceae_bacterium_CLA_AA_H215;s__Lachnospiraceae_bacterium_OM04_12BH;s__Lactobacillus_gasseri;s__Lawsonibacter_SGB15145;s__Oscillibacter_valericigenes;s__Oscillospiraceae_bacterium_CLA_AA_H250;s__Ruminococcus_lactaris;s__Streptococcus_parasanguinis;s__Streptococcus_salivarius;s__Veillonella_parvula;s__Veillonella_rogosae	0.04318608576472541	0.05371129553711295	False
CRA|CRC|IBD	3	300|300|300	1935	19	0.026573426573426574	0.06333333333333334		7.1996	12.0	2.6390355019723315		0.0004999500049995	s__Christensenella_minuta;s__Clostridiales_bacterium_KLE1615;s__Dialister_pneumosintes;s__Eubacterium_ventriosum;s__Fusobacterium_nucleatum;s__GGB3001_SGB3992;s__GGB4578_SGB6328;s__GGB4599_SGB6362;s__GGB9597_SGB15022;s__GGB9616_SGB15051;s__GGB9618_SGB15065;s__GGB9758_SGB15368;s__Gemella_morbillorum;s__Granulicatella_adiacens;s__Megasphaera_micronuciformis;s__Peptostreptococcus_stomatis;s__Streptococcus_anginosus;s__Streptococcus_cristatus;s__Streptococcus_infantis		0.0027497250274972503	True
CRA|CRC|IBS	3	300|300|238	1871	6	0.008583690987124463	0.025210084033613446		6.1258	10.0	0.9794639067550361		0.5780421957804219	s__Anaerostipes_hadrus;s__Anaerotignum_faecicola;s__GGB3828_SGB5197;s__Jingyaoa_shaoxingensis;s__Streptococcus_constellatus;s__Streptococcus_thermophilus		0.7064960170649601	False
CRA|IBD|IBS	3	300|300|238	1857	8	0.011627906976744186	0.03361344537815126		6.2026	10.0	1.2897817044465223		0.278972102789721	s__Actinomyces_oris;s__Bifidobacterium_animalis;s__Desulfovibrio_piger;s__GGB2982_SGB3964;s__GGB9347_SGB14313;s__GGB9545_SGB14951;s__GGB9712_SGB15244;s__Streptococcus_salivarius		0.43838473295527586	False
CRC|IBD|IBS	3	300|300|238	1900	15	0.02225519287833828	0.06302521008403361		5.9344	10.0	2.5276354812617954		0.0012998700129987	s__Alistipes_finegoldii;s__Bacteroides_fragilis;s__Clostridiaceae_bacterium_Marseille_Q4145;s__Clostridium_scindens;s__Clostridium_symbiosum;s__Eubacterium_sp_AF34_35BH;s__Flavonifractor_plautii;s__GGB13404_SGB14252;s__GGB2970_SGB3952;s__GGB3653_SGB4964;s__GGB4552_SGB6276;s__GGB9253_SGB14198;s__GGB9512_SGB14909;s__Lachnospiraceae_bacterium_CLA_AA_H215;s__Veillonella_parvula		0.0047661900476619	True
CRA|CRC|IBD|IBS	4	300|300|300|238	1988	0	0.0	0.0		0.823	3.0	0.0		1.0			1.0	False
