species	n_diseases	diseases	named_species	CRA_direction	CRA_rank_score	CRA_meta_log2fc	CRA_meta_q	CRC_direction	CRC_rank_score	CRC_meta_log2fc	CRC_meta_q	IBD_direction	IBD_rank_score	IBD_meta_log2fc	IBD_meta_q	IBS_direction	IBS_rank_score	IBS_meta_log2fc	IBS_meta_q	direction_pattern	same_direction
s__Anaerotignum_faecicola	3	CRA|CRC|IBS	yes	up	0.1571820183608424	0.4913067382441749	0.5118677606547201	up	1.8716623245300488	0.91109791929841	0.0238885353492946					up	5.68028630851029	4.470175007944618	0.14218751296417934	up|up|up	True
s__Bacteroides_fragilis	3	CRC|IBD|IBS	yes					up	10.330052360071765	1.3596229334908525	3.741516660236851e-06	up	20.869399419658663	1.464216468409786	3.0586589419014365e-11	up	32.547606212465126	6.2050998539696405	0.0011850085902920546	up|up|up	True
s__Clostridiales_bacterium_KLE1615	3	CRA|CRC|IBD	yes	down	0.6020491875975177	-0.6021680988876474	0.2006611756980943	down	5.478168732299238	-0.8010644590827585	6.082887268983663e-06	down	52.91729194451687	-1.1259813490533486	1.0469640558035403e-33					down|down|down	True
s__Clostridium_scindens	3	CRC|IBD|IBS	yes					up	1.2875358030475208	1.1295849810342435	0.0450957476520042	up	20.938019419923396	2.2491942095990027	8.037348577942754e-09	up	3.4307299995112457	4.183474317711609	0.2839805163852077	up|up|up	True
s__Clostridium_symbiosum	3	CRC|IBD|IBS	yes					up	10.09868443981205	1.5194350582157636	3.741516660236851e-06	up	89.58226188643954	2.813648251364552	1.812316640755849e-23	up	3.999444355351977	1.8515838912545732	0.03630710863807993	up|up|up	True
s__Eubacterium_sp_AF34_35BH	3	CRC|IBD|IBS	yes					down	1.09563943471641	-0.8199192257910421	0.0191394392020138	down	25.92455792739032	-2.8049152515532563	6.529218887517209e-10	down	4.523316082207698	-1.3274787441591918	0.005350167168439776	down|down|down	True
s__Eubacterium_ventriosum	3	CRA|CRC|IBD	yes	down	0.1787151414638509	-0.9841596393322024	0.6172643708857154	down	1.425256401096907	-0.5772667580949326	0.0028128537110138	down	48.99174015599599	-0.954310735118976	1.2359385382896789e-42					down|down|down	True
s__GGB3828_SGB5197	3	CRA|CRC|IBS	no	down	0.3126419134398375	-1.4526697956994463	0.5382405897099691	down	3.509667325151339	-1.2189400611722816	0.001375959639095					down	26.16947563334267	-10.498145253036478	0.021784742884147047	down|down|down	True
s__GGB4578_SGB6328	3	CRA|CRC|IBD	no	down	0.1762005590389009	-1.924687465894192	0.7037536030488808	down	7.852344210467337	-3.944980391277503	0.0047620196538843	down	23.85937407928126	-4.5259262940799765	5.349205695840859e-06					down|down|down	True
s__GGB4599_SGB6362	3	CRA|CRC|IBD	no	down	0.4466912654201449	-2.722112546922084	0.6354527503312676	down	1.6644643240446302	-2.122584553087004	0.0981257812764143	down	27.202338376599148	-4.273786900118632	1.1062217736193412e-08					down|down|down	True
s__GGB9253_SGB14198	3	CRC|IBD|IBS	no					down	1.024940340964417	-1.2852665404517778	0.0764830250163599	down	129.0905889576532	-5.225848203608467	1.9846194897683517e-25	down	3.984590925917475	-2.4973265795875346	0.08635846974516735	down|down|down	True
s__GGB9597_SGB15022	3	CRA|CRC|IBD	no	down	0.1279568256365174	-0.9160327716955128	0.6172643708857154	down	0.7496030403602322	-0.8723665754387665	0.0714989420949892	down	25.29587199534344	-5.652697536236328	3.349585458970264e-05					down|down|down	True
s__GGB9616_SGB15051	3	CRA|CRC|IBD	no	down	0.1344946680827252	-0.9628366675183174	0.6172643708857154	down	1.3566763094859364	-1.1045917589697551	0.0263551967678349	down	33.07794940904414	-1.5904287187154278	2.5675805550317874e-24					down|down|down	True
s__GGB9618_SGB15065	3	CRA|CRC|IBD	no	down	0.9950545027019037	-2.202486222262359	0.286982673016494	down	1.7867049108779465	-1.6108966722525495	0.0374944396171597	down	26.38576144995353	-4.299497458172024	7.295569205778533e-07					down|down|down	True
s__GGB9758_SGB15368	3	CRA|CRC|IBD	no	down	0.876319183945994	-0.6304186189032136	0.0482060821181485	down	3.814427387665845	-1.0426255311532686	0.0002335704970064	down	162.59534538633366	-4.092505423732895	1.2509460803229956e-42					down|down|down	True
s__Actinomyces_oris	3	CRA|IBD|IBS	yes	down	0.2359199751583215	-2.390123435967246	0.7526919373136046					up	32.9896120188678	5.372527463068443	1.4189738928728474e-06	up	4.454455863899508	1.0728	0.001705617977528089	down|up|up	False
s__Alistipes_finegoldii	3	CRC|IBD|IBS	yes					up	1.062978080741105	0.8651039442899472	0.0704801475884379	down	41.52795358945191	-0.8550023662705925	3.1969285930643806e-39	up	25.171165686711426	5.516695190158809	0.0009082031755590003	up|down|up	False
s__Anaerostipes_hadrus	3	CRA|CRC|IBS	yes	down	0.2107518918491077	-0.8046699133931008	0.6172643708857154	down	2.1046075934096136	-0.4691444953155249	0.0001640181243135					up	0.9886915104339228	0.9876158027967317	0.27637990381957384	down|down|up	False
s__Bifidobacterium_animalis	3	CRA|IBD|IBS	yes	down	0.2450358627495008	-1.6719062409413497	0.7135743522701183					up	15.395097860465867	5.16360164955655	0.0002643881205734	up	15.032598519647465	4.393641023620203	0.0052364511933909496	down|up|up	False
s__Christensenella_minuta	3	CRA|CRC|IBD	yes	up	0.3608328888946072	1.4206053838093342	0.4956792536490402	up	1.8096959078904489	1.3144583378623234	0.030536121843026	down	20.059680545245783	-1.991605624189836	1.775004112608437e-12					up|up|down	False
s__Clostridiaceae_bacterium_Marseille_Q4145	3	CRC|IBD|IBS	yes					down	0.6678946096201696	-0.5528037391949975	0.0425950200480534	down	110.50395708238894	-2.3420353481235634	1.6325398773949057e-44	up	18.119979560857868	10.416593240938578	0.06923299725534043	down|down|up	False
s__Desulfovibrio_piger	3	CRA|IBD|IBS	yes	up	0.3101403201405312	0.6649264547934416	0.3416425812336373					down	12.560357686313402	-2.1634533731934917	1.5642337306469334e-06	up	4.4010302336132625	3.043469389275091	0.1086330557060798	up|down|up	False
s__Dialister_pneumosintes	3	CRA|CRC|IBD	yes	down	0.149075166223518	-1.067217297923703	0.6172643708857154	up	208.02370116262517	6.846960101353336	1.105406948177204e-23	up	114.56341585403923	10.938577200627153	1.2381931971516546e-10					down|up|up	False
s__Flavonifractor_plautii	3	CRC|IBD|IBS	yes					up	2.097461965747303	0.4385587419951294	0.0004822612636761	up	45.78905087071503	1.604120896313466	4.465553944894518e-19	down	0.5247311504715253	-0.3473240055346801	0.09835839520385714	up|up|down	False
s__Fusobacterium_nucleatum	3	CRA|CRC|IBD	yes	down	0.897726180778823	-5.344249509962163	0.6792351611307831	up	354.21610471502106	6.507226424272722	1.5408688305703526e-32	up	70.72523615139696	9.578824362154766	4.135246589440477e-08					down|up|up	False
s__GGB13404_SGB14252	3	CRC|IBD|IBS	no					down	1.8956606000098248	-0.7843885683478	0.0020201366137511	down	169.78079295340044	-3.2975227429643232	3.25554809667726e-52	up	16.035996977574964	4.64360011008855	0.004986131386861312	down|down|up	False
s__GGB2970_SGB3952	3	CRC|IBD|IBS	no					down	1.089451895997796	-0.7983154558522149	0.0255778157517646	down	16.735130850330616	-2.2376171972671783	3.287601276599985e-09	up	43.89366050797343	14.765725554121389	0.010428421941440889	down|down|up	False
s__GGB2982_SGB3964	3	CRA|IBD|IBS	no	up	0.2831951274147412	0.5416346371182319	0.2032305936606591					down	44.05671780309293	-1.8698647323214768	1.030915223242673e-23	up	3.802376262388255	4.24476517253021	0.2528210625690819	up|down|up	False
s__GGB3001_SGB3992	3	CRA|CRC|IBD	no	down	0.248583008727305	-2.4421455292752148	0.7910632736165916	up	1.8128953109837431	2.1372928652484844	0.1418337697132162	down	16.786884474221687	-4.828141358329446	2.312892699394936e-05					down|up|down	False
s__GGB3653_SGB4964	3	CRC|IBD|IBS	no					down	0.8287796875536182	-0.8724683386657596	0.0900670592433041	down	210.23140817303397	-2.762519757916595	3.9406046221180857e-54	up	2.353443609374461	2.30733907412826	0.20893548537055973	down|down|up	False
s__GGB4552_SGB6276	3	CRC|IBD|IBS	no					down	1.7511868521149856	-1.4299104358850587	0.0382707467037242	down	32.85429813761062	-3.6702404202084975	5.883968992942614e-11	up	14.46270921795347	4.0771044140219	0.00431652109843392	down|down|up	False
s__GGB9347_SGB14313	3	CRA|IBD|IBS	no	down	0.3045835205105633	-1.3239238359973289	0.5887606679790516					down	14.969544921317574	-1.985354445535738	8.844742650800014e-11	up	3.7624247778083277	4.2430921678184985	0.2563627314918151	down|down|up	False
s__GGB9512_SGB14909	3	CRC|IBD|IBS	no					up	0.8667604827306786	0.791239251217848	0.0699271750632914	down	14.336490627988182	-0.9906287287517312	1.986878010095496e-15	up	3.3438984141897303	3.8341365099724145	0.2621647351447208	up|down|up	False
s__GGB9545_SGB14951	3	CRA|IBD|IBS	no	down	0.6237056937200246	-3.613218080106758	0.6206670078418502					down	12.97223421095885	-5.306914426771484	0.0035941618356185	up	24.402706214392897	12.452880531558812	0.0493853091713908	down|down|up	False
s__GGB9712_SGB15244	3	CRA|IBD|IBS	no	up	0.1840419846924968	0.7771543650264666	0.5308707200127667					down	79.12692701210125	-4.212802018594092	6.658758690297246e-19	down	6.358409431167132	-1.208824043306627	0.000311412550198877	up|down|down	False
s__Gemella_morbillorum	3	CRA|CRC|IBD	yes	down	0.4352956162942647	-4.45510373075956	0.7135743522701183	up	251.79467655684263	6.684227895373945	1.6949534756454e-26	up	56.67404562743617	12.220729893910342	2.3039146669928397e-05					down|up|up	False
s__Granulicatella_adiacens	3	CRA|CRC|IBD	yes	down	0.5405378830638352	-3.217873532633004	0.6792351611307831	up	27.622733324281363	3.85625069294005	1.02707861752921e-07	up	22.553602602084457	6.466060663967854	0.0003250892646765					down|up|up	False
s__Jingyaoa_shaoxingensis	3	CRA|CRC|IBS	yes	down	0.1737344026490972	-1.0342574563387503	0.6792351611307831	down	0.7979788845069152	-0.9969255359248592	0.1216778838361653					up	23.76352112907261	13.660883708098378	0.06923299725534043	down|down|up	False
s__Lachnospiraceae_bacterium_CLA_AA_H215	3	CRC|IBD|IBS	yes					down	0.6956272025071222	-0.5482955024027198	0.0480685726663888	down	43.7384745757835	-2.650352288769031	1.9118034088691696e-19	up	47.65722131140381	14.761861154423569	0.0070425839798869865	down|down|up	False
s__Megasphaera_micronuciformis	3	CRA|CRC|IBD	yes	down	0.1472310183944971	-1.6742886514096045	0.7135743522701183	up	2.276829241475548	1.9773823319653887	0.0415218577751374	up	26.647572694842967	7.548032209817802	5.8012293399761e-05					down|up|up	False
s__Peptostreptococcus_stomatis	3	CRA|CRC|IBD	yes	down	0.2413365661213657	-3.2486054950827805	0.7736883878642707	up	207.56563779580813	6.2147401592578335	1.5332958754621064e-24	up	46.97649767068874	11.850638625108576	0.0001086306117589					down|up|up	False
s__Streptococcus_anginosus	3	CRA|CRC|IBD	yes	down	0.4520006327452475	-2.1572244667271594	0.6172643708857154	up	2.479589775433337	1.756142845282851	0.0198652170961393	up	17.03181192140483	4.741643839690013	0.000334122886909					down|up|up	False
s__Streptococcus_constellatus	3	CRA|CRC|IBS	yes	down	0.4907477170891964	-4.204384629894619	0.6682142594068401	up	1.1849785559681114	2.1462213344881493	0.1913334844318514					up	3.3821694810623733	0.9667	0.004651036553340913	down|up|up	False
s__Streptococcus_cristatus	3	CRA|CRC|IBD	yes	down	0.360149779576639	-2.360409423364008	0.7037536030488808	up	0.6809144097442544	1.3006783584569654	0.2450426429504243	up	30.16166677157249	10.503777920093595	0.0013442915879915					down|up|up	False
s__Streptococcus_infantis	3	CRA|CRC|IBD	yes	down	0.4540380476615649	-4.799371495687056	0.7212644536717594	up	0.8462446337821253	1.528321915544708	0.2794419684490455	up	21.277620696985444	10.589406720988295	0.0097874427783853					down|up|up	False
s__Streptococcus_salivarius	3	CRA|IBD|IBS	yes	down	0.241950972148429	-0.7681558323933431	0.5137312011523434					up	20.84903615245837	2.265547925610906	6.05673015052086e-08	up	25.586831206689716	1.7664268814138824	8.298112801863126e-09	down|up|up	False
s__Streptococcus_thermophilus	3	CRA|CRC|IBS	yes	down	0.3021681741316131	-1.236113146272092	0.6172643708857154	down	4.710509993934284	-1.9326513037555335	0.004237582146792					up	4.390183153251378	1.7344334210493946	0.02053709405567665	down|down|up	False
s__Veillonella_parvula	3	CRC|IBD|IBS	yes					up	1.3229751274107675	1.158952902569296	0.059832368030247	up	31.597414840105323	3.181921720582754	1.2615467018977431e-08	down	3.9184175407140707	-1.639169384678318	0.025488260427160545	up|up|down	False
s__Actinomyces_SGB17132	2	CRC|IBD	no					up	1.7778129084141816	1.3234025229861703	0.0255778157517646	up	24.640888874510548	9.443805944143223	0.0024591686247994					up|up	True
s__Actinomyces_sp_ph3	2	CRC|IBD	yes					up	0.9872116260399656	1.1315823023177205	0.0733075374635865	up	31.193850149097333	8.781379875371988	0.0002803676918211					up|up	True
s__Adlercreutzia_equolifaciens	2	CRC|IBD	yes					down	1.2902520455048252	-0.8859326579466653	0.0459738437876859	down	18.959676886370797	-1.5186780163101476	7.370200338197128e-16					down|down	True
s__Aggregatibacter_segnis	2	CRC|IBD	yes					up	7.046793277664189	3.6090085890654966	0.0138172735261728	up	25.64968867880469	9.887411224780868	0.0007708827747795					up|up	True
s__Alistipes_communis	2	IBD|IBS	yes									down	25.11170902001951	-1.1380758193384024	1.1892259099350936e-23	down	3.212926445346504	-0.7986446496284868	0.0020797805533755965	down|down	True
s__Alistipes_indistinctus	2	CRA|CRC	yes	up	0.2302002902081674	0.6290484432709451	0.4305761600200838	up	1.2986538246846933	0.6093568706243097	0.0062825395264271									up|up	True
s__Alistipes_provencensis	2	CRA|CRC	yes	up	0.2910103187336398	1.907271745223644	0.7037536030488808	up	2.829858335796944	2.8811343858210514	0.1041830755697062									up|up	True
s__Alistipes_sp_AF17_16	2	IBD|IBS	yes									down	223.66033375697296	-3.659197346794653	1.8065889122163518e-61	down	0.7787691579720932	-0.5010950464352878	0.09202593856321166	down|down	True
s__Anaerococcus_obesiensis	2	CRC|IBD	yes					up	40.19528328746131	8.200983417117538	1.2552319620253649e-05	up	50.34105954849843	12.331320265982804	8.272297355094933e-05					up|up	True
s__Anaerotignum_sp_MSJ_24	2	CRA|IBS	yes	down	0.305982156746332	-0.9121621599331402	0.3258822098002416									down	1.3571096941311491	-0.6337585620212536	0.03736129966240488	down|down	True
s__Anaerotruncus_massiliensis	2	CRC|IBS	yes					up	6.864458086649799	2.9698497175454683	0.0054810673181141					up	6.495890672761194	4.853470118892489	0.12815409046375092	up|up	True
s__Anaerotruncus_rubiinfantis	2	CRA|IBS	yes	up	0.1312756645921372	0.7048440575227926	0.6172643708857154									up	12.16624560810426	7.922512480232839	0.0946738470213423	up|up	True
s__Bacteroides_caccae	2	CRA|CRC	yes	up	0.1932999127472605	0.5255981596778333	0.5032769762271248	up	3.3041756903478934	0.6470199188898248	0.0001273541980328									up|up	True
s__Bacteroides_nordii	2	CRA|CRC	yes	up	0.2436017444090948	0.5055979416269059	0.220286276471749	up	6.707819341423538	2.0763979699637867	0.0005359337343609									up|up	True
s__Bacteroides_thetaiotaomicron	2	CRC|IBS	yes					up	1.864401137621076	0.6374366390598443	0.0081438074668642					up	1.6940517361777108	0.8376793285394338	0.044852823703684236	up|up	True
s__Blautia_hydrogenotrophica	2	CRC|IBS	yes					up	0.7737539034906935	0.8214122299543065	0.1142930931872338					up	24.59192953524749	4.444335245389333	0.00020470098606815252	up|up	True
s__Brotolimicola_acetigignens	2	CRC|IBD	yes					down	0.8309362332395002	-0.305993851684619	0.00350840866587	down	17.489037432089322	-0.5424602745533685	1.770242038989832e-33					down|down	True
s__Butyricimonas_virosa	2	CRC|IBS	yes					up	2.5575340162343934	1.076957418335153	0.0059380834055284					up	3.6893442474495863	3.9236233756973666	0.2361238892877325	up|up	True
s__Candidatus_Cibionibacter_quicibialis	2	CRC|IBD	yes					down	1.7733269838043582	-0.5316319756962601	0.001139719626023	down	46.325389387222174	-0.9100505114682844	2.057784372587125e-34					down|down	True
s__Cloacibacillus_porcorum	2	CRA|CRC	yes	up	0.4076252400905694	1.9454378544521065	0.6172643708857154	up	0.9325801684889752	1.6982336741453656	0.2287327410387029									up|up	True
s__Clostridiaceae_bacterium	2	CRA|CRC	yes	down	0.1491389550684776	-0.4316489296197112	0.5137312011523434	down	4.929467880026296	-0.7249243681339491	6.082887268983663e-06									down|down	True
s__Clostridium_saccharogumia	2	CRA|IBD	yes	down	0.2076521156587668	-1.3213911427397504	0.6172643708857154					down	41.51810009923967	-4.633058220280511	1.0932686095388546e-09					down|down	True
s__Clostridium_sp_AF12_28	2	CRA|CRC	yes	down	0.1905579723054485	-0.8308248019071452	0.5897120540941221	down	1.264913657491149	-0.665823305472185	0.0040788053403288									down|down	True
s__Clostridium_sp_AM49_4BH	2	CRC|IBD	yes					down	1.0368030781004562	-0.6648238143433799	0.0144075291869314	down	182.21390957289265	-2.1344915061312637	1.111957315452287e-71					down|down	True
s__Eggerthella_lenta	2	IBD|IBS	yes									up	18.849904777432748	1.8028824966302384	5.084963947481716e-10	up	2.956267354161074	1.2423180576629282	0.025916396466448235	up|up	True
s__Eisenbergiella_massiliensis	2	CRC|IBS	yes					up	1.0109965356737158	1.483400663156894	0.1448846849653203					up	5.568185828685469	3.828096161491435	0.1072247461584071	up|up	True
s__Enterocloster_aldenensis	2	CRC|IBD	yes					up	1.8778298388158663	0.9154613630689578	0.0057647049730261	up	78.98077322663757	2.944328943100236	4.426638929143531e-23					up|up	True
s__Enterocloster_bolteae	2	CRC|IBD	yes					up	5.373358580083981	1.2239256516531505	0.000197566575725	up	70.02312153172132	2.591568742465137	1.337439387637536e-23					up|up	True
s__Enterocloster_clostridioformis	2	CRC|IBD	yes					up	3.79536319628297	2.3291310172489537	0.0193121526168153	up	77.22932240943366	4.137567022424356	4.6534972354623036e-17					up|up	True
s__Enterocloster_lavalensis	2	CRC|IBD	yes					up	1.093463285413493	0.9107639125812524	0.0332703655339005	up	35.67439888302273	2.644077377223427	1.564343958602275e-12					up|up	True
s__Enterococcus_durans	2	CRA|CRC	yes	up	0.9139909116338684	3.610161475669978	0.5582493761099198	up	0.6868177259292952	2.1896186156472672	0.4856573602903579									up|up	True
s__Enterococcus_faecalis	2	CRA|IBD	yes	up	0.2704247722843125	1.6318855831576236	0.6206670078418502					up	21.3141183337337	6.213787223678789	0.0003714212290326					up|up	True
s__Escherichia_coli	2	CRC|IBD	yes					up	0.9290832157977964	0.737977165784673	0.0425950200480534	up	49.13339391774317	2.690195093509181	5.960039995001084e-15					up|up	True
s__Faecalibacterium_SGB15346	2	CRC|IBS	no					down	5.578670986701668	-0.7853024914531155	3.817767142292738e-06					down	8.236506041543999	-0.893951191057597	7.204469017312841e-07	down|down	True
s__Faecalibacterium_prausnitzii	2	CRC|IBS	yes					down	7.808403921763656	-0.6026959078821625	3.5527876008341452e-09					down	0.4890907506600333	-0.21219890682734693	0.029068354739481515	down|down	True
s__Fusicatenibacter_saccharivorans	2	CRA|CRC	yes	down	0.1246631328361754	-0.2916976420674326	0.4629517028509613	down	3.769664956402788	-0.6407580549320755	2.6178476638580187e-05									down|down	True
s__Fusicatenibacter_sp_CLA_AA_H277	2	CRC|IBD	yes					down	1.774963825702044	-0.7806249750270643	0.0087997188504089	down	41.70540324996372	-1.5032633437728824	3.0829757764469194e-26					down|down	True
s__Fusobacterium_periodonticum	2	CRC|IBD	yes					up	9.621621028640511	2.5388014039341926	0.0003586754745264	up	12.255187966849892	8.017665380079228	0.02961261410427					up|up	True
s__GGB1568_SGB2155	2	CRA|CRC	no	down	3.057787193455193	-6.404528179237892	0.3330876681815434	down	5.13821592540776	-7.745247243976864	0.2170688769313529									down|down	True
s__GGB3175_SGB4191	2	CRC|IBD	no					down	0.7092841769172156	-1.0158530443083127	0.1091874562637185	down	15.713116755312386	-0.9107392195067378	5.4671801693886365e-25					down|down	True
s__GGB3281_SGB4335	2	CRA|CRC	no	down	0.3435858162426179	-1.6398024151367527	0.6172643708857154	down	0.9478812980513432	-3.706844493321505	0.4560913767956872									down|down	True
s__GGB32900_SGB53446	2	CRA|IBD	no	down	0.1461609117631421	-1.9108192596963571	0.8023908450753472					down	23.07998710874692	-2.015251171223656	4.832530560561237e-15					down|down	True
s__GGB3304_SGB4367	2	CRA|CRC	no	up	0.1428471909083375	0.7437321573301819	0.6172643708857154	up	1.0743154479125083	0.727755095404044	0.0388996810606367									up|up	True
s__GGB3345_SGB4425	2	CRC|IBD	no					down	1.2555470545769305	-1.0494451140291805	0.0336696509576164	down	30.476169864326923	-2.539468882580204	3.9700703469182756e-15					down|down	True
s__GGB3433_SGB4574	2	CRA|CRC	no	down	0.3143311706841365	-3.0369040656954702	0.7423696789929343	down	0.7791405058511484	-1.088143834069107	0.1382825707605785									down|down	True
s__GGB34797_SGB14322	2	CRA|CRC	no	down	0.1491720155852975	-0.6668018903848879	0.6206670078418502	down	0.8486225601513204	-1.093125188646945	0.1673682344870121									down|down	True
s__GGB3486_SGB4658	2	CRA|CRC	no	down	1.0071366336025531	-2.297326258857314	0.3644222410100171	down	2.000119904709295	-1.7954471919108468	0.0769138594788974									down|down	True
s__GGB34900_SGB14891	2	CRC|IBS	no					up	1.61014494723483	1.3819074723658713	0.0790351899220431					up	15.337413982284485	9.987539098191874	0.0946738470213423	up|up	True
s__GGB3619_SGB4894	2	CRA|IBD	no	down	0.216275805956882	-0.943710442814641	0.5308707200127667					down	105.6742829174412	-3.5151440180185656	8.452692885524972e-36					down|down	True
s__GGB3740_SGB5076	2	CRC|IBS	no					down	0.991730424972586	-1.006531519542146	0.0332703655339005					down	3.509080385545673	-1.8380395035458288	0.05336271916921859	down|down	True
s__GGB3818_SGB5183	2	CRA|CRC	no	up	0.177507710953635	1.5850804804235594	0.6792351611307831	up	1.4804113247495918	2.20567788002924	0.1448846849653203									up|up	True
s__GGB38239_SGB47716	2	CRC|IBD	no					down	0.7040032784610204	-1.5364980711406335	0.2920442258186643	down	12.457321285097134	-4.819730919680481	0.0001327467290709					down|down	True
s__GGB40351_SGB14301	2	CRA|CRC	no	up	0.2113112216353769	1.4417993605870545	0.7135743522701183	up	1.2336696926809014	2.488288644583512	0.3193078325086494									up|up	True
s__GGB4584_SGB6338	2	CRC|IBD	no					down	0.9051606703868146	-2.072867643890918	0.309421716286439	down	23.38141141903027	-3.529404578732344	1.4689410537669336e-09					down|down	True
s__GGB4588_SGB6347	2	CRA|CRC	no	down	0.2375374645172583	-1.3607530939871937	0.669016398799966	down	5.9471762206463605	-2.929693190439468	0.0104603403193514									down|down	True
s__GGB4604_SGB6370	2	CRC|IBD	no					down	10.305474705053726	-4.9942117692067605	0.0039138332710694	down	27.035548477983028	-5.005403824184597	3.96942690885682e-06					down|down	True
s__GGB4642_SGB6422	2	CRA|CRC	no	down	1.096065040206057	-3.675690815337957	0.5032769762271248	down	1.8436895000627576	-1.7635637160929143	0.0900670592433041									down|down	True
s__GGB4651_SGB6438	2	CRA|IBD	no	down	0.157953231623806	-1.3811265769103116	0.76848341625404					down	82.22629859181606	-3.719414806943583	7.810495574299004e-23					down|down	True
s__GGB4659_SGB6447	2	CRA|CRC	no	down	0.5905087027562251	-2.1950074374956188	0.5382405897099691	down	2.123633131229372	-2.390258082422	0.1292845153464716									down|down	True
s__GGB4717_SGB6533	2	CRA|CRC	no	down	1.190926226459894	-7.824400847153206	0.7043577553282817	down	0.731849674552339	-1.2887000867434422	0.1950419415421233									down|down	True
s__GGB51269_SGB5061	2	CRA|CRC	no	down	0.5444880800110087	-3.465905742296097	0.6964687713858901	down	9.080172914509822	-5.365720328383268	0.0203115893616036									down|down	True
s__GGB51269_SGB5062	2	CRC|IBD	no					down	5.357302811735784	-1.886709793939878	0.0014471218926198	down	17.749461025869472	-1.5354957161246223	2.757822025073013e-12					down|down	True
s__GGB51441_SGB71759	2	CRA|CRC	no	down	0.1924654893250666	-1.211882221418706	0.6409825489503717	down	3.896687363446608	-1.261345891433994	0.0023823287519564									down|down	True
s__GGB51959_SGB72479	2	IBD|IBS	no									down	25.92226189205709	-2.3370880799958758	2.162276544798899e-11	down	17.55447269689359	-3.3373548673287567	0.000311412550198877	down|down	True
s__GGB58233_SGB79883	2	CRA|CRC	no	up	0.3317419565052924	1.5498625435298932	0.6206670078418502	up	1.875993101929918	1.5093886758532755	0.0389051414914265									up|up	True
s__GGB9117_SGB14050	2	CRA|CRC	no	down	0.128828352201277	-1.94104286230448	0.7951406682806583	down	1.135688721015044	-2.2178619898496708	0.3075638942702028									down|down	True
s__GGB9198_SGB14137	2	CRA|IBD	no	down	0.1227442957563224	-0.3863084097968203	0.3770086251301199					down	47.36504790790413	-2.367555771691108	9.86541251997203e-21					down|down	True
s__GGB9380_SGB14375	2	CRA|CRC	no	up	0.4025125978579569	1.7463974431575702	0.6172643708857154	up	7.1302257171088375	5.2021096823187	0.0425950200480534									up|up	True
s__GGB9603_SGB15035	2	CRA|CRC	no	down	0.907217993011566	-4.329801131678254	0.6172643708857154	down	3.6652739026358527	-3.295947752771903	0.0772583425809144									down|down	True
s__GGB9614_SGB15049	2	IBD|IBS	no									down	23.755955571633205	-0.8407384548332322	8.989281767577599e-36	down	15.616442101280043	-2.605906305164576	0.0001011252621483213	down|down	True
s__GGB9715_SGB15265	2	IBD|IBS	no									down	12.118140753298634	-1.271718986334306	5.052053333893495e-10	down	20.8782602522379	-1.7166932603231513	1.640759092627337e-07	down|down	True
s__GGB9719_SGB15273	2	CRA|CRC	no	up	0.1774432327005511	0.4188452055839804	0.3770086251301199	up	1.503064299181973	1.6854939784634184	0.1064548883816249									up|up	True
s__GGB9724_SGB15278	2	CRA|IBD	no	up	0.137543956610922	0.6078186928253019	0.6172643708857154					up	20.128535135780115	6.164485736703268	0.0005429482301408					up|up	True
s__GGB9760_SGB15373	2	CRC|IBD	no					down	0.9734595821452016	-0.5035831232735691	0.0070663992600082	down	136.39742891468347	-2.009781191854364	6.2339760073625655e-53					down|down	True
s__GGB9781_SGB15402	2	CRC|IBS	no					up	1.3727812384029945	1.209657296006488	0.0733075374635865					up	54.44240346606129	13.388535214038162	0.001945822949799498	up|up	True
s__GGB9781_SGB66170	2	CRC|IBS	no					up	1.4717838177262197	1.3349904968177178	0.0789827705009149					up	12.5546376939324	5.781873908819139	0.03567912689417167	up|up	True
s__GGB9813_SGB15447	2	CRA|CRC	no	up	0.5427445678950725	2.5903102257522685	0.6172643708857154	up	2.528666295952126	1.757517733982982	0.0216339549794631									up|up	True
s__Gemmiger_formicilis	2	CRC|IBD	yes					down	1.8203099400149532	-0.6429029307523167	0.0063566847906076	down	95.76721986624456	-0.966820124709764	1.3761830517380848e-67					down|down	True
s__Jilunia_laotingensis	2	CRA|IBD	yes	down	0.3608236670389268	-2.02619332495488	0.6636214493552994					down	78.06281298739208	-6.0438608779834055	4.2259473610737544e-20					down|down	True
s__Jutongia_hominis	2	CRA|CRC	yes	down	0.3662349239205376	-2.2922623013184023	0.575897090998541	down	1.2417415864775552	-1.0563271027112453	0.0188382748624684									down|down	True
s__Jutongia_huaianensis	2	CRC|IBD	yes					down	1.7077105433670874	-1.8313152467079303	0.1168140399694395	down	90.17979382499044	-5.533993088228051	5.06278949765628e-17					down|down	True
s__Klebsiella_oxytoca	2	CRC|IBD	yes					up	2.4062204587402536	3.796328881366197	0.2323655594278047	up	53.3617922440965	12.949098904999094	7.570272977577539e-05					up|up	True
s__Lachnospira_SGB5083	2	CRA|CRC	no	down	0.4604002439834561	-3.97432744929868	0.7007158137756295	down	3.77814888512399	-3.807778865583309	0.0695683452169823									down|down	True
s__Lachnospira_eligens	2	CRA|CRC	yes	down	0.1290619758894614	-0.631437565944859	0.5889207842836667	down	1.153304970899134	-0.4614870808574731	0.0050687745502475									down|down	True
s__Lachnospira_pectinoschiza	2	CRC|IBS	yes					down	0.7319303674764388	-0.2938668305271312	0.0056024017761699					down	9.485756206688206	-1.0990140018279309	1.5303910789423284e-05	down|down	True
s__Lachnospira_sp_NSJ_43	2	CRC|IBD	yes					down	1.176845297434717	-0.59494380710777	0.0062967497506318	down	60.17089420656125	-1.366516775878343	8.323216807731113e-42					down|down	True
s__Lachnospiraceae_bacterium_OF09_6	2	CRA|CRC	yes	down	0.123266811953075	-1.0858180033933698	0.7212644536717594	down	1.0624755452090826	-0.9568252948489232	0.0388996810606367									down|down	True
s__Lacticaseibacillus_rhamnosus	2	CRC|IBD	yes					up	0.9679027185234732	2.3075891065463003	0.3806770813594631	up	30.343051734014463	6.542928695014948	2.3039146669928397e-05					up|up	True
s__Lactobacillus_acidophilus	2	CRA|IBD	yes	up	0.1719470959414791	0.8206370864898773	0.6172643708857154					up	60.911627704402925	12.092457071678986	9.179966676817564e-06					up|up	True
s__Lactobacillus_gasseri	2	IBD|IBS	yes									up	28.46144030316975	8.534786423533625	0.0004626396175631	up	48.779637739446756	11.54529010965919	0.0015250633615154377	up|up	True
s__Lancefieldella_parvula	2	CRC|IBD	yes					up	5.662936329871636	1.5471320409448217	0.0001912583511553	up	23.538391517400907	7.716959389075911	0.0008908081712744					up|up	True
s__Methanobrevibacter_smithii	2	CRC|IBS	yes					up	1.0734390070830724	1.1288920631971688	0.0789827705009149					up	6.387362694468381	5.490012044184904	0.1676353760993632	up|up	True
s__Mogibacterium_kristiansenii	2	CRC|IBD	yes					up	0.6829472573120001	0.8277185444223917	0.0844703696445025	up	12.74938875139909	6.531559057062888	0.0111694771714221					up|up	True
s__Oscillibacter_valericigenes	2	IBD|IBS	yes									down	14.855781616232058	-0.5747440576719306	1.89144490727824e-23	down	1.6532493457507833	-0.681728676988041	0.003757646686171809	down|down	True
s__Parabacteroides_faecis	2	CRA|IBD	yes	up	0.2052581079238788	1.167081924903682	0.7135743522701183					up	23.19541387277455	8.770785656513898	0.0022666155651486					up|up	True
s__Paraprevotella_clara	2	CRA|IBS	yes	up	1.1734347466612247	0.7390150532851582	0.0360174264043217									up	3.698038892184229	4.607194968845058	0.2916683560155683	up|up	True
s__Prevotella_buccae	2	CRC|IBD	yes					up	3.878787547190127	4.6172668092046285	0.144523548317336	up	29.04886175320508	12.007849105796804	0.0038092885525974					up|up	True
s__Prevotellamassilia_timonensis	2	CRA|CRC	yes	up	0.9225519664791904	1.9322829524480076	0.3330876681815434	up	2.774544450805726	3.8118507758370552	0.2179199490400334									up|up	True
s__Ruminococcus_bicirculans	2	CRA|IBD	yes	down	0.4368244100587228	-0.5932787232309563	0.2006611756980943					down	32.79417287189256	-1.354530112434801	8.752957979452656e-24					down|down	True
s__Ruminococcus_champanellensis	2	CRC|IBS	yes					down	4.3642567906123535	-4.846668942449466	0.1257577576949979					down	2.50216210568974	-0.6908	0.0038481481169626228	down|down	True
s__Ruminococcus_gnavus	2	CRC|IBD	yes					up	0.9017946984184833	0.7952186069937267	0.0772583425809144	up	23.7578416779942	1.6294291738221438	1.9211073632048703e-12					up|up	True
s__Ruminococcus_lactaris	2	IBD|IBS	yes									down	30.31663983299198	-0.8760124092721797	5.60973006491749e-29	down	1.9257199759274226	-0.5969856270899248	0.007071428571428569	down|down	True
s__Ruminococcus_torques	2	CRC|IBS	yes					up	10.54351591708648	1.0677052340896582	6.732368659791524e-07					up	8.167798379191073	1.4138718094405447	0.00014084201761847457	up|up	True
s__Ruthenibacterium_lactatiformans	2	CRC|IBS	yes					up	4.744872120057894	0.8236948782371311	3.13440612190825e-05					up	2.7807779998182776	0.8227583764644202	0.005581930321434046	up|up	True
s__Streptococcus_mitis	2	CRC|IBD	yes					up	3.9323303699573726	1.2512949074591238	0.0008719449014463	up	26.780260886776727	4.593953806346334	1.4809553812943754e-06					up|up	True
s__Streptococcus_oralis	2	CRC|IBD	yes					up	2.0803781118305817	1.4594151257933363	0.0336696509576164	up	35.160274959139144	6.676215001227708	5.413793661661978e-06					up|up	True
s__Streptococcus_parasanguinis	2	IBD|IBS	yes									up	43.69592959946306	3.4856871591751912	3.45945350950493e-10	up	48.40464518316998	3.7453145641020082	6.16386312101559e-08	up|up	True
s__Tyzzerella_nexilis	2	CRC|IBD	yes					up	1.467931777023466	1.5300469931818048	0.095507308672357	up	16.887284388860923	3.442853398910348	2.725681150898108e-06					up|up	True
s__Youxingia_wuxianensis	2	CRA|IBS	yes	up	0.9250546710691476	1.4199635794813303	0.1751707364017447									up	35.3552248276132	10.951308230464717	0.0070425839798869865	up|up	True
s__Zhenpiania_hominis	2	CRC|IBS	yes					up	0.673863776816813	0.9582766354366454	0.1216923680791915					up	17.267904999893393	11.244651577476034	0.0946738470213423	up|up	True
s__Acidaminococcus_massiliensis	2	CRA|CRC	yes	down	0.440293403262246	-3.139373104403484	0.6521936246970501	up	2.7333414894018584	1.5853893688331386	0.018876343162725									down|up	False
s__Actinomyces_graevenitzii	2	CRA|IBD	yes	down	0.5595503777346349	-3.209757050550145	0.6172643708857154					up	19.193035957835395	4.927583637291254	0.0001273444947782					down|up	False
s__Actinomyces_naeslundii	2	CRA|IBD	yes	down	2.1595819395635285	-8.027482740047029	0.5382405897099691					up	15.932576067317433	8.407652843437479	0.0127347729695252					down|up	False
s__Alistipes_ihumii	2	IBD|IBS	yes									down	57.9402342065419	-1.970602269403524	2.708848836606967e-26	up	4.679748049555322	4.684727387467543	0.21579527187725073	down|up	False
s__Alistipes_shahii	2	CRA|IBD	yes	up	1.3541598952205445	0.5196246549945929	0.0217056891620288					down	159.6071845795172	-1.97087086361814	6.4480686272376525e-62					up|down	False
s__Anaerobutyricum_hallii	2	CRA|IBS	yes	down	0.2952889790394819	-0.7085069380475301	0.4305761600200838									up	2.3461330945460426	1.2382528266404922	0.0876933446669095	down|up	False
s__Anaeroglobus_geminatus	2	CRA|IBD	yes	down	3.608896177096447	-4.770274669225542	0.1751707364017447					up	13.70612445242256	10.35457037393696	0.047459294787137					down|up	False
s__Bacteroides_congonensis	2	IBD|IBS	yes									up	11.85021230803763	3.4928928451495587	0.0004048888879653	down	211.87752732173755	-17.479436165633537	8.298112801863126e-09	up|down	False
s__Bacteroides_mediterraneensis	2	CRA|IBS	yes	up	0.2072946399999173	2.059073301944984	0.793096887591876									down	272.1058582241474	-22.44814275136175	8.298112801863126e-09	up|down	False
s__Bifidobacterium_breve	2	CRA|IBD	yes	down	1.0845316799156446	-6.901401179153801	0.6172643708857154					up	46.66511573521273	6.237122643348807	3.2973578598561165e-08					down|up	False
s__Blautia_caecimuris	2	CRA|IBS	yes	down	0.1701269089091293	-1.3203347750203605	0.7234939413089087									up	38.99959756294166	4.406529824794071	1.258132478449376e-06	down|up	False
s__Blautia_producta	2	CRA|IBD	yes	down	0.2705799989779513	-1.78995180073337	0.6472057971643268					up	58.4928856668558	2.879822635674666	1.3929294868491565e-18					down|up	False
s__Blautia_wexlerae	2	CRA|IBS	yes	down	0.1284897635174743	-0.4905856169278499	0.6172643708857154									up	0.27338206509316765	0.5364377130230076	0.5196218529218924	down|up	False
s__Candidatus_Gastranaerophilales_bacterium	2	CRA|IBD	yes	up	0.6615959980141256	1.3145330971939	0.3138386837156044					down	33.9548899455419	-2.68565356914912	6.969597472750051e-13					up|down	False
s__Christensenella_sp_Marseille_P3954	2	CRC|IBD	yes					up	7.315789899045823	3.330249480919776	0.0063566847906076	down	11.308075224800064	-1.9238273830107624	1.3246302602419186e-06					up|down	False
s__Clostridiaceae_unclassified_SGB15090	2	IBD|IBS	no									down	76.45009687886761	-5.692311483815577	1.618564534408433e-13	up	3.129117638370985	3.718204742158731	0.2747612425590307	down|up	False
s__Clostridium_spiroforme	2	CRA|IBS	yes	down	0.1214695719723214	-0.8691345412705656	0.6792351611307831									up	4.840858629057759	4.228183648323697	0.17247715190870375	down|up	False
s__Dysosmobacter_sp_Marseille_Q4140	2	CRA|CRC	yes	down	0.3622370488065832	-1.7288175454414063	0.6172643708857154	up	2.0201696876267627	2.750237829053425	0.1048596705292096									down|up	False
s__Enterococcus_avium	2	CRA|IBD	yes	down	1.070732791822282	-5.110194120343055	0.6172643708857154					up	33.65475456718348	8.463263007064606	0.0001055432295477					down|up	False
s__Enterococcus_faecium	2	CRA|IBD	yes	down	0.1863879542314691	-2.2008711393309546	0.7910632736165916					up	70.65985339911121	8.540191485969459	1.7510986965901477e-08					down|up	False
s__Eubacterium_rectale	2	CRC|IBS	yes					down	1.0050477730777982	-0.5064738536143948	0.0172797565062753					up	0.21837225121816586	0.4187055307133668	0.5117282989871305	down|up	False
s__Fusobacterium_mortiferum	2	CRC|IBD	yes					up	0.9912914267013412	1.8945446139920703	0.1342586314572621	down	15.042752121397871	-4.668263926391748	1.4671821764627288e-05					up|down	False
s__GGB2653_SGB3574	2	IBD|IBS	no									down	19.72924952854558	-0.7837486155753622	2.563943271979779e-23	up	11.280917098505512	4.4741350015178885	0.0208493027005198	down|up	False
s__GGB2848_SGB3813	2	CRA|IBS	no	down	0.2676522422218644	-0.8781262924180542	0.4956792536490402									up	1.7344284707587694	4.1844295720776605	0.5292604827857603	down|up	False
s__GGB2980_SGB3962	2	CRA|IBS	no	down	0.4381159087677452	-1.102923983172771	0.3330876681815434									up	18.738859927882054	5.355987035455574	0.004651036553340913	down|up	False
s__GGB2998_SGB3988	2	CRC|IBD	no					up	1.250192298231614	1.0978611020325189	0.0540730908796596	down	52.14976903539392	-1.3298359037559704	5.165098350999078e-53					up|down	False
s__GGB2998_SGB3989	2	IBD|IBS	no									down	204.6496798222917	-4.841690453543102	5.064120236838612e-38	up	25.85780237135452	13.195426806770126	0.0493853091713908	down|up	False
s__GGB3033_SGB4029	2	CRC|IBD	no					up	1.1550030116462482	1.158588218371955	0.0686979121844111	down	12.07901911077959	-1.9782756738027196	7.83732579271856e-07					up|down	False
s__GGB3061_SGB4063	2	IBD|IBS	no									down	91.69549124995844	-4.263307518437439	3.104101627950415e-22	up	30.430645782249115	13.809447260030067	0.033956756323564784	down|up	False
s__GGB3142_SGB4155	2	IBD|IBS	no									down	48.47689143458	-5.798684636194733	4.3653526768478306e-09	up	21.294247471545596	12.2413777310284	0.06923299725534043	down|up	False
s__GGB33586_SGB53517	2	IBD|IBS	no									down	73.7322532785026	-2.1133237282341257	1.916511570154493e-32	up	4.764742783862811	3.540840835165632	0.12673543449367985	down|up	False
s__GGB45432_SGB63101	2	CRA|IBS	no	down	0.1917805530310441	-0.5647221411979834	0.4305761600200838									up	7.648964079240182	4.099707015374537	0.05703968522823888	down|up	False
s__GGB4571_SGB6321	2	CRC|IBD	no					down	6.228444286587846	-8.29279666327718	0.1773916592455918	up	36.89396102489999	10.287692693206578	0.0002592847148162					down|up	False
s__GGB4684_SGB6478	2	CRC|IBD	no					up	0.7992461474735015	1.0462219843217353	0.1041830755697062	down	15.998257334785295	-2.310576003358778	1.1914449192969758e-07					up|down	False
s__GGB4769_SGB6602	2	CRA|CRC	no	up	0.1497465655996417	0.8914555762761825	0.6792351611307831	down	3.549147493231092	-2.266573036261359	0.0271728351041791									up|down	False
s__GGB51647_SGB4348	2	IBD|IBS	no									down	13.915876217622	-1.432714355459041	3.341610055373109e-10	up	2.397284338411957	5.318574728698615	0.5006196871678201	down|up	False
s__GGB58158_SGB79798	2	IBD|IBS	no									down	12.03711548517998	-1.2636651031615334	2.9815479641589246e-10	up	13.563487582232181	8.832379610529783	0.0946738470213423	down|up	False
s__GGB6470_SGB9153	2	CRC|IBD	no					up	0.7019379160639412	2.691829011887548	0.4063036832135896	down	16.745759548914613	-6.039364200447052	0.001687451807359					up|down	False
s__GGB6649_SGB9391	2	IBD|IBS	no									down	50.32195686245586	-3.623802517412616	1.348053001185795e-16	up	23.240451412277753	13.360187757630817	0.06923299725534043	down|up	False
s__GGB87445_SGB15180	2	CRC|IBS	no					down	0.9413603190434326	-1.126299031493111	0.0532599257565088					up	25.745612435046162	14.800324226305548	0.06923299725534043	down|up	False
s__GGB9061_SGB13979	2	CRA|CRC	no	up	0.2900380911666967	1.3842398023816025	0.6172643708857154	down	0.8535629041847571	-1.6492333950430598	0.1673682344870121									up|down	False
s__GGB9302_SGB14263	2	CRA|IBS	no	down	0.1776494801657385	-1.41308727374756	0.6172643708857154									up	43.52682409192875	17.978250432131084	0.024318967170129976	down|up	False
s__GGB9342_SGB14306	2	CRA|IBS	no	down	0.2164767011278028	-0.6772621848193957	0.4254132017546891									up	4.750606785744839	4.649787949124943	0.20839071303607343	down|up	False
s__GGB9365_SGB14341	2	IBD|IBS	no									down	171.34267589865868	-4.210163498115721	1.0754427023160923e-38	up	1.9124958912935477	3.7517005858211663	0.4572511923776118	down|up	False
s__GGB9534_SGB14937	2	IBD|IBS	no									down	40.34120968435621	-1.4943630906791638	7.652238887836285e-36	up	6.529011104322405	3.3804449596032238	0.05156987907808848	down|up	False
s__GGB9559_SGB14969	2	IBD|IBS	no									down	22.877080689426435	-3.083535130214953	3.8097091939008456e-08	up	19.84522458994085	11.408381098565602	0.06923299725534043	down|up	False
s__GGB9620_SGB15070	2	IBD|IBS	no									up	25.83598036278432	7.003711331721605	0.0002046922880043	down	2.478976404536981	-1.6142795514554154	0.0946738470213423	up|down	False
s__GGB9627_SGB15081	2	IBD|IBS	no									down	29.300107211105843	-1.949784449888139	9.389509215114457e-16	up	0.5145094587153337	0.9745175873373374	0.4446563610292348	down|up	False
s__GGB9636_SGB15107	2	CRA|IBS	no	down	0.238752413559273	-2.6079586826286256	0.7037536030488808									up	25.07400687385597	14.414239798021608	0.06923299725534043	down|up	False
s__GGB9640_SGB15115	2	IBD|IBS	no									down	14.74999375443061	-1.4783566748846462	1.0536822678446047e-10	up	4.750583544075452	3.2659992301680907	0.1072247461584071	down|up	False
s__GGB9667_SGB15164	2	CRA|IBD	no	up	0.4992555258620394	0.6553352989355545	0.1645891400680272					down	44.1989800858071	-1.259759254896996	3.5685556795836245e-29					up|down	False
s__GGB9708_SGB15234	2	IBD|IBS	no									down	67.05816833650415	-2.4194159613329047	1.24850163800416e-31	up	8.829591041192995	4.391335169324887	0.04566079215801781	down|up	False
s__GGB9715_SGB15260	2	CRA|IBD	no	up	0.1447332625733494	0.7222926071932507	0.574835461078425					down	45.23099256300178	-1.7296046534067475	3.067412227256732e-26					up|down	False
s__GGB9715_SGB15267	2	IBD|IBS	no									down	87.96948484371174	-3.227521708799623	5.545651180654882e-28	up	4.626461210869158	3.976496871176959	0.1676353760993632	down|up	False
s__GGB9719_SGB15272	2	CRA|IBS	no	down	0.1212663005214225	-0.5877207978329074	0.5126771568354148									up	10.84606084899228	4.432814735131553	0.02337882046548212	down|up	False
s__GGB9759_SGB15370	2	IBD|IBS	no									down	93.23613368326792	-4.216581990042123	7.730719449265729e-23	up	3.6993418656325576	3.9800331465683887	0.24007664136502546	down|up	False
s__GGB9760_SGB15374	2	IBD|IBS	no									down	39.6915424467135	-2.018960894518453	9.217003820646703e-27	up	2.746808263891457	4.6921587170120285	0.40712774297941157	down|up	False
s__GGB9766_SGB15383	2	IBD|IBS	no									down	32.69447268621211	-3.1293420165744785	3.56685347114618e-11	up	24.886686930730683	14.306555589720023	0.06923299725534043	down|up	False
s__GGB9767_SGB15385	2	IBD|IBS	no									down	24.59566590785381	-2.6996413466124185	7.118336593944971e-13	up	31.055472836119474	14.09299419192252	0.033956756323564784	down|up	False
s__GGB9782_SGB15403	2	CRA|IBS	no	down	0.1544667633187003	-1.5325922719093752	0.6792351611307831									up	3.3238237310010277	3.8472552442347934	0.26548224927485525	down|up	False
s__Gemella_sanguinis	2	CRA|IBD	yes	down	0.6537450952797152	-2.381910315924412	0.4305761600200838					up	22.21194538684452	6.827680558314454	0.0005581876563353					down|up	False
s__Haemophilus_haemolyticus	2	CRA|CRC	yes	down	1.0938552379347115	-5.22054862622364	0.6172643708857154	up	5.864307556617994	3.451636864753425	0.0199989319016656									down|up	False
s__Haemophilus_parainfluenzae	2	IBD|IBS	yes									up	15.573360899357125	2.932246989343288	1.6567102182758456e-06	down	4.315085145865525	-2.5209276807520697	0.0722542116171543	up|down	False
s__Hydrogenoanaerobacterium_saccharovorans	2	CRA|IBS	yes	up	0.2967824608150805	0.4489062505130901	0.227376054335349									down	0.9656521000321208	-0.4382135641271711	0.033956756323564784	up|down	False
s__Intestinibacter_bartlettii	2	CRA|IBD	yes	down	0.1486647547992821	-1.304171652445174	0.7135743522701183					up	12.094573155850757	1.4980169792477458	2.9353796982286153e-08					down|up	False
s__Klebsiella_pneumoniae	2	CRA|IBD	yes	down	0.7747568853077371	-1.1250031139174468	0.2667519478527076					up	28.503619023658853	5.119698387937154	5.413793661661978e-06					down|up	False
s__Klebsiella_quasipneumoniae	2	CRA|IBD	yes	down	0.3980510162072539	-1.9746963623696767	0.6792351611307831					up	12.552675501155834	7.328437183173016	0.0193699237806954					down|up	False
s__Lachnospiraceae_bacterium_OM04_12BH	2	IBD|IBS	yes									down	56.640493368042186	-2.2995963632009304	1.4426733301459153e-33	up	32.37448404561709	14.69156235453348	0.033956756323564784	down|up	False
s__Lacticaseibacillus_paracasei	2	CRA|IBD	yes	down	0.1310584355428008	-1.6795795847358763	0.7412234761611671					up	27.70232973027715	7.191853598952652	0.0001406358324415					down|up	False
s__Lactococcus_lactis	2	CRA|IBD	yes	down	0.5038014017992964	-2.404449533028468	0.6172643708857154					up	19.26516159364885	5.2981250999747935	0.0002310880667676					down|up	False
s__Lawsonibacter_SGB15145	2	IBD|IBS	no									down	31.1517643017065	-1.4636946953018817	1.478676278597615e-25	up	18.691487250403327	12.171671178230278	0.0946738470213423	down|up	False
s__Ligaoa_zhengdingensis	2	CRA|IBD	yes	up	0.1228669826600168	1.6349946418187953	0.7494676990979301					down	83.19300436949584	-4.148752717700449	8.860661280020297e-21					up|down	False
s__Mogibacterium_timidum	2	CRA|CRC	yes	down	1.1718707137679618	-5.592886364400442	0.6172643708857154	up	6.707735027406982	4.239927530195706	0.0261794176552157									down|up	False
s__Odoribacter_splanchnicus	2	CRC|IBS	yes					up	1.5166709025653575	0.5427699173629659	0.0036391113950728					down	0.6798021134738115	-0.5041605248664297	0.12620517508493817	up|down	False
s__Oscillibacter_sp_ER4	2	CRA|IBD	yes	up	0.1222781533336699	0.3519890865291325	0.493716618549319					down	46.73576521991728	-1.1431587140194386	1.0990868297319353e-37					up|down	False
s__Oscillospiraceae_bacterium_CLA_AA_H250	2	IBD|IBS	yes									down	23.118719803896365	-0.887405310845048	4.953231057795939e-25	up	1.6211084317872748	1.0212569088841366	0.13014603408831749	down|up	False
s__Parascardovia_denticolens	2	CRA|CRC	yes	down	1.3253637155266973	-6.3254491859484405	0.6172643708857154	up	2.041189037651484	3.3014090797860867	0.1498404807635904									down|up	False
s__Phocaeicola_massiliensis	2	CRA|IBS	yes	up	1.1908323875125102	0.6193317019684672	0.0276056091864263									down	16.599450407521065	-1.781961185053579	6.355387428806603e-06	up|down	False
s__Phocea_massiliensis	2	CRA|IBS	yes	up	0.4323118577321423	0.7532977562718891	0.2667519478527076									down	8.009950591741484	-1.9407945288011408	0.001772419466862873	up|down	False
s__Porphyromonas_asaccharolytica	2	CRC|IBS	yes					up	36.022651643577674	9.14490616354412	0.0005217002696694					down	18.846270532709852	-1.9725	4.269006500882953e-07	up|down	False
s__Raoultella_ornithinolytica	2	CRA|CRC	yes	down	0.3631725045083607	-1.733282114252201	0.6172643708857154	up	0.9448081351618642	2.1983547053948893	0.2902521373887626									down|up	False
s__Rubneribacter_badeniensis	2	CRA|IBD	yes	down	0.3128405233452174	-3.2793122780506607	0.8027896956622188					up	13.309087898248071	7.558521404996003	0.0173457969022202					down|up	False
s__Scardovia_wiggsiae	2	CRA|IBD	yes	down	0.1866270623147429	-2.499457584222291	0.7951406682806583					up	15.359494935901752	5.5224240511398905	0.0016546425143099					down|up	False
s__Schaalia_SGB17153	2	CRA|IBD	no	down	0.3086100182945256	-3.789833526465464	0.7910632736165916					up	13.982336328926964	5.344902153615604	0.0024209536456086					down|up	False
s__Schaalia_SGB17158	2	CRA|IBD	no	down	0.2639346716659956	-3.0998883768082144	0.7212644536717594					up	15.813978873187356	5.664691426464756	0.0016155661558057					down|up	False
s__Streptococcus_lutetiensis	2	CRC|IBS	yes					down	3.1605089387085266	-4.819951141558892	0.2209459801981051					up	2.48031492553226	0.7963	0.008384302325581372	down|up	False
s__Streptococcus_mutans	2	CRA|IBS	yes	down	1.995747158725512	-2.554585644203478	0.2006611756980943									up	14.264054183931943	1.6939	2.4328162076579242e-06	down|up	False
s__Streptococcus_sanguinis	2	CRA|IBD	yes	down	0.4797950367860596	-2.04453252105863	0.6172643708857154					up	13.19194503085599	4.012728285634416	7.773088322733939e-05					down|up	False
s__Veillonella_rogosae	2	IBD|IBS	yes									up	14.730582161483907	5.519265554309784	0.0008908081712744	down	4.426120588299069	-4.3647342427258575	0.21084204645675733	up|down	False
