disease	left_out_cohort	n_test	case_n	control_n	roc_auc	average_precision	brier_score	case_mean_probability	control_mean_probability	case_control_mean_diff	case_median_probability	control_median_probability	case_control_median_diff	auc	auc_ci_low	auc_ci_high	auc_permutation_p_one_sided	significant_auc_gt_0_5	final_k	effective_k
CRA	Zeller_2014_CRC_France	114	15	99	0.6154882154882155	0.16175152564804415	0.2657833583924668	0.4538667588180384	0.38463732108858056	0.06922943772945783	0.4379219568817414	0.3218113181290639	0.11611063875267752	0.6154882154882155	0.503030303030303	0.7212121212121212	0.0765846830633873	False	143	143
CRA	Gao_2021_CRC	87	40	47	0.597872340425532	0.5434301123496593	0.268774698137845	0.46071825735180266	0.40921927832690136	0.051498979024901304	0.5513453927616221	0.4160448361964246	0.13530055656519752	0.597872340425532	0.4741954787234043	0.7239361702127658	0.0575884823035392	False	143	143
CRA	Lee_2023_CRC	971	419	552	0.5816773892290132	0.49216870581618066	0.27689500476135526	0.614148711225832	0.5478875521007571	0.06626115912507491	0.6502190601285102	0.5565693446922455	0.09364971543626466	0.5816773892290132	0.5462880694199439	0.6171325360589395	0.0001999600079984	True	143	143
CRA	Thomas_2019_CRC_Italy	79	27	52	0.5662393162393162	0.4031121720628479	0.26078722997338216	0.5063681679418292	0.4492942148090266	0.05707395313280256	0.5430285972054396	0.5076051143162087	0.03542348288923092	0.5662393162393162	0.4312589031339031	0.6972934472934472	0.1649670065986802	False	143	143
CRA	Yachida_2019_CRC	356	67	289	0.49824407374890245	0.2218294552488329	0.2636736428934474	0.39786762250085117	0.3965053335626578	0.0013622889381933456	0.4201966605558842	0.414949180842789	0.005247479713095249	0.4982440737489024	0.4160925476424107	0.5766158394876827	0.5256948610277944	False	143	143
CRA	Feng_2015_CRC_Austria	110	47	63	0.4745018574805809	0.45582557672285134	0.33381546379316557	0.29763189816339614	0.2942057826225163	0.0034261155408798483	0.2670254399886193	0.260252571431159	0.006772868557460288	0.4745018574805809	0.3606889564336373	0.5879854778790947	0.6840631873625275	False	143	143
CRC	Feng_2015_CRC_Austria	109	46	63	0.8367839889579021	0.8186180938809008	0.1633180915505918	0.646441371342305	0.38273205189217896	0.263709319450126	0.6117401749567228	0.3763395590846697	0.23540061587205313	0.8367839889579021	0.7615596963423051	0.9040847135955832	0.0001999600079984	True	18	18
CRC	Gao_2021_CRC	86	39	47	0.8284233496999456	0.8301616774334356	0.16431693122749522	0.6726482719333406	0.4019118524405933	0.27073641949274735	0.6575766447854331	0.3791017211332635	0.2784749236521696	0.8284233496999456	0.7381342062193127	0.9121658483360612	0.0001999600079984	True	18	18
CRC	Yu_2017_CRC_China	128	74	54	0.8185685685685686	0.8459764092288523	0.18336541125015082	0.6363897987888493	0.4181486106550973	0.21824118813375198	0.6112974118104311	0.3795675936632491	0.23172981814718197	0.8185685685685686	0.7462462462462464	0.8838838838838838	0.0001999600079984	True	18	18
CRC	Wirbel_2019_CRC_Germany	120	60	60	0.8133333333333334	0.8150187739221635	0.17927652010512377	0.6049892135393365	0.36518533263616104	0.2398038809031755	0.5342867907387301	0.3762968348838512	0.1579899558548789	0.8133333333333334	0.7401354166666666	0.882642361111111	0.0001999600079984	True	18	18
CRC	Thomas_2019_CRC_Italy	113	61	52	0.7632408575031526	0.7917368746078228	0.20275635546608858	0.5365702649531591	0.3758280638737014	0.1607422010794577	0.4584897455031716	0.3703338757763725	0.08815586972679912	0.7632408575031526	0.6907274590163934	0.8316519546027742	0.0001999600079984	True	18	18
CRC	Vogtmann_2016_CRC_USA	104	52	52	0.7533284023668639	0.7448485463691276	0.1956918351484043	0.5438232684629373	0.3359397243291653	0.20788354413377197	0.4003495826624187	0.3656521642836842	0.034697418378734524	0.7533284023668639	0.676405325443787	0.8265532544378698	0.0001999600079984	True	18	18
CRC	Zeller_2014_CRC_France	164	65	99	0.7431235431235431	0.6671035923836952	0.2327535094627733	0.7139857334666001	0.4825906872696056	0.23139504619699452	0.7342983539535132	0.3635848955062454	0.3707134584472678	0.7431235431235431	0.6661888111888112	0.8206721056721057	0.0001999600079984	True	18	18
CRC	Yachida_2019_CRC	574	285	289	0.6606629029320706	0.6576345701352306	0.2275134400772598	0.495133346925516	0.3883298893660843	0.10680345755943171	0.3463839148174502	0.3446533274124916	0.0017305874049585723	0.6606629029320706	0.6243903660535423	0.6996307594245128	0.0001999600079984	True	18	18
CRC	Liu_2022_CRC_China	163	78	85	0.5923076923076923	0.5858709396707531	0.2781965343668079	0.5989643589238022	0.5304847419022922	0.06847961702150995	0.5242214629396695	0.4085840284368673	0.11563743450280223	0.5923076923076923	0.506025641025641	0.6758710407239819	0.0195960807838432	True	18	18
IBD	Hall_2017_IBD	257	184	73	0.928752233472305	0.9695569730663774	0.09582392026756048	0.8169452460398849	0.2643615555701088	0.5525836904697761	0.8966366569751684	0.129055779132123	0.7675808778430454	0.928752233472305	0.8937239428231091	0.958382966051221	0.0001999600079984	True	185	185
IBD	Franzosa_2018_IBD	220	164	56	0.9228005226480835	0.9701030245156058	0.09011330085084344	0.8741666535125123	0.29628251861541705	0.5778841348970953	0.9759113325379175	0.20290825066891335	0.7730030818690041	0.9228005226480837	0.87673943815331	0.9605836236933798	0.0001999600079984	True	185	185
IBD	He_2017_Crohn	117	63	54	0.8127572016460906	0.8580882965975538	0.24382543611738705	0.8802587596159331	0.5443769406194903	0.33588181899644287	0.9955100294314924	0.6556619944530887	0.33984803497840366	0.8127572016460906	0.7319223985890653	0.8818342151675485	0.0001999600079984	True	185	185
IBD	Damman_2015_FMT_UC	41	30	11	0.793939393939394	0.9270432767684841	0.21324332346909367	0.6623636738885484	0.2093915329680023	0.45297214092054616	0.8145071355733283	0.1007550834801128	0.7137520520932155	0.793939393939394	0.6454545454545454	0.9212121212121211	0.0021995600879824	True	185	185
IBD	Kumbhari_2024_IBD	939	783	156	0.790409994432983	0.9466364593535435	0.16665733223988075	0.8039555393915625	0.4440785054608896	0.3598770339306729	0.9612522584736256	0.44052203891604924	0.5207302195575764	0.790409994432983	0.7528877877656613	0.8270673690932312	0.0001999600079984	True	185	185
IBD	Bushman_2020_pediatric_Cdiff_IBD	127	79	48	0.7639767932489452	0.8204957205478116	0.20656074846516748	0.7793292944160477	0.4275742859127698	0.3517550085032779	0.921287696608624	0.33408301047918687	0.5872046861294371	0.7639767932489452	0.6727320675105486	0.8459981540084387	0.0001999600079984	True	185	185
IBD	Braun_2024_Crohn	38	17	21	0.7366946778711485	0.6858426079879366	0.27411701834393454	0.7950564212948712	0.5447026929506158	0.2503537283442554	0.9194026367589426	0.6781213887844757	0.24128124797446693	0.7366946778711485	0.5657563025210084	0.8851540616246498	0.00499900019996	True	185	185
IBD	Lloyd-Price_2019_HMP2IBD	1285	933	352	0.6867874890382928	0.764804863015534	0.2797925960875742	0.5544909331318173	0.3427677654235699	0.2117231677082474	0.5460800389584595	0.15466020949512416	0.3914198294633353	0.6867874890382928	0.6461813675338596	0.7258436708321153	0.0001999600079984	True	185	185
IBD	Douglas_2018_child_Crohn	38	18	20	0.5333333333333333	0.5656187388780474	0.3360159782407242	0.6854057931083455	0.7072447923961852	-0.021838999287839722	0.7275780642764528	0.7275780642764528	0.0	0.5333333333333333	0.3472222222222222	0.7111458333333329	0.3673265346930613	False	185	185
