analysis	analysis_family	background_size	disease_a	disease_b	diseases	expected_hypergeom	expected_permutation	hypergeom_p	hypergeom_q	jaccard	n_diseases	observed_expected_ratio	overlap_coefficient	passes_large_overlap_rule	permutation_p	permutation_q	permutation_q95	set_a_size	set_b_size	set_sizes	shared_count	shared_species	significantly_above_random	conservative_support
top50_named_species_only	metaphlan4_key_species_sensitivity	1817.0			CRA|CRC	1.3758943313153549	1.374	0.0107144292028633	0.0214288584057266	0.0526315789473684	2	3.6390101892285296	0.1	0.0	0.0104947526236881	0.0230884557721139				50|50	5	s__Clostridiales_bacterium_KLE1615;s__Fusobacterium_nucleatum;s__Granulicatella_adiacens;s__Haemophilus_haemolyticus;s__Mogibacterium_timidum		False
top50_named_species_only	metaphlan4_key_species_sensitivity	1801.0			CRA|IBD	1.38811771238201	1.3845	0.047368371146538	0.0568420453758456	0.0416666666666666	2	2.8891296496930297	0.08	0.0	0.048975512243878	0.0538730634682658				50|50	4	s__Alistipes_shahii;s__Bifidobacterium_breve;s__Clostridiales_bacterium_KLE1615;s__Fusobacterium_nucleatum		False
top50_named_species_only	metaphlan4_key_species_sensitivity	1629.0			CRA|IBS	1.5346838551258442	1.5295	0.4591131205848827	0.4591131205848827	0.0204081632653061	2	1.3076168682576004	0.04	0.0	0.4442778610694652	0.4442778610694652				50|50	2	s__Clostridiales_bacterium_KLE1615;s__Phocaeicola_massiliensis		False
top50_named_species_only	metaphlan4_key_species_sensitivity	1843.0			CRC|IBD	1.3564839934888768	1.3245	4.095982281403721e-06	2.4575893688422325e-05	0.0989010989010989	2	6.795016987542469	0.18	0.0	0.0004997501249375	0.0027486256871564				50|50	9	s__Anaerococcus_obesiensis;s__Clostridiales_bacterium_KLE1615;s__Clostridium_symbiosum;s__Dialister_pneumosintes;s__Enterocloster_bolteae;s__Enterocloster_clostridioformis;s__Fusobacterium_nucleatum;s__Gemella_morbillorum;s__Peptostreptococcus_stomatis		False
top50_named_species_only	metaphlan4_key_species_sensitivity	1662.0			CRC|IBS	1.5042117930204573	1.5115	0.0153304874880837	0.0229957312321256	0.0526315789473684	2	3.3079722130334104	0.1	0.0	0.0184907546226886	0.0338997168082625				50|50	5	s__Bacteroides_fragilis;s__Clostridiales_bacterium_KLE1615;s__Faecalibacterium_prausnitzii;s__Ruminococcus_torques;s__Ruthenibacterium_lactatiformans		False
top50_named_species_only	metaphlan4_key_species_sensitivity	1366.0			IBD|IBS	1.8301610541727675	1.776	0.0017136040799259	0.0051408122397778	0.075268817204301	2	3.941441441441442	0.14	0.0	0.0014992503748125	0.0041229385307346				50|50	7	s__Clostridiales_bacterium_KLE1615;s__Coprococcus_eutactus;s__Faecalicatena_fissicatena;s__Gemmiger_formicilis;s__Oscillibacter_sp_ER4;s__Ruminococcus_bromii;s__Wujia_chipingensis		False
top50_named_species_only	metaphlan4_key_species_sensitivity	1935.0			CRA|CRC|IBD		0.032			0.0149253731343283	3	62.5	0.04	0.0	0.0004997501249375	0.0027486256871564				50|50|50	2	s__Clostridiales_bacterium_KLE1615;s__Fusobacterium_nucleatum		False
top50_named_species_only	metaphlan4_key_species_sensitivity	1819.0			CRA|CRC|IBS		0.0325			0.0071942446043165	3	30.769230769230766	0.02	0.0	0.031984007996002	0.0488644566605586				50|50|50	1	s__Clostridiales_bacterium_KLE1615		False
top50_named_species_only	metaphlan4_key_species_sensitivity	1804.0			CRA|IBD|IBS		0.04			0.0072463768115942	3	25.0	0.02	0.0	0.0399800099950025	0.0488644566605586				50|50|50	1	s__Clostridiales_bacterium_KLE1615		False
top50_named_species_only	metaphlan4_key_species_sensitivity	1847.0			CRC|IBD|IBS		0.0355			0.0076923076923076	3	28.169014084507044	0.02	0.0	0.0359820089955022	0.0488644566605586				50|50|50	1	s__Clostridiales_bacterium_KLE1615		False
top50_named_species_only	metaphlan4_key_species_sensitivity	1937.0			CRA|CRC|IBD|IBS		0.0005			0.005813953488372	4	2000.0	0.02	0.0	0.000999500249875	0.0036648342495418				50|50|50|50	1	s__Clostridiales_bacterium_KLE1615		False
strict_only	metaphlan4_key_species_sensitivity	1817.0			CRA|CRC	0.0	0.0	1.0	1.0	0.0	2			0.0	1.0	1.0				0|27	0			False
strict_only	metaphlan4_key_species_sensitivity	1801.0			CRA|IBD	0.0	0.0	1.0	1.0	0.0	2			0.0	1.0	1.0				0|70	0			False
strict_only	metaphlan4_key_species_sensitivity	1629.0			CRA|IBS	0.0	0.0	1.0	1.0	0.0	2			0.0	1.0	1.0				0|30	0			False
strict_only	metaphlan4_key_species_sensitivity	1843.0			CRC|IBD	1.0255018990775908	1.06	0.0003808374671135	0.0011425124013407	0.0659340659340659	2	5.660377358490566	0.2222222222222222	0.0	0.000999500249875	0.0054972513743128				27|70	6	s__Clostridiales_bacterium_KLE1615;s__Clostridium_symbiosum;s__Enterocloster_aldenensis;s__Enterocloster_bolteae;s__Eubacterium_ventriosum;s__Ruminococcus_torques		False
strict_only	metaphlan4_key_species_sensitivity	1662.0			CRC|IBS	0.4873646209386281	0.4855	0.0115940758673929	0.0231881517347859	0.0555555555555555	2	6.179196704428424	0.1111111111111111	0.0	0.0099950024987506	0.0366483424954189				27|30	3	s__Faecalibacterium_SGB15346;s__Ruminococcus_torques;s__Ruthenibacterium_lactatiformans		False
strict_only	metaphlan4_key_species_sensitivity	1366.0			IBD|IBS	1.5373352855051243	1.515	8.672689485221197e-07	5.203613691132719e-06	0.1111111111111111	2	6.6006600660066015	0.3333333333333333	1.0	0.0004997501249375	0.0054972513743128				70|30	10	s__Agathobaculum_butyriciproducens;s__Alistipes_putredinis;s__Bacteroides_thetaiotaomicron;s__Brotolimicola_acetigignens;s__Faecalicatena_fissicatena;s__GGB9760_SGB15373;s__Oscillibacter_sp_ER4;s__Ruminococcus_torques;s__Streptococcus_parasanguinis;s__Streptococcus_salivarius		False
strict_only	metaphlan4_key_species_sensitivity	1935.0			CRA|CRC|IBD		0.0			0.0	3			0.0	1.0	1.0				0|27|70	0			False
strict_only	metaphlan4_key_species_sensitivity	1819.0			CRA|CRC|IBS		0.0			0.0	3			0.0	1.0	1.0				0|27|30	0			False
strict_only	metaphlan4_key_species_sensitivity	1804.0			CRA|IBD|IBS		0.0			0.0	3			0.0	1.0	1.0				0|70|30	0			False
strict_only	metaphlan4_key_species_sensitivity	1847.0			CRC|IBD|IBS		0.015			0.0091743119266055	3	66.66666666666667	0.037037037037037	0.0	0.0154922538730634	0.0426036981509245				27|70|30	1	s__Ruminococcus_torques		False
strict_only	metaphlan4_key_species_sensitivity	1937.0			CRA|CRC|IBD|IBS		0.0			0.0	4			0.0	1.0	1.0				0|27|70|30	0			False
crc_keys_crc_only_studies	metaphlan4_key_species_sensitivity	1736.0			CRA|CRC	1.4400921658986174	1.425	0.772948202531761	0.7946508869714318	0.0101010101010101	2	0.7017543859649122	0.02	0.0	0.7716141929035483	1.0				50|50	1	s__Fusobacterium_nucleatum		False
crc_keys_crc_only_studies	metaphlan4_key_species_sensitivity	1801.0			CRA|IBD	1.38811771238201	1.3845	0.4077256391699294	0.7946508869714318	0.0204081632653061	2	1.4445648248465148	0.04	0.0	0.4162918540729635	1.0				50|50	2	s__Alistipes_shahii;s__GGB9758_SGB15368		False
crc_keys_crc_only_studies	metaphlan4_key_species_sensitivity	1629.0			CRA|IBS	1.5346838551258442	1.5295	0.7946508869714318	0.7946508869714318	0.0101010101010101	2	0.6538084341288002	0.02	0.0	0.791104447776112	1.0				50|50	1	s__Phocaeicola_massiliensis		False
crc_keys_crc_only_studies	metaphlan4_key_species_sensitivity	1574.0			CRC|IBD	1.5883100381194408	1.559	0.0189994752463181	0.1139968514779091	0.0526315789473684	2	3.207184092366902	0.1	0.0	0.016991504247876	0.1869065467266366				50|50	5	s__Clostridium_symbiosum;s__Dialister_pneumosintes;s__Enterocloster_aldenensis;s__Enterocloster_clostridioformis;s__GGB9253_SGB14198		False
crc_keys_crc_only_studies	metaphlan4_key_species_sensitivity	1302.0			CRC|IBS	1.9201228878648235	1.951	0.3005745321453308	0.7946508869714318	0.0309278350515463	2	1.5376729882111737	0.06	0.0	0.3143428285857071	1.0				50|50	3	s__Bacteroides_fragilis;s__Faecalibacterium_SGB15346;s__Ruminococcus_torques		False
crc_keys_crc_only_studies	metaphlan4_key_species_sensitivity	1366.0			IBD|IBS	1.8301610541727675	1.776	0.5550548332682945	0.7946508869714318	0.0204081632653061	2	1.1261261261261262	0.04	0.0	0.5347326336831584	1.0				50|50	2	s__GGB9760_SGB15373;s__Wujia_chipingensis		False
crc_keys_crc_only_studies	metaphlan4_key_species_sensitivity	1869.0			CRA|CRC|IBD		0.036			0.0	3	0.0	0.0	0.0	1.0	1.0				50|50|50	0			False
crc_keys_crc_only_studies	metaphlan4_key_species_sensitivity	1738.0			CRA|CRC|IBS		0.0395			0.0	3	0.0	0.0	0.0	1.0	1.0				50|50|50	0			False
crc_keys_crc_only_studies	metaphlan4_key_species_sensitivity	1804.0			CRA|IBD|IBS		0.04			0.0	3	0.0	0.0	0.0	1.0	1.0				50|50|50	0			False
crc_keys_crc_only_studies	metaphlan4_key_species_sensitivity	1580.0			CRC|IBD|IBS		0.048			0.0	3	0.0	0.0	0.0	1.0	1.0				50|50|50	0			False
crc_keys_crc_only_studies	metaphlan4_key_species_sensitivity	1871.0			CRA|CRC|IBD|IBS		0.0015			0.0	4	0.0	0.0	0.0	1.0	1.0				50|50|50|50	0			False
top_300_named_only	metaphlan4_top300_named_only	1817.0			CRA|CRC	49.53219592735278	49.6558	2.2119640372377763e-34	5.488294546260957e-34	0.2738853503184713	2	2.597883832301564	0.43		0.0001999600079984	0.0001999600079984	60.0			300|300	129	s__Abiotrophia_defectiva;s__Acidaminococcus_massiliensis;s__Actinomyces_bouchesdurhonensis;s__Alistipes_dispar;s__Alistipes_finegoldii;s__Alistipes_ihumii;s__Alistipes_indistinctus;s__Alistipes_provencensis;s__Alistipes_shahii;s__Allisonella_histaminiformans;s__Amedibacterium_intestinale;s__Anaerobutyricum_hallii;s__Anaerofilum_hominis;s__Anaerosacchariphilus_sp_NSJ_68;s__Anaerostipes_hadrus;s__Anaerotignum_faecicola;s__Anaerotruncus_colihominis;s__Anaerotruncus_massiliensis;s__Anaerotruncus_rubiinfantis;s__Angelakisella_massiliensis;s__Bacteroides_caccae;s__Bacteroides_cellulosilyticus;s__Bacteroides_mediterraneensis;s__Bacteroides_nordii;s__Bacteroides_pectinophilus;s__Bacteroides_salyersiae;s__Bifidobacterium_animalis;s__Bifidobacterium_longum;s__Blautia_wexlerae;s__Butyricicoccus_intestinisimiae;s__Butyricimonas_virosa;s__Candidatus_Nanosynsacchari_sp_TM7_ANC_38_39_G1_1;s__Christensenella_minuta;s__Cloacibacillus_evryensis;s__Cloacibacillus_porcorum;s__Clostridiaceae_bacterium;s__Clostridiales_bacterium_KLE1615;s__Clostridium_hylemonae;s__Clostridium_paraputrificum;s__Clostridium_saccharogumia;s__Clostridium_sp_AF12_28;s__Clostridium_sp_AF36_4;s__Clostridium_sp_AM33_3;s__Clostridium_sp_AM42_4;s__Clostridium_sp_D5;s__Colidextribacter_sp_210702_DFI_3_9;s__Cuneatibacter_caecimuris;s__Dialister_hominis;s__Dialister_pneumosintes;s__Diplocloster_agilis;s__Dysosmobacter_sp_Marseille_Q4140;s__Dysosmobacter_welbionis;s__Eisenbergiella_massiliensis;s__Eisenbergiella_tayi;s__Enorma_massiliensis;s__Enterocloster_hominis;s__Enterococcus_durans;s__Escherichia_coli;s__Eubacteriaceae_bacterium_Marseille_Q4139;s__Eubacterium_brachy;s__Eubacterium_sp_c_25;s__Eubacterium_ventriosum;s__Faecalibacillus_intestinalis;s__Faecalicatena_contorta;s__Faecalicoccus_pleomorphus;s__Faecalitalea_cylindroides;s__Fumia_xinanensis;s__Fusicatenibacter_saccharivorans;s__Fusicatenibacter_sp_CLA_AA_H277;s__Fusobacterium_mortiferum;s__Fusobacterium_nucleatum;s__Fusobacterium_ulcerans;s__Gemella_morbillorum;s__Gemella_sanguinis;s__Granulicatella_adiacens;s__Haemophilus_haemolyticus;s__Holdemanella_biformis;s__Holdemania_filiformis;s__Intestinimonas_timonensis;s__Jilunia_laotingensis;s__Jingyaoa_shaoxingensis;s__Jutongia_hominis;s__Klebsiella_michiganensis;s__Klebsiella_quasipneumoniae;s__Lachnospira_eligens;s__Lachnospira_sp_NSJ_43;s__Lachnospiraceae_bacterium_CLA_AA_H215;s__Lachnospiraceae_bacterium_OF09_6;s__Lachnotalea_sp_AF33_28;s__Lancefieldella_rimae;s__Lawsonibacter_faecis;s__Megasphaera_micronuciformis;s__Megasphaera_sp_NM10;s__Mogibacterium_timidum;s__Neglectibacter_timonensis;s__Odoribacter_splanchnicus;s__Oscillibacter_sp_PC13;s__Oscillospiraceae_bacterium;s__Parabacteroides_gordonii;s__Parascardovia_denticolens;s__Peptostreptococcus_stomatis;s__Phocea_massiliensis;s__Prevotella_lascolaii;s__Prevotella_stercorea;s__Prevotellamassilia_timonensis;s__Provencibacterium_massiliense;s__Pseudoflavonifractor_phocaeensis;s__Pyramidobacter_piscolens;s__Raoultella_ornithinolytica;s__Raoultibacter_massiliensis;s__Roseburia_sp_AM23_20;s__Ruminococcus_bovis;s__Ruminococcus_torques;s__Ruthenibacterium_lactatiformans;s__Scardovia_wiggsiae;s__Segatella_hominis;s__Simiaoa_sunii;s__Streptococcus_anginosus;s__Streptococcus_constellatus;s__Streptococcus_cristatus;s__Streptococcus_infantis;s__Streptococcus_lutetiensis;s__Streptococcus_oralis;s__Streptococcus_sp_F0442;s__Streptococcus_thermophilus;s__Sutterella_wadsworthensis;s__Turicibacter_sanguinis;s__Veillonella_dispar;s__Zhenpiania_hominis	1.0	True
top_300_named_only	metaphlan4_top300_named_only	1801.0			CRA|IBD	49.97223764575236	49.8652	2.161849136403374e-40	1.2971094818420244e-39	0.2958963282937365	2	2.747407009297065	0.4566666666666666		0.0001999600079984	0.0001999600079984	59.0			300|300	137	s__Actinomyces_graevenitzii;s__Actinomyces_naeslundii;s__Actinomyces_oris;s__Actinomyces_sp_ICM47;s__Actinomyces_sp_oral_taxon_448;s__Alistipes_finegoldii;s__Alistipes_ihumii;s__Alistipes_shahii;s__Alistipes_sp_AF17_16;s__Amedibacillus_dolichus;s__Amedibacterium_intestinale;s__Anaerobutyricum_hallii;s__Anaerofustis_stercorihominis;s__Anaeroglobus_geminatus;s__Anaerostipes_caccae;s__Anaerotignum_sp_MSJ_24;s__Anaerotruncus_rubiinfantis;s__Bacteroides_salyersiae;s__Bianquea_renquensis;s__Bifidobacterium_animalis;s__Bifidobacterium_breve;s__Blautia_caecimuris;s__Blautia_producta;s__Blautia_sp_OF03_15BH;s__Butyricimonas_faecalis;s__Butyricimonas_synergistica;s__Butyricimonas_virosa;s__Candidatus_Gastranaerophilales_bacterium;s__Candidatus_Nanosynsacchari_sp_TM7_ANC_38_39_G1_1;s__Christensenella_minuta;s__Citrobacter_freundii;s__Cloacibacillus_porcorum;s__Clostridiaceae_bacterium;s__Clostridiaceae_bacterium_AF18_31LB;s__Clostridiales_bacterium_KLE1615;s__Clostridium_innocuum;s__Clostridium_paraputrificum;s__Clostridium_perfringens;s__Clostridium_saccharogumia;s__Clostridium_sp_AF36_4;s__Clostridium_sp_AM33_3;s__Clostridium_sp_AT4;s__Clostridium_sp_D5;s__Collinsella_stercoris;s__Desulfovibrio_piger;s__Dialister_pneumosintes;s__Diplocloster_modestus;s__Drancourtella_massiliensis;s__Eggerthella_lenta;s__Eisenbergiella_massiliensis;s__Enterocloster_asparagiformis;s__Enterococcus_avium;s__Enterococcus_faecalis;s__Enterococcus_faecium;s__Escherichia_coli;s__Escherichia_marmotae;s__Eubacterium_ventriosum;s__Faecalicatena_contorta;s__Faecalimonas_umbilicata;s__Frisingicoccus_caecimuris;s__Fusicatenibacter_sp_CLA_AA_H277;s__Fusobacterium_mortiferum;s__Fusobacterium_nucleatum;s__Fusobacterium_ulcerans;s__Gemella_morbillorum;s__Gemella_sanguinis;s__Granulicatella_adiacens;s__Haemophilus_haemolyticus;s__Haemophilus_pittmaniae;s__Haemophilus_sputorum;s__Hydrogeniiclostridium_mannosilyticum;s__Intestinibacter_bartlettii;s__Intestinimonas_gabonensis;s__Intestinimonas_timonensis;s__Jilunia_laotingensis;s__Jingyaoa_shaoxingensis;s__Klebsiella_pneumoniae;s__Klebsiella_quasipneumoniae;s__Klebsiella_variicola;s__Lachnoclostridium_sp_An14;s__Lachnospira_sp_NSJ_43;s__Lachnospiraceae_bacterium_CLA_AA_H215;s__Lachnospiraceae_bacterium_OM04_12BH;s__Lacticaseibacillus_paracasei;s__Lactobacillus_acidophilus;s__Lactobacillus_gasseri;s__Lactococcus_lactis;s__Lawsonibacter_asaccharolyticus;s__Lawsonibacter_faecis;s__Ligaoa_zhengdingensis;s__Ligilactobacillus_salivarius;s__Limosilactobacillus_fermentum;s__Limosilactobacillus_mucosae;s__Longicatena_caecimuris;s__Mediterraneibacter_butyricigenes;s__Mediterraneibacter_glycyrrhizinilyticus;s__Megasphaera_massiliensis;s__Megasphaera_micronuciformis;s__Odoribacter_splanchnicus;s__Oribacterium_sinus;s__Oscillibacter_sp_ER4;s__Oscillibacter_sp_PC13;s__Oscillibacter_valericigenes;s__Oscillospiraceae_bacterium;s__Oxalobacter_formigenes;s__Parabacteroides_faecis;s__Peptostreptococcus_stomatis;s__Phascolarctobacterium_succinatutens;s__Phocaeicola_plebeius;s__Romboutsia_timonensis;s__Roseburia_inulinivorans;s__Rubneribacter_badeniensis;s__Ruminococcus_bicirculans;s__Ruminococcus_bromii;s__Ruminococcus_sp_AF13_28;s__Scardovia_wiggsiae;s__Senegalimassilia_anaerobia;s__Simiaoa_sunii;s__Streptococcus_anginosus;s__Streptococcus_australis;s__Streptococcus_constellatus;s__Streptococcus_cristatus;s__Streptococcus_gallolyticus;s__Streptococcus_gordonii;s__Streptococcus_infantis;s__Streptococcus_mutans;s__Streptococcus_oralis;s__Streptococcus_salivarius;s__Streptococcus_sanguinis;s__Streptococcus_thermophilus;s__Veillonella_atypica;s__Veillonella_dispar;s__Veillonella_rogosae;s__Vescimonas_coprocola;s__Victivallis_lenta;s__Youxingia_wuxianensis;s__bacterium_210917_SL_2_15	1.0	True
top_300_named_only	metaphlan4_top300_named_only	1684.0			CRA|IBS	28.50356294536817	28.4974	9.788787687150202e-09	1.4683181530725304e-08	0.141439205955335	2	2.000182472786991	0.35625		0.0001999600079984	0.0001999600079984	36.0			300|160	57	s__Actinomyces_oris;s__Alistipes_finegoldii;s__Alistipes_ihumii;s__Alistipes_sp_AF17_16;s__Anaerobutyricum_hallii;s__Anaerobutyricum_soehngenii;s__Anaerofilum_hominis;s__Anaerostipes_hadrus;s__Anaerotignum_faecicola;s__Anaerotignum_sp_MSJ_24;s__Anaerotruncus_massiliensis;s__Anaerotruncus_rubiinfantis;s__Bacteroides_faecis;s__Bacteroides_mediterraneensis;s__Bacteroides_stercoris;s__Bifidobacterium_animalis;s__Bilophila_wadsworthia;s__Blautia_caecimuris;s__Blautia_obeum;s__Blautia_wexlerae;s__Butyricimonas_faecalis;s__Butyricimonas_virosa;s__Clostridium_perfringens;s__Clostridium_spiroforme;s__Colidextribacter_sp_210702_DFI_3_9;s__Coprobacter_fastidiosus;s__Desulfovibrio_piger;s__Eggerthella_lenta;s__Eisenbergiella_massiliensis;s__Enterocloster_asparagiformis;s__Faecalibacillus_intestinalis;s__Hydrogenoanaerobacterium_saccharovorans;s__Jingyaoa_shaoxingensis;s__Lachnospiraceae_bacterium_CLA_AA_H215;s__Lachnospiraceae_bacterium_OM04_12BH;s__Lactobacillus_gasseri;s__Massilioclostridium_coli;s__Odoribacter_splanchnicus;s__Oscillibacter_valericigenes;s__Oxalobacter_formigenes;s__Paraprevotella_clara;s__Phocaeicola_massiliensis;s__Phocea_massiliensis;s__Provencibacterium_massiliense;s__Ruminococcus_torques;s__Ruthenibacterium_lactatiformans;s__Segatella_copri;s__Streptococcus_australis;s__Streptococcus_constellatus;s__Streptococcus_gordonii;s__Streptococcus_lutetiensis;s__Streptococcus_mutans;s__Streptococcus_salivarius;s__Streptococcus_thermophilus;s__Veillonella_rogosae;s__Youxingia_wuxianensis;s__Zhenpiania_hominis	1.0	True
top_300_named_only	metaphlan4_top300_named_only	1843.0			CRC|IBD	48.83342376559957	48.8882	2.744147273130478e-34	5.488294546260957e-34	0.2711864406779661	2	2.618218711263659	0.4266666666666667		0.0001999600079984	0.0001999600079984	59.0			300|300	128	s__Acidaminococcus_intestini;s__Actinobaculum_sp_oral_taxon_183;s__Actinomyces_sp_ph3;s__Adlercreutzia_equolifaciens;s__Agathobaculum_butyriciproducens;s__Aggregatibacter_segnis;s__Akkermansia_muciniphila;s__Alistipes_finegoldii;s__Alistipes_ihumii;s__Alistipes_putredinis;s__Alistipes_shahii;s__Amedibacterium_intestinale;s__Anaerobutyricum_hallii;s__Anaerococcus_obesiensis;s__Anaerotruncus_rubiinfantis;s__Bacteroides_fragilis;s__Bacteroides_intestinalis;s__Bacteroides_ovatus;s__Bacteroides_salyersiae;s__Bacteroides_thetaiotaomicron;s__Barnesiella_intestinihominis;s__Bifidobacterium_animalis;s__Brotolimicola_acetigignens;s__Butyricimonas_faecihominis;s__Butyricimonas_virosa;s__Candidatus_Cibionibacter_quicibialis;s__Candidatus_Nanosynsacchari_sp_TM7_ANC_38_39_G1_1;s__Christensenella_minuta;s__Christensenella_sp_Marseille_P3954;s__Cloacibacillus_porcorum;s__Clostridiaceae_bacterium;s__Clostridiaceae_bacterium_Marseille_Q4145;s__Clostridiaceae_bacterium_Marseille_Q4149;s__Clostridiales_bacterium_KLE1615;s__Clostridium_methylpentosum;s__Clostridium_paraputrificum;s__Clostridium_saccharogumia;s__Clostridium_scindens;s__Clostridium_sp_AF27_2AA;s__Clostridium_sp_AF32_12BH;s__Clostridium_sp_AF36_4;s__Clostridium_sp_AM33_3;s__Clostridium_sp_AM49_4BH;s__Clostridium_sp_D5;s__Clostridium_sp_Marseille_P3244;s__Clostridium_symbiosum;s__Collinsella_intestinalis;s__Congzhengia_minquanensis;s__Coprococcus_eutactus;s__Dialister_pneumosintes;s__Dielma_fastidiosa;s__Eggerthella_sinensis;s__Eisenbergiella_massiliensis;s__Eisenbergiella_sp_OF01_20;s__Emergencia_timonensis;s__Enterocloster_aldenensis;s__Enterocloster_bolteae;s__Enterocloster_citroniae;s__Enterocloster_clostridioformis;s__Enterocloster_lavalensis;s__Escherichia_coli;s__Eubacterium_rectale;s__Eubacterium_sp_AF34_35BH;s__Eubacterium_ventriosum;s__Evtepia_gabavorous;s__Faecalibacterium_sp_HTFF;s__Faecalicatena_contorta;s__Faecalicatena_fissicatena;s__Flavonifractor_plautii;s__Fusicatenibacter_sp_CLA_AA_H277;s__Fusobacterium_mortiferum;s__Fusobacterium_nucleatum;s__Fusobacterium_periodonticum;s__Fusobacterium_ulcerans;s__Gehongia_tenuis;s__Gemella_morbillorum;s__Gemella_sanguinis;s__Gemmiger_formicilis;s__Granulicatella_adiacens;s__Guopingia_tenuis;s__Haemophilus_haemolyticus;s__Haemophilus_parainfluenzae;s__Intestinimonas_timonensis;s__Jilunia_laotingensis;s__Jingyaoa_shaoxingensis;s__Jutongia_huaianensis;s__Klebsiella_oxytoca;s__Klebsiella_quasipneumoniae;s__Lachnospira_sp_NSJ_43;s__Lachnospiraceae_bacterium_AM48_27BH;s__Lachnospiraceae_bacterium_CLA_AA_H215;s__Lachnospiraceae_bacterium_CLA_AA_H244;s__Lacticaseibacillus_rhamnosus;s__Lancefieldella_parvula;s__Latilactobacillus_curvatus;s__Latilactobacillus_sakei;s__Lawsonibacter_faecis;s__Megasphaera_micronuciformis;s__Mogibacterium_diversum;s__Mogibacterium_kristiansenii;s__Morganella_morganii;s__Negativibacillus_massiliensis;s__Odoribacter_splanchnicus;s__Oscillibacter_sp_PC13;s__Oscillospiraceae_bacterium;s__Parvimonas_micra;s__Peptostreptococcus_anaerobius;s__Peptostreptococcus_stomatis;s__Prevotella_buccae;s__Prevotella_corporis;s__Roseburia_faecis;s__Roseburia_sp_BX1005;s__Ruminococcus_gnavus;s__Ruminococcus_lactaris;s__Scardovia_wiggsiae;s__Simiaoa_sunii;s__Streptococcus_anginosus;s__Streptococcus_constellatus;s__Streptococcus_cristatus;s__Streptococcus_infantis;s__Streptococcus_mitis;s__Streptococcus_oralis;s__Streptococcus_thermophilus;s__Tyzzerella_nexilis;s__Veillonella_dispar;s__Veillonella_parvula;s__Veillonellaceae_bacterium;s__Wujia_chipingensis	1.0	True
top_300_named_only	metaphlan4_top300_named_only	1720.0			CRC|IBS	27.906976744186046	27.8722	1.063143157138862e-07	1.2757717885666346e-07	0.1330049261083744	2	1.93741434117149	0.3375		0.0001999600079984	0.0001999600079984	35.0			300|160	54	s__Alistipes_finegoldii;s__Alistipes_ihumii;s__Anaerobutyricum_hallii;s__Anaerofilum_hominis;s__Anaerostipes_hadrus;s__Anaerotignum_faecicola;s__Anaerotruncus_massiliensis;s__Anaerotruncus_rubiinfantis;s__Bacteroides_fragilis;s__Bacteroides_mediterraneensis;s__Bacteroides_ovatus;s__Bacteroides_thetaiotaomicron;s__Bifidobacterium_animalis;s__Bifidobacterium_catenulatum;s__Blautia_hydrogenotrophica;s__Blautia_wexlerae;s__Butyricimonas_virosa;s__Clostridiaceae_bacterium_Marseille_Q4145;s__Clostridiaceae_bacterium_Marseille_Q4149;s__Clostridium_scindens;s__Clostridium_sp_AF32_12BH;s__Clostridium_symbiosum;s__Colidextribacter_sp_210702_DFI_3_9;s__Coprococcus_comes;s__Eisenbergiella_massiliensis;s__Eubacterium_rectale;s__Eubacterium_sp_AF34_35BH;s__Evtepia_gabavorous;s__Faecalibacillus_intestinalis;s__Faecalibacterium_prausnitzii;s__Feifania_hominis;s__Flavonifractor_plautii;s__Gordonibacter_urolithinfaciens;s__Haemophilus_parainfluenzae;s__Jingyaoa_shaoxingensis;s__Lachnospira_pectinoschiza;s__Lachnospiraceae_bacterium_CLA_AA_H215;s__Methanobrevibacter_smithii;s__Odoribacter_splanchnicus;s__Phascolarctobacterium_faecium;s__Phocea_massiliensis;s__Porphyromonas_asaccharolytica;s__Provencibacterium_massiliense;s__Ruminococcus_champanellensis;s__Ruminococcus_lactaris;s__Ruminococcus_torques;s__Ruthenibacterium_lactatiformans;s__Streptococcus_constellatus;s__Streptococcus_lutetiensis;s__Streptococcus_thermophilus;s__Veillonella_parvula;s__Wansuia_hejianensis;s__Yanshouia_hominis;s__Zhenpiania_hominis	1.0	True
top_300_named_only	metaphlan4_top300_named_only	1443.0			IBD|IBS	33.264033264033266	33.3218	1.5101387988136178e-05	1.5101387988136178e-05	0.1358024691358024	2	1.6505710975997694	0.34375		0.0001999600079984	0.0001999600079984	41.0			300|160	55	s__Actinomyces_oris;s__Alistipes_communis;s__Alistipes_finegoldii;s__Alistipes_ihumii;s__Alistipes_sp_AF17_16;s__Anaerobutyricum_hallii;s__Anaerotignum_sp_MSJ_24;s__Anaerotruncus_rubiinfantis;s__Bacteroides_congonensis;s__Bacteroides_fragilis;s__Bacteroides_ovatus;s__Bacteroides_thetaiotaomicron;s__Bifidobacterium_animalis;s__Blautia_caecimuris;s__Blautia_massiliensis;s__Butyricimonas_faecalis;s__Butyricimonas_virosa;s__Clostridiaceae_bacterium_Marseille_Q4145;s__Clostridiaceae_bacterium_Marseille_Q4149;s__Clostridium_perfringens;s__Clostridium_scindens;s__Clostridium_sp_AF32_12BH;s__Clostridium_symbiosum;s__Desulfovibrio_piger;s__Dorea_phocaeensis;s__Eggerthella_lenta;s__Eisenbergiella_massiliensis;s__Enterocloster_asparagiformis;s__Eubacterium_rectale;s__Eubacterium_sp_AF34_35BH;s__Evtepia_gabavorous;s__Flavonifractor_plautii;s__Haemophilus_parainfluenzae;s__Jingyaoa_shaoxingensis;s__Lachnospiraceae_bacterium_CLA_AA_H215;s__Lachnospiraceae_bacterium_OM04_12BH;s__Lactobacillus_delbrueckii;s__Lactobacillus_gasseri;s__Monoglobus_pectinilyticus;s__Odoribacter_splanchnicus;s__Oscillibacter_valericigenes;s__Oscillospiraceae_bacterium_CLA_AA_H250;s__Oxalobacter_formigenes;s__Phocaeicola_coprocola;s__Ruminococcus_lactaris;s__Streptococcus_australis;s__Streptococcus_constellatus;s__Streptococcus_gordonii;s__Streptococcus_mutans;s__Streptococcus_parasanguinis;s__Streptococcus_salivarius;s__Streptococcus_thermophilus;s__Veillonella_parvula;s__Veillonella_rogosae;s__Youxingia_wuxianensis	1.0	True
top_300_named_only	metaphlan4_top300_named_only	1935.0			CRA|CRC|IBD		7.2648			0.0948121645796064	3	7.295452042726572	0.1766666666666666		0.0001999600079984	0.0001999600079984	12.0			300|300|300	53	s__Alistipes_finegoldii;s__Alistipes_ihumii;s__Alistipes_shahii;s__Amedibacterium_intestinale;s__Anaerobutyricum_hallii;s__Anaerotruncus_rubiinfantis;s__Bacteroides_salyersiae;s__Bifidobacterium_animalis;s__Butyricimonas_virosa;s__Candidatus_Nanosynsacchari_sp_TM7_ANC_38_39_G1_1;s__Christensenella_minuta;s__Cloacibacillus_porcorum;s__Clostridiaceae_bacterium;s__Clostridiales_bacterium_KLE1615;s__Clostridium_paraputrificum;s__Clostridium_saccharogumia;s__Clostridium_sp_AF36_4;s__Clostridium_sp_AM33_3;s__Clostridium_sp_D5;s__Dialister_pneumosintes;s__Eisenbergiella_massiliensis;s__Escherichia_coli;s__Eubacterium_ventriosum;s__Faecalicatena_contorta;s__Fusicatenibacter_sp_CLA_AA_H277;s__Fusobacterium_mortiferum;s__Fusobacterium_nucleatum;s__Fusobacterium_ulcerans;s__Gemella_morbillorum;s__Gemella_sanguinis;s__Granulicatella_adiacens;s__Haemophilus_haemolyticus;s__Intestinimonas_timonensis;s__Jilunia_laotingensis;s__Jingyaoa_shaoxingensis;s__Klebsiella_quasipneumoniae;s__Lachnospira_sp_NSJ_43;s__Lachnospiraceae_bacterium_CLA_AA_H215;s__Lawsonibacter_faecis;s__Megasphaera_micronuciformis;s__Odoribacter_splanchnicus;s__Oscillibacter_sp_PC13;s__Oscillospiraceae_bacterium;s__Peptostreptococcus_stomatis;s__Scardovia_wiggsiae;s__Simiaoa_sunii;s__Streptococcus_anginosus;s__Streptococcus_constellatus;s__Streptococcus_cristatus;s__Streptococcus_infantis;s__Streptococcus_oralis;s__Streptococcus_thermophilus;s__Veillonella_dispar	1.0	True
top_300_named_only	metaphlan4_top300_named_only	1871.0			CRA|CRC|IBS		4.1352			0.0476190476190476	3	6.287483072160959	0.1625		0.0001999600079984	0.0001999600079984	8.0			300|300|160	26	s__Alistipes_finegoldii;s__Alistipes_ihumii;s__Anaerobutyricum_hallii;s__Anaerofilum_hominis;s__Anaerostipes_hadrus;s__Anaerotignum_faecicola;s__Anaerotruncus_massiliensis;s__Anaerotruncus_rubiinfantis;s__Bacteroides_mediterraneensis;s__Bifidobacterium_animalis;s__Blautia_wexlerae;s__Butyricimonas_virosa;s__Colidextribacter_sp_210702_DFI_3_9;s__Eisenbergiella_massiliensis;s__Faecalibacillus_intestinalis;s__Jingyaoa_shaoxingensis;s__Lachnospiraceae_bacterium_CLA_AA_H215;s__Odoribacter_splanchnicus;s__Phocea_massiliensis;s__Provencibacterium_massiliense;s__Ruminococcus_torques;s__Ruthenibacterium_lactatiformans;s__Streptococcus_constellatus;s__Streptococcus_lutetiensis;s__Streptococcus_thermophilus;s__Zhenpiania_hominis	1.0	True
top_300_named_only	metaphlan4_top300_named_only	1857.0			CRA|IBD|IBS		4.1806			0.0571955719557195	3	7.415203559297709	0.19375		0.0001999600079984	0.0001999600079984	8.0			300|300|160	31	s__Actinomyces_oris;s__Alistipes_finegoldii;s__Alistipes_ihumii;s__Alistipes_sp_AF17_16;s__Anaerobutyricum_hallii;s__Anaerotignum_sp_MSJ_24;s__Anaerotruncus_rubiinfantis;s__Bifidobacterium_animalis;s__Blautia_caecimuris;s__Butyricimonas_faecalis;s__Butyricimonas_virosa;s__Clostridium_perfringens;s__Desulfovibrio_piger;s__Eggerthella_lenta;s__Eisenbergiella_massiliensis;s__Enterocloster_asparagiformis;s__Jingyaoa_shaoxingensis;s__Lachnospiraceae_bacterium_CLA_AA_H215;s__Lachnospiraceae_bacterium_OM04_12BH;s__Lactobacillus_gasseri;s__Odoribacter_splanchnicus;s__Oscillibacter_valericigenes;s__Oxalobacter_formigenes;s__Streptococcus_australis;s__Streptococcus_constellatus;s__Streptococcus_gordonii;s__Streptococcus_mutans;s__Streptococcus_salivarius;s__Streptococcus_thermophilus;s__Veillonella_rogosae;s__Youxingia_wuxianensis	1.0	True
top_300_named_only	metaphlan4_top300_named_only	1900.0			CRC|IBD|IBS		3.9652			0.049090909090909	3	6.8092403914052255	0.16875		0.0001999600079984	0.0001999600079984	7.0			300|300|160	27	s__Alistipes_finegoldii;s__Alistipes_ihumii;s__Anaerobutyricum_hallii;s__Anaerotruncus_rubiinfantis;s__Bacteroides_fragilis;s__Bacteroides_ovatus;s__Bacteroides_thetaiotaomicron;s__Bifidobacterium_animalis;s__Butyricimonas_virosa;s__Clostridiaceae_bacterium_Marseille_Q4145;s__Clostridiaceae_bacterium_Marseille_Q4149;s__Clostridium_scindens;s__Clostridium_sp_AF32_12BH;s__Clostridium_symbiosum;s__Eisenbergiella_massiliensis;s__Eubacterium_rectale;s__Eubacterium_sp_AF34_35BH;s__Evtepia_gabavorous;s__Flavonifractor_plautii;s__Haemophilus_parainfluenzae;s__Jingyaoa_shaoxingensis;s__Lachnospiraceae_bacterium_CLA_AA_H215;s__Odoribacter_splanchnicus;s__Ruminococcus_lactaris;s__Streptococcus_constellatus;s__Streptococcus_thermophilus;s__Veillonella_parvula	1.0	True
top_300_named_only	metaphlan4_top300_named_only	1988.0			CRA|CRC|IBD|IBS		0.5602			0.0192	4	21.42092109960728	0.075		0.0001999600079984	0.0001999600079984	2.0			300|300|300|160	12	s__Alistipes_finegoldii;s__Alistipes_ihumii;s__Anaerobutyricum_hallii;s__Anaerotruncus_rubiinfantis;s__Bifidobacterium_animalis;s__Butyricimonas_virosa;s__Eisenbergiella_massiliensis;s__Jingyaoa_shaoxingensis;s__Lachnospiraceae_bacterium_CLA_AA_H215;s__Odoribacter_splanchnicus;s__Streptococcus_constellatus;s__Streptococcus_thermophilus	1.0	True
locked_panel_overlap	locked_prediction_panel_vs_ibs_related		CRA	CRC	CRA|CRC					0.032051282051282	2		0.2777777777777778					143.0	18.0	143|18	5	s__Fusobacterium_nucleatum;s__Gemella_morbillorum;s__Parvimonas_micra;s__Porphyromonas_asaccharolytica;s__Porphyromonas_somerae	0.0	False
locked_panel_overlap	locked_prediction_panel_vs_ibs_related		CRA	IBD	CRA|IBD					0.025	2		0.0559440559440559					143.0	185.0	143|185	8	s__Actinomyces_oris;s__Fusobacterium_nucleatum;s__Gemella_morbillorum;s__Granulicatella_SGB8255;s__Rothia_mucilaginosa;s__Streptococcus_cristatus;s__Streptococcus_infantis;s__Streptococcus_oralis	0.0	False
locked_panel_overlap	locked_prediction_panel_vs_ibs_related		CRA	IBS-related	CRA|IBS-related					0.0106100795755968	2		0.0279720279720279					143.0	238.0	143|238	4	s__Actinomyces_oris;s__Porphyromonas_asaccharolytica;s__Streptococcus_australis;s__Streptococcus_constellatus	0.0	False
locked_panel_overlap	locked_prediction_panel_vs_ibs_related		CRC	IBD	CRC|IBD					0.015	2		0.1666666666666666					18.0	185.0	18|185	3	s__Dialister_pneumosintes;s__Fusobacterium_nucleatum;s__Gemella_morbillorum	0.0	False
locked_panel_overlap	locked_prediction_panel_vs_ibs_related		CRC	IBS-related	CRC|IBS-related					0.0039215686274509	2		0.0555555555555555					18.0	238.0	18|238	1	s__Porphyromonas_asaccharolytica	0.0	False
locked_panel_overlap	locked_prediction_panel_vs_ibs_related		IBD	IBS-related	IBD|IBS-related					0.0763358778625954	2		0.1621621621621621					185.0	238.0	185|238	30	s__Actinomyces_oris;s__Alistipes_finegoldii;s__Alistipes_ihumii;s__Alistipes_sp_AF17_16;s__Clostridiaceae_bacterium_Marseille_Q4145;s__Clostridium_symbiosum;s__GGB13404_SGB14252;s__GGB2958_SGB3940;s__GGB2998_SGB3989;s__GGB3061_SGB4063;s__GGB3142_SGB4155;s__GGB33586_SGB53517;s__GGB3653_SGB4964;s__GGB4552_SGB6276;s__GGB9253_SGB14198;s__GGB9347_SGB14313;s__GGB9365_SGB14341;s__GGB9534_SGB14937;s__GGB9545_SGB14951;s__GGB9708_SGB15234;s__GGB9712_SGB15244;s__GGB9715_SGB15267;s__GGB9759_SGB15370;s__GGB9760_SGB15374;s__GGB9766_SGB15383;s__Lachnospiraceae_bacterium_CLA_AA_H215;s__Lachnospiraceae_bacterium_OM04_12BH;s__Parabacteroides_goldsteinii;s__Ruminococcus_champanellensis;s__Streptococcus_parasanguinis	0.0	False
