analysis	diseases	n_diseases	set_sizes	background_size	shared_count	jaccard	overlap_coefficient	expected_hypergeom	expected_permutation	permutation_q95	observed_expected_ratio	hypergeom_p	permutation_p	shared_species	hypergeom_q	permutation_q	significantly_above_random	analysis_family	claim_relevance	conservative_support
top_50	CRA|CRC	2	50|50	1817	2	0.0204081632653061	0.04	1.3758943313153549	1.367	3.0	1.463057790782736	0.403344609989367	0.4039192161567686	s__Fusobacterium_nucleatum;s__Mogibacterium_timidum	0.7834119938904033	1.0	False	disease_associated_ranked_topN	other_pairwise	False
top_50	CRA|IBD	2	50|50	1801	2	0.0204081632653061	0.04	1.38811771238201	1.3672	3.0	1.462843768285547	0.4077256391699294	0.3983203359328134	s__Alistipes_shahii;s__GGB9758_SGB15368	0.7834119938904033	1.0	False	disease_associated_ranked_topN	other_pairwise	False
top_50	CRA|IBS	2	50|50	1684	1	0.0101010101010101	0.02	1.484560570071259	1.514	4.0	0.6605019815059445	0.7834119938904032	0.790241951609678	s__Youxingia_wuxianensis	0.7834119938904033	1.0	False	disease_associated_ranked_topN	other_ibs_overlap	False
top_50	CRC|IBD	2	50|50	1843	2	0.0204081632653061	0.04	1.3564839934888768	1.3602	3.0	1.4703720041170416	0.3963605424961712	0.3923215356928614	s__Clostridium_symbiosum;s__Dialister_pneumosintes	0.7834119938904033	1.0	False	disease_associated_ranked_topN	core_crc_ibd_pair	False
top_50	CRC|IBS	2	50|50	1720	1	0.0101010101010101	0.02	1.4534883720930232	1.4528	4.0	0.6883259911894273	0.7761505176509128	0.772245550889822	s__Bacteroides_fragilis	0.7834119938904033	1.0	False	disease_associated_ranked_topN	ibs_pairwise_claim	False
top_50	IBD|IBS	2	50|50	1443	2	0.0204081632653061	0.04	1.7325017325017324	1.7402	4.0	1.1492931846914147	0.5245842525974949	0.52749450109978	s__GGB2998_SGB3989;s__GGB3061_SGB4063	0.7834119938904033	1.0	False	disease_associated_ranked_topN	ibs_pairwise_claim	False
top_50	CRA|CRC|IBD	3	50|50|50	1935	0	0.0	0.0		0.0368	0.0	0.0		1.0			1.0	False	disease_associated_ranked_topN	multi_disease_overlap	False
top_50	CRA|CRC|IBS	3	50|50|50	1871	0	0.0	0.0		0.0304	0.0	0.0		1.0			1.0	False	disease_associated_ranked_topN	other_ibs_overlap	False
top_50	CRA|IBD|IBS	3	50|50|50	1857	0	0.0	0.0		0.0378	0.0	0.0		1.0			1.0	False	disease_associated_ranked_topN	other_ibs_overlap	False
top_50	CRC|IBD|IBS	3	50|50|50	1900	0	0.0	0.0		0.0354	0.0	0.0		1.0			1.0	False	disease_associated_ranked_topN	other_ibs_overlap	False
top_50	CRA|CRC|IBD|IBS	4	50|50|50|50	1988	0	0.0	0.0		0.0006	0.0	0.0		1.0			1.0	False	disease_associated_ranked_topN	other_ibs_overlap	False
top_100	CRA|CRC	2	100|100	1817	10	0.0526315789473684	0.1	5.50357732526142	5.501	9.0	1.8178512997636795	0.0440042954365294	0.0467906418716256	s__Clostridiales_bacterium_KLE1615;s__Fusobacterium_nucleatum;s__GGB1568_SGB2155;s__GGB51269_SGB5061;s__GGB9603_SGB15035;s__GGB9758_SGB15368;s__Granulicatella_adiacens;s__Haemophilus_haemolyticus;s__Lachnospira_SGB5083;s__Mogibacterium_timidum	0.1320128863095883	0.1715656868626275	False	disease_associated_ranked_topN	other_pairwise	False
top_100	CRA|IBD	2	100|100	1801	6	0.0309278350515463	0.06	5.55247084952804	5.5058	9.0	1.089759889570998	0.4852262472090972	0.4857028594281143	s__Alistipes_shahii;s__Bifidobacterium_breve;s__Clostridiales_bacterium_KLE1615;s__Fusobacterium_nucleatum;s__GGB9667_SGB15164;s__GGB9758_SGB15368	0.7278393708136459	1.0	False	disease_associated_ranked_topN	other_pairwise	False
top_100	CRA|IBS	2	100|100	1684	4	0.0204081632653061	0.04	5.938242280285036	5.9462	10.0	0.6726985301537116	0.8593984826749883	0.8628274345130974	s__GGB9545_SGB14951;s__Phocaeicola_massiliensis;s__Streptococcus_mutans;s__Youxingia_wuxianensis	0.9401819475339572	1.0	False	disease_associated_ranked_topN	other_ibs_overlap	False
top_100	CRC|IBD	2	100|100	1843	10	0.0526315789473684	0.1	5.425935973955507	5.4088	9.0	1.848838929152492	0.040521169114818	0.0393921215756848	s__Anaerococcus_obesiensis;s__Clostridiales_bacterium_KLE1615;s__Clostridium_symbiosum;s__Dialister_pneumosintes;s__Enterocloster_bolteae;s__Enterocloster_clostridioformis;s__Fusobacterium_nucleatum;s__GGB9758_SGB15368;s__Gemella_morbillorum;s__Peptostreptococcus_stomatis	0.1320128863095883	0.1715656868626275	False	disease_associated_ranked_topN	core_crc_ibd_pair	False
top_100	CRC|IBS	2	100|100	1720	3	0.015228426395939	0.03	5.813953488372093	5.818	10.0	0.5156411137848058	0.9401819475339572	0.9438112377524496	s__Bacteroides_fragilis;s__GGB3828_SGB5197;s__Porphyromonas_asaccharolytica	0.9401819475339572	1.0	False	disease_associated_ranked_topN	ibs_pairwise_claim	False
top_100	IBD|IBS	2	100|100	1443	8	0.0416666666666666	0.08	6.93000693000693	6.9412	11.0	1.1525384659713018	0.389568857923588	0.3909218156368726	s__Clostridiaceae_bacterium_Marseille_Q4145;s__GGB13404_SGB14252;s__GGB2998_SGB3989;s__GGB3061_SGB4063;s__GGB3142_SGB4155;s__GGB6649_SGB9391;s__GGB9708_SGB15234;s__Lachnospiraceae_bacterium_OM04_12BH	0.7278393708136459	1.0	False	disease_associated_ranked_topN	ibs_pairwise_claim	False
top_100	CRA|CRC|IBD	3	100|100|100	1935	3	0.0108303249097472	0.03		0.2712	1.0	11.061946902654867		0.0033993201359728	s__Clostridiales_bacterium_KLE1615;s__Fusobacterium_nucleatum;s__GGB9758_SGB15368		0.0373925214957008	True	disease_associated_ranked_topN	multi_disease_overlap	True
top_100	CRA|CRC|IBS	3	100|100|100	1871	0	0.0	0.0		0.2876	1.0	0.0		1.0			1.0	False	disease_associated_ranked_topN	other_ibs_overlap	False
top_100	CRA|IBD|IBS	3	100|100|100	1857	0	0.0	0.0		0.296	1.0	0.0		1.0			1.0	False	disease_associated_ranked_topN	other_ibs_overlap	False
top_100	CRC|IBD|IBS	3	100|100|100	1900	0	0.0	0.0		0.2684	1.0	0.0		1.0			1.0	False	disease_associated_ranked_topN	other_ibs_overlap	False
top_100	CRA|CRC|IBD|IBS	4	100|100|100|100	1988	0	0.0	0.0		0.013	0.0	0.0		1.0			1.0	False	disease_associated_ranked_topN	other_ibs_overlap	False
top_150	CRA|CRC	2	150|150	1817	24	0.0869565217391304	0.16	12.383048981838195	12.375	18.0	1.9393939393939397	0.0007840945542335	0.0007998400319936	s__Acidaminococcus_massiliensis;s__Christensenella_minuta;s__Clostridiales_bacterium_KLE1615;s__Dysosmobacter_sp_Marseille_Q4140;s__Fusobacterium_nucleatum;s__GGB1568_SGB2155;s__GGB3486_SGB4658;s__GGB3828_SGB5197;s__GGB4642_SGB6422;s__GGB4659_SGB6447;s__GGB51269_SGB5061;s__GGB58233_SGB79883;s__GGB9380_SGB14375;s__GGB9603_SGB15035;s__GGB9758_SGB15368;s__GGB9813_SGB15447;s__Gemella_morbillorum;s__Granulicatella_adiacens;s__Haemophilus_haemolyticus;s__Lachnospira_SGB5083;s__Mogibacterium_timidum;s__Parascardovia_denticolens;s__Prevotellamassilia_timonensis;s__Streptococcus_anginosus	0.0047045673254012	0.0087982403519296	True	disease_associated_ranked_topN	other_pairwise	True
top_150	CRA|IBD	2	150|150	1801	12	0.0416666666666666	0.08	12.49305941143809	12.4666	18.0	0.9625719923635956	0.6076187379091178	0.6120775844831033	s__Alistipes_shahii;s__Bifidobacterium_breve;s__Candidatus_Gastranaerophilales_bacterium;s__Clostridiales_bacterium_KLE1615;s__Enterococcus_avium;s__Fusobacterium_nucleatum;s__GGB9667_SGB15164;s__GGB9758_SGB15368;s__Gemella_morbillorum;s__Jilunia_laotingensis;s__Ruminococcus_bicirculans;s__Streptococcus_cristatus	0.9114281068636768	0.9627788727968692	False	disease_associated_ranked_topN	other_pairwise	False
top_150	CRA|IBS	2	150|150	1684	8	0.0273972602739726	0.0533333333333333	13.36104513064133	13.378	19.0	0.5979967110180894	0.968083993528824	0.97000599880024	s__Desulfovibrio_piger;s__GGB2980_SGB3962;s__GGB3828_SGB5197;s__GGB9545_SGB14951;s__Phocaeicola_massiliensis;s__Phocea_massiliensis;s__Streptococcus_mutans;s__Youxingia_wuxianensis	0.968083993528824	1.0	False	disease_associated_ranked_topN	other_ibs_overlap	False
top_150	CRC|IBD	2	150|150	1843	18	0.0638297872340425	0.12	12.208355941399892	12.1838	17.0	1.477371591785814	0.0549641148140051	0.0499900019996	s__Anaerococcus_obesiensis;s__Clostridiales_bacterium_KLE1615;s__Clostridium_symbiosum;s__Dialister_pneumosintes;s__Enterocloster_aldenensis;s__Enterocloster_bolteae;s__Enterocloster_clostridioformis;s__Flavonifractor_plautii;s__Fusobacterium_nucleatum;s__GGB13404_SGB14252;s__GGB4571_SGB6321;s__GGB9758_SGB15368;s__Gemella_morbillorum;s__Gemmiger_formicilis;s__Klebsiella_oxytoca;s__Peptostreptococcus_stomatis;s__Prevotella_buccae;s__Streptococcus_oralis	0.1099282296280103	0.1374725054989002	False	disease_associated_ranked_topN	core_crc_ibd_pair	False
top_150	CRC|IBS	2	150|150	1720	10	0.0344827586206896	0.0666666666666666	13.081395348837209	13.0786	19.0	0.7646078326426377	0.8629378912333441	0.8680263947210558	s__Anaerotignum_faecicola;s__Anaerotruncus_massiliensis;s__Bacteroides_fragilis;s__Clostridium_symbiosum;s__Faecalibacterium_SGB15346;s__GGB13404_SGB14252;s__GGB3828_SGB5197;s__Porphyromonas_asaccharolytica;s__Ruminococcus_torques;s__Streptococcus_thermophilus	0.968083993528824	1.0	False	disease_associated_ranked_topN	ibs_pairwise_claim	False
top_150	IBD|IBS	2	150|150	1443	24	0.0869565217391304	0.16	15.592515592515593	15.6354	22.0	1.534978318431252	0.016167309879746	0.018996200759848	s__Actinomyces_oris;s__Alistipes_finegoldii;s__Alistipes_ihumii;s__Clostridiaceae_bacterium_Marseille_Q4145;s__Clostridium_symbiosum;s__GGB13404_SGB14252;s__GGB2982_SGB3964;s__GGB2998_SGB3989;s__GGB3061_SGB4063;s__GGB3142_SGB4155;s__GGB33586_SGB53517;s__GGB4552_SGB6276;s__GGB6649_SGB9391;s__GGB9253_SGB14198;s__GGB9534_SGB14937;s__GGB9708_SGB15234;s__GGB9712_SGB15244;s__GGB9715_SGB15267;s__GGB9766_SGB15383;s__Lachnospiraceae_bacterium_CLA_AA_H215;s__Lachnospiraceae_bacterium_OM04_12BH;s__Lawsonibacter_SGB15145;s__Streptococcus_parasanguinis;s__Veillonella_parvula	0.0485019296392382	0.0696527361194427	False	disease_associated_ranked_topN	ibs_pairwise_claim	False
top_150	CRA|CRC|IBD	3	150|150|150	1935	4	0.01	0.0266666666666666		0.9122	3.0	4.385003288752467		0.0145970805838832	s__Clostridiales_bacterium_KLE1615;s__Fusobacterium_nucleatum;s__GGB9758_SGB15368;s__Gemella_morbillorum		0.0696527361194427	False	disease_associated_ranked_topN	multi_disease_overlap	False
top_150	CRA|CRC|IBS	3	150|150|150	1871	1	0.0024449877750611	0.0066666666666666		0.9602	3.0	1.0414496979795875		0.6126774645070986	s__GGB3828_SGB5197		0.9627788727968692	False	disease_associated_ranked_topN	other_ibs_overlap	False
top_150	CRA|IBD|IBS	3	150|150|150	1857	0	0.0	0.0		0.9666	3.0	0.0		1.0			1.0	False	disease_associated_ranked_topN	other_ibs_overlap	False
top_150	CRC|IBD|IBS	3	150|150|150	1900	2	0.005	0.0133333333333333		0.9348	3.0	2.139495079161318		0.2327534493101379	s__Clostridium_symbiosum;s__GGB13404_SGB14252		0.5120575884823035	False	disease_associated_ranked_topN	other_ibs_overlap	False
top_150	CRA|CRC|IBD|IBS	4	150|150|150|150	1988	0	0.0	0.0		0.0652	1.0	0.0		1.0			1.0	False	disease_associated_ranked_topN	other_ibs_overlap	False
top_200	CRA|CRC	2	200|200	1817	34	0.0928961748633879	0.17	22.01430930104568	21.8556	29.0	1.5556653672285363	0.0043623992290212	0.0035992801439712	s__Acidaminococcus_massiliensis;s__Alistipes_indistinctus;s__Alistipes_provencensis;s__Anaerostipes_hadrus;s__Bacteroides_nordii;s__Christensenella_minuta;s__Clostridiales_bacterium_KLE1615;s__Dysosmobacter_sp_Marseille_Q4140;s__Fusobacterium_nucleatum;s__GGB1568_SGB2155;s__GGB3001_SGB3992;s__GGB3486_SGB4658;s__GGB3828_SGB5197;s__GGB4588_SGB6347;s__GGB4599_SGB6362;s__GGB4642_SGB6422;s__GGB4659_SGB6447;s__GGB51269_SGB5061;s__GGB58233_SGB79883;s__GGB9380_SGB14375;s__GGB9603_SGB15035;s__GGB9618_SGB15065;s__GGB9758_SGB15368;s__GGB9813_SGB15447;s__Gemella_morbillorum;s__Granulicatella_adiacens;s__Haemophilus_haemolyticus;s__Lachnospira_SGB5083;s__Mogibacterium_timidum;s__Parascardovia_denticolens;s__Peptostreptococcus_stomatis;s__Prevotellamassilia_timonensis;s__Streptococcus_anginosus;s__Streptococcus_thermophilus	0.0130871976870638	0.0131973605278944	True	disease_associated_ranked_topN	other_pairwise	True
top_200	CRA|IBD	2	200|200	1801	26	0.0695187165775401	0.13	22.20988339811216	22.2312	29.0	1.1695275108856025	0.2133835632793551	0.2189562087582483	s__Actinomyces_oris;s__Alistipes_shahii;s__Bifidobacterium_breve;s__Blautia_producta;s__Candidatus_Gastranaerophilales_bacterium;s__Clostridiales_bacterium_KLE1615;s__Clostridium_saccharogumia;s__Enterococcus_avium;s__Enterococcus_faecalis;s__Fusobacterium_nucleatum;s__GGB2982_SGB3964;s__GGB3619_SGB4894;s__GGB4599_SGB6362;s__GGB9618_SGB15065;s__GGB9667_SGB15164;s__GGB9758_SGB15368;s__Gemella_morbillorum;s__Gemella_sanguinis;s__Granulicatella_adiacens;s__Jilunia_laotingensis;s__Klebsiella_pneumoniae;s__Peptostreptococcus_stomatis;s__Ruminococcus_bicirculans;s__Streptococcus_cristatus;s__Streptococcus_infantis;s__Streptococcus_salivarius	0.3200753449190326	0.4014197160567886	False	disease_associated_ranked_topN	other_pairwise	False
top_200	CRA|IBS	2	200|200	1684	19	0.0498687664041994	0.095	23.752969121140143	23.759	31.0	0.7996969569426322	0.8918615375258202	0.8954209158168366	s__Actinomyces_oris;s__Anaerobutyricum_hallii;s__Bifidobacterium_animalis;s__Desulfovibrio_piger;s__GGB2980_SGB3962;s__GGB2982_SGB3964;s__GGB3828_SGB5197;s__GGB9342_SGB14306;s__GGB9347_SGB14313;s__GGB9545_SGB14951;s__GGB9636_SGB15107;s__Paraprevotella_clara;s__Phocaeicola_massiliensis;s__Phocea_massiliensis;s__Streptococcus_constellatus;s__Streptococcus_mutans;s__Streptococcus_salivarius;s__Streptococcus_thermophilus;s__Youxingia_wuxianensis	0.8918615375258202	0.9849630073985204	False	disease_associated_ranked_topN	other_ibs_overlap	False
top_200	CRC|IBD	2	200|200	1843	37	0.1019283746556473	0.185	21.70374389582203	21.7428	29.0	1.7017127508876502	0.0004152487619358	0.0007998400319936	s__Actinomyces_SGB17132;s__Aggregatibacter_segnis;s__Anaerococcus_obesiensis;s__Bacteroides_fragilis;s__Candidatus_Cibionibacter_quicibialis;s__Clostridiales_bacterium_KLE1615;s__Clostridium_scindens;s__Clostridium_symbiosum;s__Dialister_pneumosintes;s__Enterocloster_aldenensis;s__Enterocloster_bolteae;s__Enterocloster_clostridioformis;s__Eubacterium_ventriosum;s__Flavonifractor_plautii;s__Fusicatenibacter_sp_CLA_AA_H277;s__Fusobacterium_nucleatum;s__GGB13404_SGB14252;s__GGB4552_SGB6276;s__GGB4571_SGB6321;s__GGB4578_SGB6328;s__GGB4599_SGB6362;s__GGB4604_SGB6370;s__GGB9616_SGB15051;s__GGB9618_SGB15065;s__GGB9758_SGB15368;s__Gemella_morbillorum;s__Gemmiger_formicilis;s__Granulicatella_adiacens;s__Jutongia_huaianensis;s__Klebsiella_oxytoca;s__Lancefieldella_parvula;s__Megasphaera_micronuciformis;s__Peptostreptococcus_stomatis;s__Prevotella_buccae;s__Streptococcus_mitis;s__Streptococcus_oralis;s__Veillonella_parvula	0.0024914925716152	0.0087982403519296	True	disease_associated_ranked_topN	core_crc_ibd_pair	True
top_200	CRC|IBS	2	200|200	1720	20	0.0526315789473684	0.1	23.25581395348837	23.2112	30.0	0.861652995105811	0.8095809641691052	0.7992401519696061	s__Anaerotignum_faecicola;s__Anaerotruncus_massiliensis;s__Bacteroides_fragilis;s__Butyricimonas_virosa;s__Clostridium_scindens;s__Clostridium_symbiosum;s__Faecalibacterium_SGB15346;s__GGB13404_SGB14252;s__GGB34900_SGB14891;s__GGB3828_SGB5197;s__GGB4552_SGB6276;s__GGB9781_SGB15402;s__GGB9781_SGB66170;s__Porphyromonas_asaccharolytica;s__Ruminococcus_champanellensis;s__Ruminococcus_torques;s__Ruthenibacterium_lactatiformans;s__Streptococcus_lutetiensis;s__Streptococcus_thermophilus;s__Veillonella_parvula	0.8918615375258202	0.9768490746295186	False	disease_associated_ranked_topN	ibs_pairwise_claim	False
top_200	IBD|IBS	2	200|200	1443	39	0.1080332409972299	0.195	27.72002772002772	27.763	35.0	1.404747325577207	0.0106592740703345	0.0115976804639072	s__Actinomyces_oris;s__Alistipes_communis;s__Alistipes_finegoldii;s__Alistipes_ihumii;s__Bacteroides_fragilis;s__Clostridiaceae_bacterium_Marseille_Q4145;s__Clostridiaceae_unclassified_SGB15090;s__Clostridium_scindens;s__Clostridium_symbiosum;s__Eubacterium_sp_AF34_35BH;s__GGB13404_SGB14252;s__GGB2982_SGB3964;s__GGB2998_SGB3989;s__GGB3061_SGB4063;s__GGB3142_SGB4155;s__GGB33586_SGB53517;s__GGB3653_SGB4964;s__GGB4552_SGB6276;s__GGB51959_SGB72479;s__GGB6649_SGB9391;s__GGB9253_SGB14198;s__GGB9534_SGB14937;s__GGB9559_SGB14969;s__GGB9614_SGB15049;s__GGB9620_SGB15070;s__GGB9708_SGB15234;s__GGB9712_SGB15244;s__GGB9715_SGB15267;s__GGB9759_SGB15370;s__GGB9760_SGB15374;s__GGB9766_SGB15383;s__GGB9767_SGB15385;s__Lachnospiraceae_bacterium_CLA_AA_H215;s__Lachnospiraceae_bacterium_OM04_12BH;s__Lactobacillus_gasseri;s__Lawsonibacter_SGB15145;s__Streptococcus_parasanguinis;s__Streptococcus_salivarius;s__Veillonella_parvula	0.021318548140669	0.0318936212757448	True	disease_associated_ranked_topN	ibs_pairwise_claim	True
top_200	CRA|CRC|IBD	3	200|200|200	1935	8	0.0156555772994129	0.04		2.1364	5.0	3.744617112900206		0.0017996400719856	s__Clostridiales_bacterium_KLE1615;s__Fusobacterium_nucleatum;s__GGB4599_SGB6362;s__GGB9618_SGB15065;s__GGB9758_SGB15368;s__Gemella_morbillorum;s__Granulicatella_adiacens;s__Peptostreptococcus_stomatis		0.0098980203959208	True	disease_associated_ranked_topN	multi_disease_overlap	True
top_200	CRA|CRC|IBS	3	200|200|200	1871	2	0.0037807183364839	0.01		2.26	5.0	0.8849557522123894		0.6672665466906619	s__GGB3828_SGB5197;s__Streptococcus_thermophilus		0.91749150169966	False	disease_associated_ranked_topN	other_ibs_overlap	False
top_200	CRA|IBD|IBS	3	200|200|200	1857	3	0.0057803468208092	0.015		2.3342	5.0	1.2852369120041127		0.4169166166766647	s__Actinomyces_oris;s__GGB2982_SGB3964;s__Streptococcus_salivarius		0.6551546833490445	False	disease_associated_ranked_topN	other_ibs_overlap	False
top_200	CRC|IBD|IBS	3	200|200|200	1900	6	0.0117647058823529	0.03		2.2102	5.0	2.714686453714596		0.0225954809038192	s__Bacteroides_fragilis;s__Clostridium_scindens;s__Clostridium_symbiosum;s__GGB13404_SGB14252;s__GGB4552_SGB6276;s__Veillonella_parvula		0.0497100579884023	True	disease_associated_ranked_topN	other_ibs_overlap	True
top_200	CRA|CRC|IBD|IBS	4	200|200|200|200	1988	0	0.0	0.0		0.2048	1.0	0.0		1.0			1.0	False	disease_associated_ranked_topN	other_ibs_overlap	False
top_300	CRA|CRC	2	300|300	1817	67	0.1257035647279549	0.2233333333333333	49.53219592735278	49.6558	60.0	1.3492885020480991	0.0024901169800502	0.0033993201359728	s__Acidaminococcus_massiliensis;s__Alistipes_indistinctus;s__Alistipes_provencensis;s__Anaerostipes_hadrus;s__Anaerotignum_faecicola;s__Bacteroides_caccae;s__Bacteroides_nordii;s__Christensenella_minuta;s__Cloacibacillus_porcorum;s__Clostridiaceae_bacterium;s__Clostridiales_bacterium_KLE1615;s__Clostridium_sp_AF12_28;s__Dialister_pneumosintes;s__Dysosmobacter_sp_Marseille_Q4140;s__Enterococcus_durans;s__Eubacterium_ventriosum;s__Fusicatenibacter_saccharivorans;s__Fusobacterium_nucleatum;s__GGB1568_SGB2155;s__GGB3001_SGB3992;s__GGB3281_SGB4335;s__GGB3304_SGB4367;s__GGB3433_SGB4574;s__GGB34797_SGB14322;s__GGB3486_SGB4658;s__GGB3818_SGB5183;s__GGB3828_SGB5197;s__GGB40351_SGB14301;s__GGB4578_SGB6328;s__GGB4588_SGB6347;s__GGB4599_SGB6362;s__GGB4642_SGB6422;s__GGB4659_SGB6447;s__GGB4717_SGB6533;s__GGB4769_SGB6602;s__GGB51269_SGB5061;s__GGB51441_SGB71759;s__GGB58233_SGB79883;s__GGB9061_SGB13979;s__GGB9117_SGB14050;s__GGB9380_SGB14375;s__GGB9597_SGB15022;s__GGB9603_SGB15035;s__GGB9616_SGB15051;s__GGB9618_SGB15065;s__GGB9719_SGB15273;s__GGB9758_SGB15368;s__GGB9813_SGB15447;s__Gemella_morbillorum;s__Granulicatella_adiacens;s__Haemophilus_haemolyticus;s__Jingyaoa_shaoxingensis;s__Jutongia_hominis;s__Lachnospira_SGB5083;s__Lachnospira_eligens;s__Lachnospiraceae_bacterium_OF09_6;s__Megasphaera_micronuciformis;s__Mogibacterium_timidum;s__Parascardovia_denticolens;s__Peptostreptococcus_stomatis;s__Prevotellamassilia_timonensis;s__Raoultella_ornithinolytica;s__Streptococcus_anginosus;s__Streptococcus_constellatus;s__Streptococcus_cristatus;s__Streptococcus_infantis;s__Streptococcus_thermophilus	0.0074703509401507	0.0093481303739252	True	disease_associated_ranked_topN	other_pairwise	True
top_300	CRA|IBD	2	300|300	1801	62	0.1152416356877323	0.2066666666666666	49.97223764575236	49.8652	59.0	1.2433520772001314	0.0271071098026143	0.025994801039792	s__Actinomyces_graevenitzii;s__Actinomyces_naeslundii;s__Actinomyces_oris;s__Alistipes_shahii;s__Anaeroglobus_geminatus;s__Bifidobacterium_animalis;s__Bifidobacterium_breve;s__Blautia_producta;s__Candidatus_Gastranaerophilales_bacterium;s__Christensenella_minuta;s__Clostridiales_bacterium_KLE1615;s__Clostridium_saccharogumia;s__Desulfovibrio_piger;s__Dialister_pneumosintes;s__Enterococcus_avium;s__Enterococcus_faecalis;s__Enterococcus_faecium;s__Eubacterium_ventriosum;s__Fusobacterium_nucleatum;s__GGB2982_SGB3964;s__GGB3001_SGB3992;s__GGB32900_SGB53446;s__GGB3619_SGB4894;s__GGB4578_SGB6328;s__GGB4599_SGB6362;s__GGB4651_SGB6438;s__GGB9198_SGB14137;s__GGB9347_SGB14313;s__GGB9545_SGB14951;s__GGB9597_SGB15022;s__GGB9616_SGB15051;s__GGB9618_SGB15065;s__GGB9667_SGB15164;s__GGB9712_SGB15244;s__GGB9715_SGB15260;s__GGB9724_SGB15278;s__GGB9758_SGB15368;s__Gemella_morbillorum;s__Gemella_sanguinis;s__Granulicatella_adiacens;s__Intestinibacter_bartlettii;s__Jilunia_laotingensis;s__Klebsiella_pneumoniae;s__Klebsiella_quasipneumoniae;s__Lacticaseibacillus_paracasei;s__Lactobacillus_acidophilus;s__Lactococcus_lactis;s__Ligaoa_zhengdingensis;s__Megasphaera_micronuciformis;s__Oscillibacter_sp_ER4;s__Parabacteroides_faecis;s__Peptostreptococcus_stomatis;s__Rubneribacter_badeniensis;s__Ruminococcus_bicirculans;s__Scardovia_wiggsiae;s__Schaalia_SGB17153;s__Schaalia_SGB17158;s__Streptococcus_anginosus;s__Streptococcus_cristatus;s__Streptococcus_infantis;s__Streptococcus_salivarius;s__Streptococcus_sanguinis	0.0431860857647254	0.0520562554155835	False	disease_associated_ranked_topN	other_pairwise	False
top_300	CRA|IBS	2	300|238	1684	35	0.0695825049701789	0.1470588235294117	42.39904988123516	42.3842	52.0	0.8257794178019168	0.9280380911543994	0.9236152769446112	s__Actinomyces_oris;s__Anaerobutyricum_hallii;s__Anaerostipes_hadrus;s__Anaerotignum_faecicola;s__Anaerotignum_sp_MSJ_24;s__Anaerotruncus_rubiinfantis;s__Bacteroides_mediterraneensis;s__Bifidobacterium_animalis;s__Blautia_caecimuris;s__Blautia_wexlerae;s__Clostridium_spiroforme;s__Desulfovibrio_piger;s__GGB2848_SGB3813;s__GGB2980_SGB3962;s__GGB2982_SGB3964;s__GGB3828_SGB5197;s__GGB45432_SGB63101;s__GGB9302_SGB14263;s__GGB9342_SGB14306;s__GGB9347_SGB14313;s__GGB9545_SGB14951;s__GGB9636_SGB15107;s__GGB9712_SGB15244;s__GGB9719_SGB15272;s__GGB9782_SGB15403;s__Hydrogenoanaerobacterium_saccharovorans;s__Jingyaoa_shaoxingensis;s__Paraprevotella_clara;s__Phocaeicola_massiliensis;s__Phocea_massiliensis;s__Streptococcus_constellatus;s__Streptococcus_mutans;s__Streptococcus_salivarius;s__Streptococcus_thermophilus;s__Youxingia_wuxianensis	0.9280380911543994	1.0	False	disease_associated_ranked_topN	other_ibs_overlap	False
top_300	CRC|IBD	2	300|300	1843	75	0.1428571428571428	0.25	48.83342376559957	48.9114	59.0	1.5333848550644635	1.3375631030686804e-05	0.0001999600079984	s__Actinomyces_SGB17132;s__Actinomyces_sp_ph3;s__Adlercreutzia_equolifaciens;s__Aggregatibacter_segnis;s__Alistipes_finegoldii;s__Anaerococcus_obesiensis;s__Bacteroides_fragilis;s__Brotolimicola_acetigignens;s__Candidatus_Cibionibacter_quicibialis;s__Christensenella_minuta;s__Christensenella_sp_Marseille_P3954;s__Clostridiaceae_bacterium_Marseille_Q4145;s__Clostridiales_bacterium_KLE1615;s__Clostridium_scindens;s__Clostridium_sp_AM49_4BH;s__Clostridium_symbiosum;s__Dialister_pneumosintes;s__Enterocloster_aldenensis;s__Enterocloster_bolteae;s__Enterocloster_clostridioformis;s__Enterocloster_lavalensis;s__Escherichia_coli;s__Eubacterium_sp_AF34_35BH;s__Eubacterium_ventriosum;s__Flavonifractor_plautii;s__Fusicatenibacter_sp_CLA_AA_H277;s__Fusobacterium_mortiferum;s__Fusobacterium_nucleatum;s__Fusobacterium_periodonticum;s__GGB13404_SGB14252;s__GGB2970_SGB3952;s__GGB2998_SGB3988;s__GGB3001_SGB3992;s__GGB3033_SGB4029;s__GGB3175_SGB4191;s__GGB3345_SGB4425;s__GGB3653_SGB4964;s__GGB38239_SGB47716;s__GGB4552_SGB6276;s__GGB4571_SGB6321;s__GGB4578_SGB6328;s__GGB4584_SGB6338;s__GGB4599_SGB6362;s__GGB4604_SGB6370;s__GGB4684_SGB6478;s__GGB51269_SGB5062;s__GGB6470_SGB9153;s__GGB9253_SGB14198;s__GGB9512_SGB14909;s__GGB9597_SGB15022;s__GGB9616_SGB15051;s__GGB9618_SGB15065;s__GGB9758_SGB15368;s__GGB9760_SGB15373;s__Gemella_morbillorum;s__Gemmiger_formicilis;s__Granulicatella_adiacens;s__Jutongia_huaianensis;s__Klebsiella_oxytoca;s__Lachnospira_sp_NSJ_43;s__Lachnospiraceae_bacterium_CLA_AA_H215;s__Lacticaseibacillus_rhamnosus;s__Lancefieldella_parvula;s__Megasphaera_micronuciformis;s__Mogibacterium_kristiansenii;s__Peptostreptococcus_stomatis;s__Prevotella_buccae;s__Ruminococcus_gnavus;s__Streptococcus_anginosus;s__Streptococcus_cristatus;s__Streptococcus_infantis;s__Streptococcus_mitis;s__Streptococcus_oralis;s__Tyzzerella_nexilis;s__Veillonella_parvula	8.025378618412082e-05	0.0021995600879824	True	disease_associated_ranked_topN	core_crc_ibd_pair	True
top_300	CRC|IBS	2	300|238	1720	43	0.0868686868686868	0.180672268907563	41.51162790697674	41.5668	51.0	1.034479440322565	0.4223839256760822	0.4193161367726454	s__Alistipes_finegoldii;s__Anaerostipes_hadrus;s__Anaerotignum_faecicola;s__Anaerotruncus_massiliensis;s__Bacteroides_fragilis;s__Bacteroides_thetaiotaomicron;s__Blautia_hydrogenotrophica;s__Butyricimonas_virosa;s__Clostridiaceae_bacterium_Marseille_Q4145;s__Clostridium_scindens;s__Clostridium_symbiosum;s__Eisenbergiella_massiliensis;s__Eubacterium_rectale;s__Eubacterium_sp_AF34_35BH;s__Faecalibacterium_SGB15346;s__Faecalibacterium_prausnitzii;s__Flavonifractor_plautii;s__GGB13404_SGB14252;s__GGB2970_SGB3952;s__GGB34900_SGB14891;s__GGB3653_SGB4964;s__GGB3740_SGB5076;s__GGB3828_SGB5197;s__GGB4552_SGB6276;s__GGB87445_SGB15180;s__GGB9253_SGB14198;s__GGB9512_SGB14909;s__GGB9781_SGB15402;s__GGB9781_SGB66170;s__Jingyaoa_shaoxingensis;s__Lachnospira_pectinoschiza;s__Lachnospiraceae_bacterium_CLA_AA_H215;s__Methanobrevibacter_smithii;s__Odoribacter_splanchnicus;s__Porphyromonas_asaccharolytica;s__Ruminococcus_champanellensis;s__Ruminococcus_torques;s__Ruthenibacterium_lactatiformans;s__Streptococcus_constellatus;s__Streptococcus_lutetiensis;s__Streptococcus_thermophilus;s__Veillonella_parvula;s__Zhenpiania_hominis	0.5068607108112987	0.5765596880623876	False	disease_associated_ranked_topN	ibs_pairwise_claim	False
top_300	IBD|IBS	2	300|238	1443	61	0.1278825995807128	0.2563025210084033	49.48024948024948	49.4386	59.0	1.2338537094497013	0.0287907238431502	0.0283943211357728	s__Actinomyces_oris;s__Alistipes_communis;s__Alistipes_finegoldii;s__Alistipes_ihumii;s__Alistipes_sp_AF17_16;s__Bacteroides_congonensis;s__Bacteroides_fragilis;s__Bifidobacterium_animalis;s__Clostridiaceae_bacterium_Marseille_Q4145;s__Clostridiaceae_unclassified_SGB15090;s__Clostridium_scindens;s__Clostridium_symbiosum;s__Desulfovibrio_piger;s__Eggerthella_lenta;s__Eubacterium_sp_AF34_35BH;s__Flavonifractor_plautii;s__GGB13404_SGB14252;s__GGB2653_SGB3574;s__GGB2970_SGB3952;s__GGB2982_SGB3964;s__GGB2998_SGB3989;s__GGB3061_SGB4063;s__GGB3142_SGB4155;s__GGB33586_SGB53517;s__GGB3653_SGB4964;s__GGB4552_SGB6276;s__GGB51647_SGB4348;s__GGB51959_SGB72479;s__GGB58158_SGB79798;s__GGB6649_SGB9391;s__GGB9253_SGB14198;s__GGB9347_SGB14313;s__GGB9365_SGB14341;s__GGB9512_SGB14909;s__GGB9534_SGB14937;s__GGB9545_SGB14951;s__GGB9559_SGB14969;s__GGB9614_SGB15049;s__GGB9620_SGB15070;s__GGB9627_SGB15081;s__GGB9640_SGB15115;s__GGB9708_SGB15234;s__GGB9712_SGB15244;s__GGB9715_SGB15265;s__GGB9715_SGB15267;s__GGB9759_SGB15370;s__GGB9760_SGB15374;s__GGB9766_SGB15383;s__GGB9767_SGB15385;s__Haemophilus_parainfluenzae;s__Lachnospiraceae_bacterium_CLA_AA_H215;s__Lachnospiraceae_bacterium_OM04_12BH;s__Lactobacillus_gasseri;s__Lawsonibacter_SGB15145;s__Oscillibacter_valericigenes;s__Oscillospiraceae_bacterium_CLA_AA_H250;s__Ruminococcus_lactaris;s__Streptococcus_parasanguinis;s__Streptococcus_salivarius;s__Veillonella_parvula;s__Veillonella_rogosae	0.0431860857647254	0.0520562554155835	False	disease_associated_ranked_topN	ibs_pairwise_claim	False
top_300	CRA|CRC|IBD	3	300|300|300	1935	19	0.0265734265734265	0.0633333333333333		7.2022	12.0	2.63808280803088		0.0003999200159968	s__Christensenella_minuta;s__Clostridiales_bacterium_KLE1615;s__Dialister_pneumosintes;s__Eubacterium_ventriosum;s__Fusobacterium_nucleatum;s__GGB3001_SGB3992;s__GGB4578_SGB6328;s__GGB4599_SGB6362;s__GGB9597_SGB15022;s__GGB9616_SGB15051;s__GGB9618_SGB15065;s__GGB9758_SGB15368;s__Gemella_morbillorum;s__Granulicatella_adiacens;s__Megasphaera_micronuciformis;s__Peptostreptococcus_stomatis;s__Streptococcus_anginosus;s__Streptococcus_cristatus;s__Streptococcus_infantis		0.0021995600879824	True	disease_associated_ranked_topN	multi_disease_overlap	True
top_300	CRA|CRC|IBS	3	300|300|238	1871	6	0.0085836909871244	0.0252100840336134		6.1696	10.0	0.9725103734439834		0.5894821035792841	s__Anaerostipes_hadrus;s__Anaerotignum_faecicola;s__GGB3828_SGB5197;s__Jingyaoa_shaoxingensis;s__Streptococcus_constellatus;s__Streptococcus_thermophilus		0.7204781265969028	False	disease_associated_ranked_topN	other_ibs_overlap	False
top_300	CRA|IBD|IBS	3	300|300|238	1857	8	0.0116279069767441	0.0336134453781512		6.1972	10.0	1.2909055702575358		0.2759448110377924	s__Actinomyces_oris;s__Bifidobacterium_animalis;s__Desulfovibrio_piger;s__GGB2982_SGB3964;s__GGB9347_SGB14313;s__GGB9545_SGB14951;s__GGB9712_SGB15244;s__Streptococcus_salivarius		0.4336275602022453	False	disease_associated_ranked_topN	other_ibs_overlap	False
top_300	CRC|IBD|IBS	3	300|300|238	1900	15	0.0222551928783382	0.0630252100840336		5.94	10.0	2.525252525252525		0.0013997200559888	s__Alistipes_finegoldii;s__Bacteroides_fragilis;s__Clostridiaceae_bacterium_Marseille_Q4145;s__Clostridium_scindens;s__Clostridium_symbiosum;s__Eubacterium_sp_AF34_35BH;s__Flavonifractor_plautii;s__GGB13404_SGB14252;s__GGB2970_SGB3952;s__GGB3653_SGB4964;s__GGB4552_SGB6276;s__GGB9253_SGB14198;s__GGB9512_SGB14909;s__Lachnospiraceae_bacterium_CLA_AA_H215;s__Veillonella_parvula		0.0051323068719589	True	disease_associated_ranked_topN	other_ibs_overlap	True
top_300	CRA|CRC|IBD|IBS	4	300|300|300|238	1988	0	0.0	0.0		0.8132	2.0	0.0		1.0			1.0	False	disease_associated_ranked_topN	other_ibs_overlap	False
top_500	CRA|CRC	2	500|500	1817	190	0.2345679012345679	0.38	137.5894331315355	137.6874	152.0	1.3799374525192574	1.0124418451850303e-09	0.0001999600079984	s__Abiotrophia_defectiva;s__Acidaminococcus_massiliensis;s__Alistipes_finegoldii;s__Alistipes_ihumii;s__Alistipes_indistinctus;s__Alistipes_provencensis;s__Allisonella_histaminiformans;s__Amedibacterium_intestinale;s__Anaerostipes_hadrus;s__Anaerotignum_faecicola;s__Anaerotruncus_colihominis;s__Anaerotruncus_massiliensis;s__Anaerotruncus_rubiinfantis;s__Angelakisella_massiliensis;s__Bacteroides_caccae;s__Bacteroides_cellulosilyticus;s__Bacteroides_mediterraneensis;s__Bacteroides_nordii;s__Bacteroides_pectinophilus;s__Bacteroides_salyersiae;s__Bifidobacterium_animalis;s__Blautia_wexlerae;s__Butyricicoccus_intestinisimiae;s__Butyricimonas_virosa;s__Candidatus_Nanosynsacchari_sp_TM7_ANC_38_39_G1_1;s__Christensenella_minuta;s__Cloacibacillus_evryensis;s__Cloacibacillus_porcorum;s__Clostridiaceae_bacterium;s__Clostridiales_bacterium_KLE1615;s__Clostridium_SGB6177;s__Clostridium_saccharogumia;s__Clostridium_sp_AF12_28;s__Clostridium_sp_AF36_4;s__Clostridium_sp_AM33_3;s__Clostridium_sp_AM42_4;s__Clostridium_sp_D5;s__Colidextribacter_sp_210702_DFI_3_9;s__Dialister_hominis;s__Dialister_pneumosintes;s__Diplocloster_agilis;s__Dysosmobacter_sp_Marseille_Q4140;s__Dysosmobacter_welbionis;s__Eisenbergiella_massiliensis;s__Eisenbergiella_tayi;s__Enorma_massiliensis;s__Enterococcus_durans;s__Escherichia_coli;s__Eubacterium_brachy;s__Eubacterium_ventriosum;s__Faecalitalea_cylindroides;s__Fumia_xinanensis;s__Fusicatenibacter_saccharivorans;s__Fusicatenibacter_sp_CLA_AA_H277;s__Fusobacterium_nucleatum;s__Fusobacterium_ulcerans;s__GGB1146_SGB1472;s__GGB1332_SGB1789;s__GGB1568_SGB2155;s__GGB2653_SGB3574;s__GGB27106_SGB6188;s__GGB2977_SGB3959;s__GGB2987_SGB3969;s__GGB2998_SGB3988;s__GGB3001_SGB3992;s__GGB3033_SGB4029;s__GGB3034_SGB4030;s__GGB3052_SGB4053;s__GGB3167_SGB4181;s__GGB3175_SGB4191;s__GGB3281_SGB4335;s__GGB3288_SGB4342;s__GGB3304_SGB4367;s__GGB33512_SGB15201;s__GGB3433_SGB4574;s__GGB34797_SGB14322;s__GGB3486_SGB4658;s__GGB3511_SGB4688;s__GGB3538_SGB4728;s__GGB3550_SGB4746;s__GGB3583_SGB4799;s__GGB3717_SGB5040;s__GGB3740_SGB5076;s__GGB3817_SGB5182;s__GGB3818_SGB5183;s__GGB3828_SGB5197;s__GGB40351_SGB14301;s__GGB42639_SGB59836;s__GGB45432_SGB63101;s__GGB45491_SGB63163;s__GGB45540_SGB63220;s__GGB45596_SGB63306;s__GGB4578_SGB6328;s__GGB4583_SGB6334;s__GGB4584_SGB6338;s__GGB4588_SGB6347;s__GGB4599_SGB6362;s__GGB4642_SGB6422;s__GGB4651_SGB6438;s__GGB4659_SGB6447;s__GGB4699_SGB6503;s__GGB4710_SGB6522;s__GGB4717_SGB6533;s__GGB4750_SGB6579;s__GGB4769_SGB6602;s__GGB51269_SGB5061;s__GGB51441_SGB71759;s__GGB58233_SGB79883;s__GGB6002_SGB8625;s__GGB87445_SGB15180;s__GGB8965_SGB13825;s__GGB9061_SGB13979;s__GGB9088_SGB14017;s__GGB9091_SGB14020;s__GGB9117_SGB14050;s__GGB9199_SGB14138;s__GGB9239_SGB14181;s__GGB9296_SGB14253;s__GGB9299_SGB14259;s__GGB9365_SGB14342;s__GGB9370_SGB14351;s__GGB9380_SGB14375;s__GGB9474_SGB14868;s__GGB9512_SGB14909;s__GGB9561_SGB14972;s__GGB9597_SGB15022;s__GGB9603_SGB15035;s__GGB9608_SGB15041;s__GGB9616_SGB15051;s__GGB9618_SGB15065;s__GGB9620_SGB15068;s__GGB9667_SGB15164;s__GGB9694_SGB15204;s__GGB9695_SGB15210;s__GGB9695_SGB15211;s__GGB9712_SGB15244;s__GGB9719_SGB15273;s__GGB9758_SGB15368;s__GGB9775_SGB15395;s__GGB9782_SGB15403;s__GGB9813_SGB15447;s__Gemella_morbillorum;s__Gemella_sanguinis;s__Granulicatella_adiacens;s__Haemophilus_haemolyticus;s__Holdemania_filiformis;s__Hydrogenoanaerobacterium_SGB53821;s__Intestinimonas_timonensis;s__Jilunia_laotingensis;s__Jingyaoa_shaoxingensis;s__Jutongia_hominis;s__Klebsiella_michiganensis;s__Klebsiella_quasipneumoniae;s__Lachnospira_SGB5083;s__Lachnospira_eligens;s__Lachnospira_sp_NSJ_43;s__Lachnospiraceae_bacterium_OF09_6;s__Lachnotalea_sp_AF33_28;s__Lancefieldella_rimae;s__Mediterraneibacter_SGB48424;s__Megasphaera_micronuciformis;s__Megasphaera_sp_NM10;s__Mogibacterium_timidum;s__Neglectibacter_timonensis;s__Parabacteroides_gordonii;s__Parascardovia_denticolens;s__Peptostreptococcus_stomatis;s__Phocea_massiliensis;s__Prevotellamassilia_timonensis;s__Provencibacterium_massiliense;s__Pseudoflavonifractor_phocaeensis;s__Pyramidobacter_piscolens;s__Raoultella_ornithinolytica;s__Roseburia_sp_AM23_20;s__Ruthenibacterium_lactatiformans;s__Scardovia_wiggsiae;s__Segatella_hominis;s__Solobacterium_SGB6829;s__Streptococcus_anginosus;s__Streptococcus_constellatus;s__Streptococcus_cristatus;s__Streptococcus_infantis;s__Streptococcus_lutetiensis;s__Streptococcus_oralis;s__Streptococcus_sp_F0442;s__Streptococcus_thermophilus;s__Sutterella_wadsworthensis;s__Turicibacter_sanguinis;s__Veillonella_dispar;s__Zhenpiania_hominis	6.074651071110183e-09	0.000366593347997	True	disease_associated_ranked_topN	other_pairwise	True
top_500	CRA|IBD	2	500|500	1801	185	0.2269938650306748	0.37	138.811771238201	138.7722	153.0	1.3331200341278728	6.34238558223181e-08	0.0001999600079984	s__Actinomyces_graevenitzii;s__Actinomyces_naeslundii;s__Actinomyces_oris;s__Actinomyces_sp_ICM47;s__Actinomyces_sp_oral_taxon_448;s__Alistipes_finegoldii;s__Alistipes_ihumii;s__Alistipes_shahii;s__Alistipes_sp_AF17_16;s__Amedibacillus_dolichus;s__Amedibacterium_intestinale;s__Anaerobutyricum_hallii;s__Anaerofustis_stercorihominis;s__Anaeroglobus_geminatus;s__Anaerostipes_caccae;s__Anaerotignum_sp_MSJ_24;s__Anaerotruncus_rubiinfantis;s__Bacteroides_salyersiae;s__Bianquea_renquensis;s__Bifidobacterium_animalis;s__Bifidobacterium_breve;s__Blautia_SGB4815;s__Blautia_caecimuris;s__Blautia_producta;s__Blautia_sp_OF03_15BH;s__Butyricimonas_faecalis;s__Butyricimonas_synergistica;s__Butyricimonas_virosa;s__Candidatus_Gastranaerophilales_bacterium;s__Candidatus_Nanosynsacchari_sp_TM7_ANC_38_39_G1_1;s__Christensenella_minuta;s__Citrobacter_freundii;s__Cloacibacillus_porcorum;s__Clostridiaceae_bacterium;s__Clostridiaceae_bacterium_AF18_31LB;s__Clostridiaceae_unclassified_SGB15090;s__Clostridiaceae_unclassified_SGB4771;s__Clostridiales_bacterium_KLE1615;s__Clostridium_paraputrificum;s__Clostridium_perfringens;s__Clostridium_saccharogumia;s__Clostridium_sp_AF36_4;s__Clostridium_sp_AM33_3;s__Clostridium_sp_D5;s__Collinsella_stercoris;s__Desulfovibrio_piger;s__Dialister_pneumosintes;s__Diplocloster_modestus;s__Eggerthella_lenta;s__Eisenbergiella_massiliensis;s__Enterocloster_asparagiformis;s__Enterococcus_avium;s__Enterococcus_faecalis;s__Enterococcus_faecium;s__Escherichia_coli;s__Escherichia_marmotae;s__Eubacterium_ventriosum;s__Frisingicoccus_SGB4674;s__Frisingicoccus_caecimuris;s__Fusicatenibacter_sp_CLA_AA_H277;s__Fusobacterium_nucleatum;s__Fusobacterium_ulcerans;s__GGB13489_SGB15224;s__GGB2653_SGB3574;s__GGB2848_SGB3813;s__GGB2977_SGB3959;s__GGB2982_SGB3964;s__GGB2998_SGB3988;s__GGB3001_SGB3992;s__GGB3032_SGB4027;s__GGB3033_SGB4029;s__GGB3175_SGB4191;s__GGB32900_SGB53446;s__GGB33539_SGB53381;s__GGB3497_SGB4672;s__GGB3534_SGB4722;s__GGB3538_SGB4728;s__GGB3569_SGB4776;s__GGB3619_SGB4894;s__GGB3817_SGB5182;s__GGB4456_SGB6141;s__GGB4578_SGB6328;s__GGB4583_SGB6334;s__GGB4584_SGB6338;s__GGB4599_SGB6362;s__GGB4605_SGB6376;s__GGB4651_SGB6438;s__GGB4745_SGB6571;s__GGB52130_SGB14966;s__GGB9115_SGB14048;s__GGB9198_SGB14137;s__GGB9291_SGB14248;s__GGB9296_SGB14253;s__GGB9299_SGB14259;s__GGB9347_SGB14313;s__GGB9359_SGB14334;s__GGB9501_SGB14898;s__GGB9512_SGB14909;s__GGB9534_SGB14937;s__GGB9545_SGB14951;s__GGB9580_SGB14996;s__GGB9580_SGB14998;s__GGB9597_SGB15022;s__GGB9608_SGB15041;s__GGB9611_SGB15045;s__GGB9616_SGB15051;s__GGB9618_SGB15065;s__GGB9620_SGB15068;s__GGB9621_SGB15073;s__GGB9667_SGB15164;s__GGB9708_SGB15234;s__GGB9712_SGB15244;s__GGB9715_SGB15260;s__GGB9724_SGB15278;s__GGB9737_SGB15309;s__GGB9758_SGB15368;s__GGB9775_SGB15395;s__GGB9787_SGB15410;s__GGB9813_SGB15447;s__GGB9818_SGB15459;s__Gemella_morbillorum;s__Gemella_sanguinis;s__Granulicatella_adiacens;s__Haemophilus_haemolyticus;s__Haemophilus_sputorum;s__Intestinibacter_bartlettii;s__Intestinimonas_gabonensis;s__Intestinimonas_timonensis;s__Jilunia_laotingensis;s__Jingyaoa_shaoxingensis;s__Klebsiella_pneumoniae;s__Klebsiella_quasipneumoniae;s__Lachnoclostridium_sp_An14;s__Lachnospira_SGB5083;s__Lachnospira_sp_NSJ_43;s__Lacticaseibacillus_paracasei;s__Lactobacillus_acidophilus;s__Lactobacillus_gasseri;s__Lactococcus_lactis;s__Lawsonibacter_faecis;s__Ligaoa_zhengdingensis;s__Ligilactobacillus_salivarius;s__Limosilactobacillus_fermentum;s__Limosilactobacillus_mucosae;s__Mediterraneibacter_SGB48424;s__Megasphaera_massiliensis;s__Megasphaera_micronuciformis;s__Oribacterium_sinus;s__Oscillibacter_sp_ER4;s__Oscillibacter_sp_PC13;s__Oscillibacter_valericigenes;s__Oxalobacter_formigenes;s__Parabacteroides_faecis;s__Peptostreptococcus_stomatis;s__Phascolarctobacterium_succinatutens;s__Phocaeicola_plebeius;s__Romboutsia_timonensis;s__Roseburia_inulinivorans;s__Rothia_SGB49305;s__Rubneribacter_badeniensis;s__Ruminococcus_bicirculans;s__Ruminococcus_bromii;s__Scardovia_wiggsiae;s__Schaalia_SGB17153;s__Schaalia_SGB17158;s__Senegalimassilia_SGB14826;s__Senegalimassilia_anaerobia;s__Solobacterium_SGB6829;s__Streptococcus_anginosus;s__Streptococcus_australis;s__Streptococcus_constellatus;s__Streptococcus_cristatus;s__Streptococcus_gallolyticus;s__Streptococcus_infantis;s__Streptococcus_mutans;s__Streptococcus_oralis;s__Streptococcus_salivarius;s__Streptococcus_sanguinis;s__Streptococcus_thermophilus;s__Veillonella_atypica;s__Veillonella_dispar;s__Veillonella_rogosae;s__Vescimonas_coprocola;s__Victivallis_lenta;s__Youxingia_wuxianensis	1.9027156746695432e-07	0.000366593347997	True	disease_associated_ranked_topN	other_pairwise	True
top_500	CRA|IBS	2	500|238	1684	73	0.1097744360902255	0.3067226890756303	70.66508313539192	70.645	81.0	1.0333356925472432	0.3867860436704086	0.3915216956608678	s__Actinomyces_oris;s__Alistipes_finegoldii;s__Alistipes_ihumii;s__Alistipes_sp_AF17_16;s__Anaerobutyricum_hallii;s__Anaerobutyricum_soehngenii;s__Anaerostipes_hadrus;s__Anaerotignum_faecicola;s__Anaerotignum_sp_MSJ_24;s__Anaerotruncus_massiliensis;s__Anaerotruncus_rubiinfantis;s__Bacteroides_mediterraneensis;s__Bifidobacterium_animalis;s__Bilophila_wadsworthia;s__Blautia_caecimuris;s__Blautia_wexlerae;s__Butyricimonas_faecalis;s__Butyricimonas_virosa;s__Clostridiaceae_unclassified_SGB15090;s__Clostridium_perfringens;s__Clostridium_spiroforme;s__Colidextribacter_sp_210702_DFI_3_9;s__Coprobacter_fastidiosus;s__Desulfovibrio_piger;s__Eggerthella_lenta;s__Eisenbergiella_massiliensis;s__Enterocloster_asparagiformis;s__GGB2653_SGB3574;s__GGB2848_SGB3813;s__GGB2958_SGB3940;s__GGB2980_SGB3962;s__GGB2982_SGB3964;s__GGB3034_SGB4030;s__GGB3740_SGB5076;s__GGB3828_SGB5197;s__GGB45432_SGB63101;s__GGB4745_SGB6571;s__GGB52106_SGB72838;s__GGB87445_SGB15180;s__GGB9302_SGB14263;s__GGB9342_SGB14306;s__GGB9347_SGB14313;s__GGB9491_SGB14888;s__GGB9512_SGB14909;s__GGB9534_SGB14937;s__GGB9545_SGB14951;s__GGB9608_SGB15041;s__GGB9636_SGB15107;s__GGB9708_SGB15234;s__GGB9712_SGB15244;s__GGB9719_SGB15272;s__GGB9782_SGB15403;s__GGB9818_SGB15459;s__Hydrogenoanaerobacterium_saccharovorans;s__Jingyaoa_shaoxingensis;s__Lactobacillus_gasseri;s__Oscillibacter_valericigenes;s__Oxalobacter_formigenes;s__Paraprevotella_clara;s__Phocaeicola_massiliensis;s__Phocea_massiliensis;s__Provencibacterium_massiliense;s__Ruthenibacterium_lactatiformans;s__Segatella_copri;s__Streptococcus_australis;s__Streptococcus_constellatus;s__Streptococcus_lutetiensis;s__Streptococcus_mutans;s__Streptococcus_salivarius;s__Streptococcus_thermophilus;s__Veillonella_rogosae;s__Youxingia_wuxianensis;s__Zhenpiania_hominis	0.3867860436704086	0.3915216956608678	False	disease_associated_ranked_topN	other_ibs_overlap	False
top_500	CRC|IBD	2	500|500	1843	181	0.221001221001221	0.362	135.6483993488877	135.5848	150.0	1.334957900885645	1.0135526896890477e-07	0.0001999600079984	s__Acidaminococcus_intestini;s__Actinobaculum_sp_oral_taxon_183;s__Actinomyces_SGB17132;s__Actinomyces_sp_ph3;s__Adlercreutzia_equolifaciens;s__Agathobaculum_butyriciproducens;s__Aggregatibacter_segnis;s__Akkermansia_muciniphila;s__Alistipes_finegoldii;s__Alistipes_ihumii;s__Amedibacterium_intestinale;s__Anaerococcus_obesiensis;s__Anaerotruncus_rubiinfantis;s__Bacteroides_fragilis;s__Bacteroides_intestinalis;s__Bacteroides_ovatus;s__Bacteroides_salyersiae;s__Bacteroides_thetaiotaomicron;s__Bifidobacterium_animalis;s__Brotolimicola_acetigignens;s__Butyricimonas_faecihominis;s__Butyricimonas_virosa;s__Candidatus_Cibionibacter_quicibialis;s__Candidatus_Nanosynsacchari_sp_TM7_ANC_38_39_G1_1;s__Christensenella_minuta;s__Christensenella_sp_Marseille_P3954;s__Cloacibacillus_porcorum;s__Clostridiaceae_bacterium;s__Clostridiaceae_bacterium_Marseille_Q4145;s__Clostridiaceae_bacterium_Marseille_Q4149;s__Clostridiales_bacterium_KLE1615;s__Clostridium_methylpentosum;s__Clostridium_saccharogumia;s__Clostridium_scindens;s__Clostridium_sp_AF27_2AA;s__Clostridium_sp_AF32_12BH;s__Clostridium_sp_AF36_4;s__Clostridium_sp_AM33_3;s__Clostridium_sp_AM49_4BH;s__Clostridium_sp_D5;s__Clostridium_sp_Marseille_P3244;s__Clostridium_symbiosum;s__Collinsella_intestinalis;s__Coprococcus_eutactus;s__Dialister_pneumosintes;s__Dielma_fastidiosa;s__Eggerthella_sinensis;s__Eisenbergiella_massiliensis;s__Eisenbergiella_sp_OF01_20;s__Emergencia_timonensis;s__Enterocloster_aldenensis;s__Enterocloster_bolteae;s__Enterocloster_citroniae;s__Enterocloster_clostridioformis;s__Enterocloster_lavalensis;s__Escherichia_coli;s__Eubacteriales_Family_XIII_Incertae_Sedis_unclassified_SGB3978;s__Eubacterium_rectale;s__Eubacterium_sp_AF34_35BH;s__Eubacterium_ventriosum;s__Faecalibacterium_SGB15346;s__Faecalibacterium_sp_HTFF;s__Faecalicatena_contorta;s__Faecalicatena_fissicatena;s__Flavonifractor_plautii;s__Fusicatenibacter_sp_CLA_AA_H277;s__Fusobacterium_mortiferum;s__Fusobacterium_nucleatum;s__Fusobacterium_periodonticum;s__Fusobacterium_ulcerans;s__GGB13404_SGB14252;s__GGB1662_SGB2276;s__GGB2653_SGB3574;s__GGB2970_SGB3952;s__GGB2977_SGB3959;s__GGB2983_SGB3965;s__GGB2998_SGB3988;s__GGB3001_SGB3992;s__GGB3033_SGB4029;s__GGB3118_SGB4130;s__GGB3175_SGB4191;s__GGB3321_SGB4394;s__GGB3345_SGB4425;s__GGB3478_SGB4643;s__GGB3480_SGB4648;s__GGB3491_SGB4665;s__GGB3538_SGB4728;s__GGB3609_SGB4877;s__GGB3612_SGB4882;s__GGB3653_SGB4964;s__GGB3817_SGB5182;s__GGB38239_SGB47716;s__GGB4552_SGB6276;s__GGB4571_SGB6321;s__GGB4578_SGB6328;s__GGB4583_SGB6334;s__GGB4584_SGB6338;s__GGB4596_SGB6358;s__GGB4599_SGB6362;s__GGB4604_SGB6370;s__GGB4651_SGB6438;s__GGB4684_SGB6478;s__GGB51269_SGB5062;s__GGB51884_SGB49168;s__GGB6470_SGB9153;s__GGB6649_SGB9391;s__GGB9092_SGB14022;s__GGB9253_SGB14198;s__GGB9296_SGB14253;s__GGB9299_SGB14259;s__GGB9512_SGB14909;s__GGB9531_SGB14932;s__GGB9597_SGB15022;s__GGB9602_SGB15031;s__GGB9608_SGB15041;s__GGB9614_SGB15049;s__GGB9616_SGB15051;s__GGB9616_SGB15052;s__GGB9618_SGB15065;s__GGB9620_SGB15068;s__GGB9635_SGB15106;s__GGB9667_SGB15164;s__GGB9712_SGB15244;s__GGB9715_SGB15265;s__GGB9719_SGB53514;s__GGB9758_SGB15368;s__GGB9760_SGB15373;s__GGB9775_SGB15395;s__GGB9781_SGB66170;s__GGB9813_SGB15447;s__Gehongia_tenuis;s__Gemella_morbillorum;s__Gemella_sanguinis;s__Gemmiger_formicilis;s__Granulicatella_adiacens;s__Guopingia_tenuis;s__Haemophilus_haemolyticus;s__Haemophilus_parainfluenzae;s__Intestinimonas_timonensis;s__Jilunia_laotingensis;s__Jingyaoa_shaoxingensis;s__Jutongia_huaianensis;s__Klebsiella_oxytoca;s__Klebsiella_quasipneumoniae;s__Lachnospira_SGB5083;s__Lachnospira_sp_NSJ_43;s__Lachnospiraceae_bacterium_CLA_AA_H215;s__Lachnospiraceae_bacterium_CLA_AA_H244;s__Lacticaseibacillus_rhamnosus;s__Lancefieldella_parvula;s__Latilactobacillus_curvatus;s__Latilactobacillus_sakei;s__Mediterraneibacter_SGB48424;s__Megasphaera_micronuciformis;s__Mogibacterium_diversum;s__Mogibacterium_kristiansenii;s__Morganella_morganii;s__Negativibacillus_massiliensis;s__Odoribacter_splanchnicus;s__Oscillospiraceae_bacterium;s__Parvimonas_micra;s__Peptostreptococcus_SGB749;s__Peptostreptococcus_anaerobius;s__Peptostreptococcus_stomatis;s__Prevotella_buccae;s__Roseburia_faecis;s__Roseburia_sp_BX1005;s__Ruminococcus_gnavus;s__Scardovia_wiggsiae;s__Schaalia_SGB17168;s__Solobacterium_SGB6829;s__Streptococcus_anginosus;s__Streptococcus_constellatus;s__Streptococcus_cristatus;s__Streptococcus_infantis;s__Streptococcus_mitis;s__Streptococcus_oralis;s__Streptococcus_thermophilus;s__Tyzzerella_nexilis;s__Veillonella_dispar;s__Veillonella_parvula	2.0271053793780958e-07	0.000366593347997	True	disease_associated_ranked_topN	core_crc_ibd_pair	True
top_500	CRC|IBS	2	500|238	1720	73	0.1097744360902255	0.3067226890756303	69.18604651162791	69.1108	80.0	1.056274851398045	0.3031797338793006	0.3031393721255749	s__Alistipes_finegoldii;s__Alistipes_ihumii;s__Anaerofilum_hominis;s__Anaerostipes_hadrus;s__Anaerotignum_faecicola;s__Anaerotruncus_massiliensis;s__Anaerotruncus_rubiinfantis;s__Bacteroides_fragilis;s__Bacteroides_mediterraneensis;s__Bacteroides_ovatus;s__Bacteroides_thetaiotaomicron;s__Bifidobacterium_animalis;s__Bifidobacterium_catenulatum;s__Blautia_hydrogenotrophica;s__Blautia_wexlerae;s__Butyricimonas_virosa;s__Clostridiaceae_bacterium_Marseille_Q4145;s__Clostridiaceae_bacterium_Marseille_Q4149;s__Clostridium_scindens;s__Clostridium_sp_AF32_12BH;s__Clostridium_symbiosum;s__Colidextribacter_sp_210702_DFI_3_9;s__Coprococcus_comes;s__Eisenbergiella_massiliensis;s__Eubacterium_rectale;s__Eubacterium_sp_AF34_35BH;s__Faecalibacterium_SGB15346;s__Faecalibacterium_prausnitzii;s__Feifania_hominis;s__Flavonifractor_plautii;s__GGB13404_SGB14252;s__GGB2653_SGB3574;s__GGB2970_SGB3952;s__GGB3034_SGB4030;s__GGB3277_SGB4327;s__GGB34900_SGB14891;s__GGB3537_SGB4727;s__GGB3653_SGB4964;s__GGB3740_SGB5076;s__GGB3828_SGB5197;s__GGB45432_SGB63101;s__GGB4552_SGB6276;s__GGB6649_SGB9391;s__GGB87445_SGB15180;s__GGB9253_SGB14198;s__GGB9512_SGB14909;s__GGB9608_SGB15041;s__GGB9614_SGB15049;s__GGB9712_SGB15244;s__GGB9715_SGB15265;s__GGB9770_SGB15390;s__GGB9781_SGB15402;s__GGB9781_SGB66170;s__GGB9782_SGB15403;s__Gordonibacter_urolithinfaciens;s__Haemophilus_parainfluenzae;s__Jingyaoa_shaoxingensis;s__Lachnospira_pectinoschiza;s__Lachnospiraceae_bacterium_CLA_AA_H215;s__Methanobrevibacter_smithii;s__Odoribacter_splanchnicus;s__Phocea_massiliensis;s__Porphyromonas_asaccharolytica;s__Provencibacterium_massiliense;s__Ruminococcus_champanellensis;s__Ruminococcus_torques;s__Ruthenibacterium_lactatiformans;s__Streptococcus_constellatus;s__Streptococcus_lutetiensis;s__Streptococcus_thermophilus;s__Veillonella_parvula;s__Yanshouia_hominis;s__Zhenpiania_hominis	0.3638156806551607	0.3334533093381324	False	disease_associated_ranked_topN	ibs_pairwise_claim	False
top_500	IBD|IBS	2	500|238	1443	100	0.1567398119122257	0.4201680672268907	82.46708246708246	82.4618	93.0	1.212682720968982	0.0059425529876826	0.0051989602079584	s__Actinomyces_oris;s__Alistipes_communis;s__Alistipes_finegoldii;s__Alistipes_ihumii;s__Alistipes_sp_AF17_16;s__Anaerobutyricum_hallii;s__Anaerotignum_sp_MSJ_24;s__Anaerotruncus_rubiinfantis;s__Bacteroides_congonensis;s__Bacteroides_fragilis;s__Bacteroides_ovatus;s__Bacteroides_thetaiotaomicron;s__Bifidobacterium_animalis;s__Blautia_caecimuris;s__Blautia_massiliensis;s__Butyricimonas_faecalis;s__Butyricimonas_virosa;s__Clostridiaceae_bacterium_Marseille_Q4145;s__Clostridiaceae_bacterium_Marseille_Q4149;s__Clostridiaceae_unclassified_SGB15090;s__Clostridium_perfringens;s__Clostridium_scindens;s__Clostridium_sp_AF32_12BH;s__Clostridium_symbiosum;s__Desulfovibrio_piger;s__Dorea_phocaeensis;s__Dysosmobacter_SGB15077;s__Eggerthella_lenta;s__Eisenbergiella_massiliensis;s__Enterocloster_asparagiformis;s__Eubacterium_rectale;s__Eubacterium_sp_AF34_35BH;s__Evtepia_gabavorous;s__Faecalibacterium_SGB15346;s__Flavonifractor_plautii;s__GGB13404_SGB14252;s__GGB2653_SGB3574;s__GGB2848_SGB3813;s__GGB2970_SGB3952;s__GGB2982_SGB3964;s__GGB2998_SGB3989;s__GGB3061_SGB4063;s__GGB3142_SGB4155;s__GGB33586_SGB53517;s__GGB3653_SGB4964;s__GGB4552_SGB6276;s__GGB4745_SGB6571;s__GGB51647_SGB4348;s__GGB51959_SGB72479;s__GGB58158_SGB79798;s__GGB6649_SGB9391;s__GGB9062_SGB13981;s__GGB9253_SGB14198;s__GGB9347_SGB14313;s__GGB9365_SGB14341;s__GGB9512_SGB14909;s__GGB9534_SGB14937;s__GGB9537_SGB14940;s__GGB9545_SGB14951;s__GGB9559_SGB14969;s__GGB9608_SGB15041;s__GGB9614_SGB15049;s__GGB9620_SGB15070;s__GGB9627_SGB15081;s__GGB9640_SGB15115;s__GGB9708_SGB15234;s__GGB9712_SGB15244;s__GGB9715_SGB15265;s__GGB9715_SGB15267;s__GGB9759_SGB15370;s__GGB9760_SGB15374;s__GGB9765_SGB15382;s__GGB9766_SGB15383;s__GGB9767_SGB15385;s__GGB9781_SGB66170;s__GGB9818_SGB15459;s__Haemophilus_parainfluenzae;s__Jingyaoa_shaoxingensis;s__Lachnospiraceae_bacterium_CLA_AA_H215;s__Lachnospiraceae_bacterium_OM04_12BH;s__Lactobacillus_delbrueckii;s__Lactobacillus_gasseri;s__Lawsonibacter_SGB15145;s__Monoglobus_pectinilyticus;s__Odoribacter_splanchnicus;s__Oscillibacter_valericigenes;s__Oscillospiraceae_bacterium_CLA_AA_H250;s__Oxalobacter_formigenes;s__Phocaeicola_coprocola;s__Ruminococcus_lactaris;s__Streptococcus_australis;s__Streptococcus_constellatus;s__Streptococcus_gordonii;s__Streptococcus_mutans;s__Streptococcus_parasanguinis;s__Streptococcus_salivarius;s__Streptococcus_thermophilus;s__Veillonella_parvula;s__Veillonella_rogosae;s__Youxingia_wuxianensis	0.0089138294815239	0.0063542846986158	True	disease_associated_ranked_topN	ibs_pairwise_claim	True
top_500	CRA|CRC|IBD	3	500|500|500	1935	71	0.0699507389162561	0.142		33.3218	42.0	2.1307372350833385		0.0001999600079984	s__Alistipes_finegoldii;s__Alistipes_ihumii;s__Amedibacterium_intestinale;s__Anaerotruncus_rubiinfantis;s__Bacteroides_salyersiae;s__Bifidobacterium_animalis;s__Butyricimonas_virosa;s__Candidatus_Nanosynsacchari_sp_TM7_ANC_38_39_G1_1;s__Christensenella_minuta;s__Cloacibacillus_porcorum;s__Clostridiaceae_bacterium;s__Clostridiales_bacterium_KLE1615;s__Clostridium_saccharogumia;s__Clostridium_sp_AF36_4;s__Clostridium_sp_AM33_3;s__Clostridium_sp_D5;s__Dialister_pneumosintes;s__Eisenbergiella_massiliensis;s__Escherichia_coli;s__Eubacterium_ventriosum;s__Fusicatenibacter_sp_CLA_AA_H277;s__Fusobacterium_nucleatum;s__Fusobacterium_ulcerans;s__GGB2653_SGB3574;s__GGB2977_SGB3959;s__GGB2998_SGB3988;s__GGB3001_SGB3992;s__GGB3033_SGB4029;s__GGB3175_SGB4191;s__GGB3538_SGB4728;s__GGB3817_SGB5182;s__GGB4578_SGB6328;s__GGB4583_SGB6334;s__GGB4584_SGB6338;s__GGB4599_SGB6362;s__GGB4651_SGB6438;s__GGB9296_SGB14253;s__GGB9299_SGB14259;s__GGB9512_SGB14909;s__GGB9597_SGB15022;s__GGB9608_SGB15041;s__GGB9616_SGB15051;s__GGB9618_SGB15065;s__GGB9620_SGB15068;s__GGB9667_SGB15164;s__GGB9712_SGB15244;s__GGB9758_SGB15368;s__GGB9775_SGB15395;s__GGB9813_SGB15447;s__Gemella_morbillorum;s__Gemella_sanguinis;s__Granulicatella_adiacens;s__Haemophilus_haemolyticus;s__Intestinimonas_timonensis;s__Jilunia_laotingensis;s__Jingyaoa_shaoxingensis;s__Klebsiella_quasipneumoniae;s__Lachnospira_SGB5083;s__Lachnospira_sp_NSJ_43;s__Mediterraneibacter_SGB48424;s__Megasphaera_micronuciformis;s__Peptostreptococcus_stomatis;s__Scardovia_wiggsiae;s__Solobacterium_SGB6829;s__Streptococcus_anginosus;s__Streptococcus_constellatus;s__Streptococcus_cristatus;s__Streptococcus_infantis;s__Streptococcus_oralis;s__Streptococcus_thermophilus;s__Veillonella_dispar		0.000366593347997	True	disease_associated_ranked_topN	multi_disease_overlap	True
top_500	CRA|CRC|IBS	3	500|500|238	1871	30	0.0321888412017167	0.1260504201680672		17.083	24.0	1.7561318269624775		0.001999600079984	s__Alistipes_finegoldii;s__Alistipes_ihumii;s__Anaerostipes_hadrus;s__Anaerotignum_faecicola;s__Anaerotruncus_massiliensis;s__Anaerotruncus_rubiinfantis;s__Bacteroides_mediterraneensis;s__Bifidobacterium_animalis;s__Blautia_wexlerae;s__Butyricimonas_virosa;s__Colidextribacter_sp_210702_DFI_3_9;s__Eisenbergiella_massiliensis;s__GGB2653_SGB3574;s__GGB3034_SGB4030;s__GGB3740_SGB5076;s__GGB3828_SGB5197;s__GGB45432_SGB63101;s__GGB87445_SGB15180;s__GGB9512_SGB14909;s__GGB9608_SGB15041;s__GGB9712_SGB15244;s__GGB9782_SGB15403;s__Jingyaoa_shaoxingensis;s__Phocea_massiliensis;s__Provencibacterium_massiliense;s__Ruthenibacterium_lactatiformans;s__Streptococcus_constellatus;s__Streptococcus_lutetiensis;s__Streptococcus_thermophilus;s__Zhenpiania_hominis		0.002749450109978	True	disease_associated_ranked_topN	other_ibs_overlap	True
top_500	CRA|IBD|IBS	3	500|500|238	1857	40	0.0434782608695652	0.1680672268907563		17.2782	24.0	2.3150559664779897		0.0001999600079984	s__Actinomyces_oris;s__Alistipes_finegoldii;s__Alistipes_ihumii;s__Alistipes_sp_AF17_16;s__Anaerobutyricum_hallii;s__Anaerotignum_sp_MSJ_24;s__Anaerotruncus_rubiinfantis;s__Bifidobacterium_animalis;s__Blautia_caecimuris;s__Butyricimonas_faecalis;s__Butyricimonas_virosa;s__Clostridiaceae_unclassified_SGB15090;s__Clostridium_perfringens;s__Desulfovibrio_piger;s__Eggerthella_lenta;s__Eisenbergiella_massiliensis;s__Enterocloster_asparagiformis;s__GGB2653_SGB3574;s__GGB2848_SGB3813;s__GGB2982_SGB3964;s__GGB4745_SGB6571;s__GGB9347_SGB14313;s__GGB9512_SGB14909;s__GGB9534_SGB14937;s__GGB9545_SGB14951;s__GGB9608_SGB15041;s__GGB9708_SGB15234;s__GGB9712_SGB15244;s__GGB9818_SGB15459;s__Jingyaoa_shaoxingensis;s__Lactobacillus_gasseri;s__Oscillibacter_valericigenes;s__Oxalobacter_formigenes;s__Streptococcus_australis;s__Streptococcus_constellatus;s__Streptococcus_mutans;s__Streptococcus_salivarius;s__Streptococcus_thermophilus;s__Veillonella_rogosae;s__Youxingia_wuxianensis		0.000366593347997	True	disease_associated_ranked_topN	other_ibs_overlap	True
top_500	CRC|IBD|IBS	3	500|500|238	1900	38	0.0412147505422993	0.1596638655462184		16.411	23.0	2.315520077996465		0.0001999600079984	s__Alistipes_finegoldii;s__Alistipes_ihumii;s__Anaerotruncus_rubiinfantis;s__Bacteroides_fragilis;s__Bacteroides_ovatus;s__Bacteroides_thetaiotaomicron;s__Bifidobacterium_animalis;s__Butyricimonas_virosa;s__Clostridiaceae_bacterium_Marseille_Q4145;s__Clostridiaceae_bacterium_Marseille_Q4149;s__Clostridium_scindens;s__Clostridium_sp_AF32_12BH;s__Clostridium_symbiosum;s__Eisenbergiella_massiliensis;s__Eubacterium_rectale;s__Eubacterium_sp_AF34_35BH;s__Faecalibacterium_SGB15346;s__Flavonifractor_plautii;s__GGB13404_SGB14252;s__GGB2653_SGB3574;s__GGB2970_SGB3952;s__GGB3653_SGB4964;s__GGB4552_SGB6276;s__GGB6649_SGB9391;s__GGB9253_SGB14198;s__GGB9512_SGB14909;s__GGB9608_SGB15041;s__GGB9614_SGB15049;s__GGB9712_SGB15244;s__GGB9715_SGB15265;s__GGB9781_SGB66170;s__Haemophilus_parainfluenzae;s__Jingyaoa_shaoxingensis;s__Lachnospiraceae_bacterium_CLA_AA_H215;s__Odoribacter_splanchnicus;s__Streptococcus_constellatus;s__Streptococcus_thermophilus;s__Veillonella_parvula		0.000366593347997	True	disease_associated_ranked_topN	other_ibs_overlap	True
top_500	CRA|CRC|IBD|IBS	4	500|500|500|238	1988	13	0.0117967332123411	0.0546218487394958		3.7658	7.0	3.4521217271230547		0.0005998800239952	s__Alistipes_finegoldii;s__Alistipes_ihumii;s__Anaerotruncus_rubiinfantis;s__Bifidobacterium_animalis;s__Butyricimonas_virosa;s__Eisenbergiella_massiliensis;s__GGB2653_SGB3574;s__GGB9512_SGB14909;s__GGB9608_SGB15041;s__GGB9712_SGB15244;s__Jingyaoa_shaoxingensis;s__Streptococcus_constellatus;s__Streptococcus_thermophilus		0.0009426686091353	True	disease_associated_ranked_topN	other_ibs_overlap	True
